/Users/ishaanratanshi/miniconda3/envs/puddle-world/lib/python3.10/site-packages/pygame/pkgdata.py:25: UserWarning: pkg_resources is deprecated as an API. See https://setuptools.pypa.io/en/latest/pkg_resources.html. The pkg_resources package is slated for removal as early as 2025-11-30. Refrain from using this package or pin to Setuptools<81.
  from pkg_resources import resource_stream, resource_exists
Using cpu device
----------------------------------
| rollout/           |           |
|    ep_len_mean     | 440       |
|    ep_rew_mean     | -1.13e+04 |
| time/              |           |
|    fps             | 4133      |
|    iterations      | 1         |
|    time_elapsed    | 1         |
|    total_timesteps | 8192      |
----------------------------------
-----------------------------------------
| rollout/                |             |
|    ep_len_mean          | 453         |
|    ep_rew_mean          | -1.03e+04   |
| time/                   |             |
|    fps                  | 4050        |
|    iterations           | 2           |
|    time_elapsed         | 4           |
|    total_timesteps      | 16384       |
| train/                  |             |
|    approx_kl            | 0.010249218 |
|    clip_fraction        | 0.096       |
|    clip_range           | 0.2         |
|    entropy_loss         | -1.38       |
|    explained_variance   | 0.0363      |
|    learning_rate        | 0.0003      |
|    loss                 | 0.17        |
|    n_updates            | 10          |
|    policy_gradient_loss | -0.00319    |
|    value_loss           | 2.88        |
-----------------------------------------
-----------------------------------------
| rollout/                |             |
|    ep_len_mean          | 466         |
|    ep_rew_mean          | -7.99e+03   |
| time/                   |             |
|    fps                  | 4034        |
|    iterations           | 3           |
|    time_elapsed         | 6           |
|    total_timesteps      | 24576       |
| train/                  |             |
|    approx_kl            | 0.010762153 |
|    clip_fraction        | 0.166       |
|    clip_range           | 0.2         |
|    entropy_loss         | -1.35       |
|    explained_variance   | 0.824       |
|    learning_rate        | 0.0003      |
|    loss                 | -0.00951    |
|    n_updates            | 20          |
|    policy_gradient_loss | -0.0095     |
|    value_loss           | 0.0336      |
-----------------------------------------
------------------------------------------
| rollout/                |              |
|    ep_len_mean          | 465          |
|    ep_rew_mean          | -6.54e+03    |
| time/                   |              |
|    fps                  | 4038         |
|    iterations           | 4            |
|    time_elapsed         | 8            |
|    total_timesteps      | 32768        |
| train/                  |              |
|    approx_kl            | 0.0139794005 |
|    clip_fraction        | 0.24         |
|    clip_range           | 0.2          |
|    entropy_loss         | -1.3         |
|    explained_variance   | 0.914        |
|    learning_rate        | 0.0003       |
|    loss                 | -0.0141      |
|    n_updates            | 30           |
|    policy_gradient_loss | -0.0131      |
|    value_loss           | 0.0165       |
------------------------------------------
-----------------------------------------
| rollout/                |             |
|    ep_len_mean          | 464         |
|    ep_rew_mean          | -5.36e+03   |
| time/                   |             |
|    fps                  | 4018        |
|    iterations           | 5           |
|    time_elapsed         | 10          |
|    total_timesteps      | 40960       |
| train/                  |             |
|    approx_kl            | 0.025174897 |
|    clip_fraction        | 0.177       |
|    clip_range           | 0.2         |
|    entropy_loss         | -1.23       |
|    explained_variance   | 0.948       |
|    learning_rate        | 0.0003      |
|    loss                 | -0.0223     |
|    n_updates            | 40          |
|    policy_gradient_loss | -0.01       |
|    value_loss           | 0.00425     |
-----------------------------------------
-----------------------------------------
| rollout/                |             |
|    ep_len_mean          | 470         |
|    ep_rew_mean          | -4.61e+03   |
| time/                   |             |
|    fps                  | 4046        |
|    iterations           | 6           |
|    time_elapsed         | 12          |
|    total_timesteps      | 49152       |
| train/                  |             |
|    approx_kl            | 0.019186277 |
|    clip_fraction        | 0.176       |
|    clip_range           | 0.2         |
|    entropy_loss         | -1.16       |
|    explained_variance   | 0.905       |
|    learning_rate        | 0.0003      |
|    loss                 | -0.0345     |
|    n_updates            | 50          |
|    policy_gradient_loss | -0.0126     |
|    value_loss           | 0.00486     |
-----------------------------------------
-----------------------------------------
| rollout/                |             |
|    ep_len_mean          | 480         |
|    ep_rew_mean          | -3.21e+03   |
| time/                   |             |
|    fps                  | 4059        |
|    iterations           | 7           |
|    time_elapsed         | 14          |
|    total_timesteps      | 57344       |
| train/                  |             |
|    approx_kl            | 0.016425263 |
|    clip_fraction        | 0.0797      |
|    clip_range           | 0.2         |
|    entropy_loss         | -1.12       |
|    explained_variance   | 0.953       |
|    learning_rate        | 0.0003      |
|    loss                 | -0.0115     |
|    n_updates            | 60          |
|    policy_gradient_loss | -0.00249    |
|    value_loss           | 0.000677    |
-----------------------------------------
----------------------------------------
| rollout/                |            |
|    ep_len_mean          | 486        |
|    ep_rew_mean          | -1.41e+03  |
| time/                   |            |
|    fps                  | 4057       |
|    iterations           | 8          |
|    time_elapsed         | 16         |
|    total_timesteps      | 65536      |
| train/                  |            |
|    approx_kl            | 0.02994351 |
|    clip_fraction        | 0.193      |
|    clip_range           | 0.2        |
|    entropy_loss         | -1.07      |
|    explained_variance   | 0.947      |
|    learning_rate        | 0.0003     |
|    loss                 | -0.0297    |
|    n_updates            | 70         |
|    policy_gradient_loss | -0.00887   |
|    value_loss           | 0.000382   |
----------------------------------------
------------------------------------------
| rollout/                |              |
|    ep_len_mean          | 486          |
|    ep_rew_mean          | -984         |
| time/                   |              |
|    fps                  | 4068         |
|    iterations           | 9            |
|    time_elapsed         | 18           |
|    total_timesteps      | 73728        |
| train/                  |              |
|    approx_kl            | 0.0071638157 |
|    clip_fraction        | 0.051        |
|    clip_range           | 0.2          |
|    entropy_loss         | -1.01        |
|    explained_variance   | 0.958        |
|    learning_rate        | 0.0003       |
|    loss                 | -0.0173      |
|    n_updates            | 80           |
|    policy_gradient_loss | -0.00323     |
|    value_loss           | 0.000232     |
------------------------------------------
-----------------------------------------
| rollout/                |             |
|    ep_len_mean          | 493         |
|    ep_rew_mean          | -628        |
| time/                   |             |
|    fps                  | 4072        |
|    iterations           | 10          |
|    time_elapsed         | 20          |
|    total_timesteps      | 81920       |
| train/                  |             |
|    approx_kl            | 0.019403838 |
|    clip_fraction        | 0.153       |
|    clip_range           | 0.2         |
|    entropy_loss         | -0.971      |
|    explained_variance   | 0.96        |
|    learning_rate        | 0.0003      |
|    loss                 | -0.00612    |
|    n_updates            | 90          |
|    policy_gradient_loss | -0.00593    |
|    value_loss           | 0.00015     |
-----------------------------------------
-----------------------------------------
| rollout/                |             |
|    ep_len_mean          | 496         |
|    ep_rew_mean          | -566        |
| time/                   |             |
|    fps                  | 4067        |
|    iterations           | 11          |
|    time_elapsed         | 22          |
|    total_timesteps      | 90112       |
| train/                  |             |
|    approx_kl            | 0.021928709 |
|    clip_fraction        | 0.148       |
|    clip_range           | 0.2         |
|    entropy_loss         | -0.954      |
|    explained_variance   | 0.953       |
|    learning_rate        | 0.0003      |
|    loss                 | -0.0215     |
|    n_updates            | 100         |
|    policy_gradient_loss | -0.00503    |
|    value_loss           | 0.000145    |
-----------------------------------------
-----------------------------------------
| rollout/                |             |
|    ep_len_mean          | 496         |
|    ep_rew_mean          | -529        |
| time/                   |             |
|    fps                  | 4072        |
|    iterations           | 12          |
|    time_elapsed         | 24          |
|    total_timesteps      | 98304       |
| train/                  |             |
|    approx_kl            | 0.009388914 |
|    clip_fraction        | 0.07        |
|    clip_range           | 0.2         |
|    entropy_loss         | -0.974      |
|    explained_variance   | 0.906       |
|    learning_rate        | 0.0003      |
|    loss                 | -0.0217     |
|    n_updates            | 110         |
|    policy_gradient_loss | -0.00623    |
|    value_loss           | 0.000456    |
-----------------------------------------
-----------------------------------------
| rollout/                |             |
|    ep_len_mean          | 479         |
|    ep_rew_mean          | -561        |
| time/                   |             |
|    fps                  | 4039        |
|    iterations           | 13          |
|    time_elapsed         | 26          |
|    total_timesteps      | 106496      |
| train/                  |             |
|    approx_kl            | 0.014506661 |
|    clip_fraction        | 0.106       |
|    clip_range           | 0.2         |
|    entropy_loss         | -0.961      |
|    explained_variance   | 0.96        |
|    learning_rate        | 0.0003      |
|    loss                 | -0.0245     |
|    n_updates            | 120         |
|    policy_gradient_loss | -0.00546    |
|    value_loss           | 6.1e-05     |
-----------------------------------------
-----------------------------------------
| rollout/                |             |
|    ep_len_mean          | 475         |
|    ep_rew_mean          | -581        |
| time/                   |             |
|    fps                  | 4033        |
|    iterations           | 14          |
|    time_elapsed         | 28          |
|    total_timesteps      | 114688      |
| train/                  |             |
|    approx_kl            | 0.026939172 |
|    clip_fraction        | 0.11        |
|    clip_range           | 0.2         |
|    entropy_loss         | -0.933      |
|    explained_variance   | 0.194       |
|    learning_rate        | 0.0003      |
|    loss                 | -0.0106     |
|    n_updates            | 130         |
|    policy_gradient_loss | -0.0104     |
|    value_loss           | 0.0133      |
-----------------------------------------
-----------------------------------------
| rollout/                |             |
|    ep_len_mean          | 475         |
|    ep_rew_mean          | -579        |
| time/                   |             |
|    fps                  | 4010        |
|    iterations           | 15          |
|    time_elapsed         | 30          |
|    total_timesteps      | 122880      |
| train/                  |             |
|    approx_kl            | 0.012255246 |
|    clip_fraction        | 0.0995      |
|    clip_range           | 0.2         |
|    entropy_loss         | -0.948      |
|    explained_variance   | 0.812       |
|    learning_rate        | 0.0003      |
|    loss                 | -0.0093     |
|    n_updates            | 140         |
|    policy_gradient_loss | -0.00463    |
|    value_loss           | 0.00314     |
-----------------------------------------
-----------------------------------------
| rollout/                |             |
|    ep_len_mean          | 475         |
|    ep_rew_mean          | -579        |
| time/                   |             |
|    fps                  | 4017        |
|    iterations           | 16          |
|    time_elapsed         | 32          |
|    total_timesteps      | 131072      |
| train/                  |             |
|    approx_kl            | 0.021384895 |
|    clip_fraction        | 0.175       |
|    clip_range           | 0.2         |
|    entropy_loss         | -0.92       |
|    explained_variance   | 0.946       |
|    learning_rate        | 0.0003      |
|    loss                 | -0.0168     |
|    n_updates            | 150         |
|    policy_gradient_loss | -0.00703    |
|    value_loss           | 0.000234    |
-----------------------------------------
-----------------------------------------
| rollout/                |             |
|    ep_len_mean          | 479         |
|    ep_rew_mean          | -568        |
| time/                   |             |
|    fps                  | 4021        |
|    iterations           | 17          |
|    time_elapsed         | 34          |
|    total_timesteps      | 139264      |
| train/                  |             |
|    approx_kl            | 0.019482654 |
|    clip_fraction        | 0.0788      |
|    clip_range           | 0.2         |
|    entropy_loss         | -0.946      |
|    explained_variance   | 0.953       |
|    learning_rate        | 0.0003      |
|    loss                 | -0.0132     |
|    n_updates            | 160         |
|    policy_gradient_loss | -0.00678    |
|    value_loss           | 8.67e-05    |
-----------------------------------------
-----------------------------------------
| rollout/                |             |
|    ep_len_mean          | 479         |
|    ep_rew_mean          | -581        |
| time/                   |             |
|    fps                  | 4028        |
|    iterations           | 18          |
|    time_elapsed         | 36          |
|    total_timesteps      | 147456      |
| train/                  |             |
|    approx_kl            | 0.015841931 |
|    clip_fraction        | 0.123       |
|    clip_range           | 0.2         |
|    entropy_loss         | -0.89       |
|    explained_variance   | 0.797       |
|    learning_rate        | 0.0003      |
|    loss                 | -0.0145     |
|    n_updates            | 170         |
|    policy_gradient_loss | -0.00677    |
|    value_loss           | 0.000603    |
-----------------------------------------
-----------------------------------------
| rollout/                |             |
|    ep_len_mean          | 493         |
|    ep_rew_mean          | -571        |
| time/                   |             |
|    fps                  | 4034        |
|    iterations           | 19          |
|    time_elapsed         | 38          |
|    total_timesteps      | 155648      |
| train/                  |             |
|    approx_kl            | 0.006518486 |
|    clip_fraction        | 0.0859      |
|    clip_range           | 0.2         |
|    entropy_loss         | -0.857      |
|    explained_variance   | 0.4         |
|    learning_rate        | 0.0003      |
|    loss                 | -0.0159     |
|    n_updates            | 180         |
|    policy_gradient_loss | -0.0041     |
|    value_loss           | 0.00244     |
-----------------------------------------
-----------------------------------------
| rollout/                |             |
|    ep_len_mean          | 500         |
|    ep_rew_mean          | -541        |
| time/                   |             |
|    fps                  | 4041        |
|    iterations           | 20          |
|    time_elapsed         | 40          |
|    total_timesteps      | 163840      |
| train/                  |             |
|    approx_kl            | 0.014942778 |
|    clip_fraction        | 0.118       |
|    clip_range           | 0.2         |
|    entropy_loss         | -0.802      |
|    explained_variance   | 0.894       |
|    learning_rate        | 0.0003      |
|    loss                 | -0.0237     |
|    n_updates            | 190         |
|    policy_gradient_loss | -0.00867    |
|    value_loss           | 5.51e-05    |
-----------------------------------------
---------------------------------------
| rollout/                |           |
|    ep_len_mean          | 500       |
|    ep_rew_mean          | -540      |
| time/                   |           |
|    fps                  | 4044      |
|    iterations           | 21        |
|    time_elapsed         | 42        |
|    total_timesteps      | 172032    |
| train/                  |           |
|    approx_kl            | 0.0171452 |
|    clip_fraction        | 0.18      |
|    clip_range           | 0.2       |
|    entropy_loss         | -0.765    |
|    explained_variance   | 0.943     |
|    learning_rate        | 0.0003    |
|    loss                 | -0.016    |
|    n_updates            | 200       |
|    policy_gradient_loss | -0.00533  |
|    value_loss           | 1.76e-05  |
---------------------------------------
------------------------------------------
| rollout/                |              |
|    ep_len_mean          | 500          |
|    ep_rew_mean          | -540         |
| time/                   |              |
|    fps                  | 4046         |
|    iterations           | 22           |
|    time_elapsed         | 44           |
|    total_timesteps      | 180224       |
| train/                  |              |
|    approx_kl            | 0.0139950905 |
|    clip_fraction        | 0.082        |
|    clip_range           | 0.2          |
|    entropy_loss         | -0.815       |
|    explained_variance   | 0.946        |
|    learning_rate        | 0.0003       |
|    loss                 | -0.0165      |
|    n_updates            | 210          |
|    policy_gradient_loss | -0.00343     |
|    value_loss           | 1.47e-05     |
------------------------------------------
----------------------------------------
| rollout/                |            |
|    ep_len_mean          | 500        |
|    ep_rew_mean          | -539       |
| time/                   |            |
|    fps                  | 4061       |
|    iterations           | 23         |
|    time_elapsed         | 46         |
|    total_timesteps      | 188416     |
| train/                  |            |
|    approx_kl            | 0.03674259 |
|    clip_fraction        | 0.11       |
|    clip_range           | 0.2        |
|    entropy_loss         | -0.899     |
|    explained_variance   | 0.937      |
|    learning_rate        | 0.0003     |
|    loss                 | -0.0118    |
|    n_updates            | 220        |
|    policy_gradient_loss | -0.00298   |
|    value_loss           | 1.17e-05   |
----------------------------------------
-----------------------------------------
| rollout/                |             |
|    ep_len_mean          | 500         |
|    ep_rew_mean          | -537        |
| time/                   |             |
|    fps                  | 4065        |
|    iterations           | 24          |
|    time_elapsed         | 48          |
|    total_timesteps      | 196608      |
| train/                  |             |
|    approx_kl            | 0.008111762 |
|    clip_fraction        | 0.129       |
|    clip_range           | 0.2         |
|    entropy_loss         | -0.947      |
|    explained_variance   | 0.869       |
|    learning_rate        | 0.0003      |
|    loss                 | -0.0177     |
|    n_updates            | 230         |
|    policy_gradient_loss | -0.0094     |
|    value_loss           | 3.18e-05    |
-----------------------------------------
-----------------------------------------
| rollout/                |             |
|    ep_len_mean          | 474         |
|    ep_rew_mean          | -470        |
| time/                   |             |
|    fps                  | 4048        |
|    iterations           | 25          |
|    time_elapsed         | 50          |
|    total_timesteps      | 204800      |
| train/                  |             |
|    approx_kl            | 0.009549804 |
|    clip_fraction        | 0.129       |
|    clip_range           | 0.2         |
|    entropy_loss         | -0.797      |
|    explained_variance   | 0.884       |
|    learning_rate        | 0.0003      |
|    loss                 | -0.0233     |
|    n_updates            | 240         |
|    policy_gradient_loss | -0.0117     |
|    value_loss           | 7.17e-05    |
-----------------------------------------
-----------------------------------------
| rollout/                |             |
|    ep_len_mean          | 421         |
|    ep_rew_mean          | -416        |
| time/                   |             |
|    fps                  | 4016        |
|    iterations           | 26          |
|    time_elapsed         | 53          |
|    total_timesteps      | 212992      |
| train/                  |             |
|    approx_kl            | 0.023153316 |
|    clip_fraction        | 0.114       |
|    clip_range           | 0.2         |
|    entropy_loss         | -0.852      |
|    explained_variance   | 0.869       |
|    learning_rate        | 0.0003      |
|    loss                 | -0.00628    |
|    n_updates            | 250         |
|    policy_gradient_loss | -0.00762    |
|    value_loss           | 0.000179    |
-----------------------------------------
-----------------------------------------
| rollout/                |             |
|    ep_len_mean          | 375         |
|    ep_rew_mean          | -381        |
| time/                   |             |
|    fps                  | 3984        |
|    iterations           | 27          |
|    time_elapsed         | 55          |
|    total_timesteps      | 221184      |
| train/                  |             |
|    approx_kl            | 0.005531429 |
|    clip_fraction        | 0.0981      |
|    clip_range           | 0.2         |
|    entropy_loss         | -0.685      |
|    explained_variance   | 0.919       |
|    learning_rate        | 0.0003      |
|    loss                 | -0.0138     |
|    n_updates            | 260         |
|    policy_gradient_loss | -0.00762    |
|    value_loss           | 0.000366    |
-----------------------------------------
----------------------------------------
| rollout/                |            |
|    ep_len_mean          | 354        |
|    ep_rew_mean          | -362       |
| time/                   |            |
|    fps                  | 3967       |
|    iterations           | 28         |
|    time_elapsed         | 57         |
|    total_timesteps      | 229376     |
| train/                  |            |
|    approx_kl            | 0.00843614 |
|    clip_fraction        | 0.0621     |
|    clip_range           | 0.2        |
|    entropy_loss         | -0.736     |
|    explained_variance   | 0.61       |
|    learning_rate        | 0.0003     |
|    loss                 | -0.0034    |
|    n_updates            | 270        |
|    policy_gradient_loss | -0.00461   |
|    value_loss           | 0.000886   |
----------------------------------------
-----------------------------------------
| rollout/                |             |
|    ep_len_mean          | 338         |
|    ep_rew_mean          | -400        |
| time/                   |             |
|    fps                  | 3941        |
|    iterations           | 29          |
|    time_elapsed         | 60          |
|    total_timesteps      | 237568      |
| train/                  |             |
|    approx_kl            | 0.008150397 |
|    clip_fraction        | 0.0998      |
|    clip_range           | 0.2         |
|    entropy_loss         | -0.728      |
|    explained_variance   | 0.954       |
|    learning_rate        | 0.0003      |
|    loss                 | -0.00957    |
|    n_updates            | 280         |
|    policy_gradient_loss | -0.00355    |
|    value_loss           | 2.96e-05    |
-----------------------------------------
-----------------------------------------
| rollout/                |             |
|    ep_len_mean          | 348         |
|    ep_rew_mean          | -435        |
| time/                   |             |
|    fps                  | 3923        |
|    iterations           | 30          |
|    time_elapsed         | 62          |
|    total_timesteps      | 245760      |
| train/                  |             |
|    approx_kl            | 0.003971294 |
|    clip_fraction        | 0.0694      |
|    clip_range           | 0.2         |
|    entropy_loss         | -0.723      |
|    explained_variance   | 0.126       |
|    learning_rate        | 0.0003      |
|    loss                 | 0.00216     |
|    n_updates            | 290         |
|    policy_gradient_loss | -0.00131    |
|    value_loss           | 0.0133      |
-----------------------------------------
-----------------------------------------
| rollout/                |             |
|    ep_len_mean          | 355         |
|    ep_rew_mean          | -522        |
| time/                   |             |
|    fps                  | 3899        |
|    iterations           | 31          |
|    time_elapsed         | 65          |
|    total_timesteps      | 253952      |
| train/                  |             |
|    approx_kl            | 0.027155034 |
|    clip_fraction        | 0.09        |
|    clip_range           | 0.2         |
|    entropy_loss         | -0.875      |
|    explained_variance   | 0.506       |
|    learning_rate        | 0.0003      |
|    loss                 | -0.0142     |
|    n_updates            | 300         |
|    policy_gradient_loss | -0.00465    |
|    value_loss           | 0.00208     |
-----------------------------------------
-----------------------------------------
| rollout/                |             |
|    ep_len_mean          | 342         |
|    ep_rew_mean          | -532        |
| time/                   |             |
|    fps                  | 3887        |
|    iterations           | 32          |
|    time_elapsed         | 67          |
|    total_timesteps      | 262144      |
| train/                  |             |
|    approx_kl            | 0.009066431 |
|    clip_fraction        | 0.0698      |
|    clip_range           | 0.2         |
|    entropy_loss         | -0.809      |
|    explained_variance   | 0.000309    |
|    learning_rate        | 0.0003      |
|    loss                 | -0.0138     |
|    n_updates            | 310         |
|    policy_gradient_loss | -0.00467    |
|    value_loss           | 0.0233      |
-----------------------------------------
------------------------------------------
| rollout/                |              |
|    ep_len_mean          | 331          |
|    ep_rew_mean          | -479         |
| time/                   |              |
|    fps                  | 3863         |
|    iterations           | 33           |
|    time_elapsed         | 69           |
|    total_timesteps      | 270336       |
| train/                  |              |
|    approx_kl            | 0.0064526363 |
|    clip_fraction        | 0.0631       |
|    clip_range           | 0.2          |
|    entropy_loss         | -0.761       |
|    explained_variance   | 0.619        |
|    learning_rate        | 0.0003       |
|    loss                 | -0.015       |
|    n_updates            | 320          |
|    policy_gradient_loss | -0.00825     |
|    value_loss           | 0.00358      |
------------------------------------------
------------------------------------------
| rollout/                |              |
|    ep_len_mean          | 324          |
|    ep_rew_mean          | -453         |
| time/                   |              |
|    fps                  | 3847         |
|    iterations           | 34           |
|    time_elapsed         | 72           |
|    total_timesteps      | 278528       |
| train/                  |              |
|    approx_kl            | 0.0059304656 |
|    clip_fraction        | 0.0866       |
|    clip_range           | 0.2          |
|    entropy_loss         | -0.643       |
|    explained_variance   | 0.838        |
|    learning_rate        | 0.0003       |
|    loss                 | -0.0182      |
|    n_updates            | 330          |
|    policy_gradient_loss | -0.00524     |
|    value_loss           | 0.000535     |
------------------------------------------
-----------------------------------------
| rollout/                |             |
|    ep_len_mean          | 307         |
|    ep_rew_mean          | -377        |
| time/                   |             |
|    fps                  | 3827        |
|    iterations           | 35          |
|    time_elapsed         | 74          |
|    total_timesteps      | 286720      |
| train/                  |             |
|    approx_kl            | 0.010038376 |
|    clip_fraction        | 0.119       |
|    clip_range           | 0.2         |
|    entropy_loss         | -0.932      |
|    explained_variance   | 0.499       |
|    learning_rate        | 0.0003      |
|    loss                 | -0.0127     |
|    n_updates            | 340         |
|    policy_gradient_loss | -0.00598    |
|    value_loss           | 0.00923     |
-----------------------------------------
-----------------------------------------
| rollout/                |             |
|    ep_len_mean          | 304         |
|    ep_rew_mean          | -360        |
| time/                   |             |
|    fps                  | 3817        |
|    iterations           | 36          |
|    time_elapsed         | 77          |
|    total_timesteps      | 294912      |
| train/                  |             |
|    approx_kl            | 0.004841673 |
|    clip_fraction        | 0.0812      |
|    clip_range           | 0.2         |
|    entropy_loss         | -0.852      |
|    explained_variance   | 0.57        |
|    learning_rate        | 0.0003      |
|    loss                 | -0.00689    |
|    n_updates            | 350         |
|    policy_gradient_loss | -0.00346    |
|    value_loss           | 0.000865    |
-----------------------------------------
-----------------------------------------
| rollout/                |             |
|    ep_len_mean          | 299         |
|    ep_rew_mean          | -362        |
| time/                   |             |
|    fps                  | 3790        |
|    iterations           | 37          |
|    time_elapsed         | 79          |
|    total_timesteps      | 303104      |
| train/                  |             |
|    approx_kl            | 0.007686732 |
|    clip_fraction        | 0.0549      |
|    clip_range           | 0.2         |
|    entropy_loss         | -0.624      |
|    explained_variance   | 0.743       |
|    learning_rate        | 0.0003      |
|    loss                 | -0.013      |
|    n_updates            | 360         |
|    policy_gradient_loss | -0.00416    |
|    value_loss           | 0.000727    |
-----------------------------------------
-----------------------------------------
| rollout/                |             |
|    ep_len_mean          | 299         |
|    ep_rew_mean          | -336        |
| time/                   |             |
|    fps                  | 3768        |
|    iterations           | 38          |
|    time_elapsed         | 82          |
|    total_timesteps      | 311296      |
| train/                  |             |
|    approx_kl            | 0.016030114 |
|    clip_fraction        | 0.148       |
|    clip_range           | 0.2         |
|    entropy_loss         | -0.746      |
|    explained_variance   | 0.825       |
|    learning_rate        | 0.0003      |
|    loss                 | -0.00742    |
|    n_updates            | 370         |
|    policy_gradient_loss | -0.00533    |
|    value_loss           | 0.00218     |
-----------------------------------------
-----------------------------------------
| rollout/                |             |
|    ep_len_mean          | 299         |
|    ep_rew_mean          | -321        |
| time/                   |             |
|    fps                  | 3752        |
|    iterations           | 39          |
|    time_elapsed         | 85          |
|    total_timesteps      | 319488      |
| train/                  |             |
|    approx_kl            | 0.008353002 |
|    clip_fraction        | 0.0843      |
|    clip_range           | 0.2         |
|    entropy_loss         | -0.687      |
|    explained_variance   | 0.938       |
|    learning_rate        | 0.0003      |
|    loss                 | -0.0149     |
|    n_updates            | 380         |
|    policy_gradient_loss | -0.00445    |
|    value_loss           | 0.000175    |
-----------------------------------------
-----------------------------------------
| rollout/                |             |
|    ep_len_mean          | 305         |
|    ep_rew_mean          | -324        |
| time/                   |             |
|    fps                  | 3752        |
|    iterations           | 40          |
|    time_elapsed         | 87          |
|    total_timesteps      | 327680      |
| train/                  |             |
|    approx_kl            | 0.023842342 |
|    clip_fraction        | 0.135       |
|    clip_range           | 0.2         |
|    entropy_loss         | -0.679      |
|    explained_variance   | 0.977       |
|    learning_rate        | 0.0003      |
|    loss                 | -0.0136     |
|    n_updates            | 390         |
|    policy_gradient_loss | -0.00613    |
|    value_loss           | 3.08e-05    |
-----------------------------------------
-----------------------------------------
| rollout/                |             |
|    ep_len_mean          | 319         |
|    ep_rew_mean          | -315        |
| time/                   |             |
|    fps                  | 3735        |
|    iterations           | 41          |
|    time_elapsed         | 89          |
|    total_timesteps      | 335872      |
| train/                  |             |
|    approx_kl            | 0.011725493 |
|    clip_fraction        | 0.135       |
|    clip_range           | 0.2         |
|    entropy_loss         | -0.849      |
|    explained_variance   | 0.95        |
|    learning_rate        | 0.0003      |
|    loss                 | -0.02       |
|    n_updates            | 400         |
|    policy_gradient_loss | -0.00975    |
|    value_loss           | 6.36e-05    |
-----------------------------------------
-----------------------------------------
| rollout/                |             |
|    ep_len_mean          | 330         |
|    ep_rew_mean          | -326        |
| time/                   |             |
|    fps                  | 3726        |
|    iterations           | 42          |
|    time_elapsed         | 92          |
|    total_timesteps      | 344064      |
| train/                  |             |
|    approx_kl            | 0.011120158 |
|    clip_fraction        | 0.129       |
|    clip_range           | 0.2         |
|    entropy_loss         | -0.611      |
|    explained_variance   | 0.969       |
|    learning_rate        | 0.0003      |
|    loss                 | -0.0132     |
|    n_updates            | 410         |
|    policy_gradient_loss | -0.00621    |
|    value_loss           | 4.08e-05    |
-----------------------------------------
-----------------------------------------
| rollout/                |             |
|    ep_len_mean          | 337         |
|    ep_rew_mean          | -343        |
| time/                   |             |
|    fps                  | 3717        |
|    iterations           | 43          |
|    time_elapsed         | 94          |
|    total_timesteps      | 352256      |
| train/                  |             |
|    approx_kl            | 0.008520954 |
|    clip_fraction        | 0.0728      |
|    clip_range           | 0.2         |
|    entropy_loss         | -0.546      |
|    explained_variance   | 0.974       |
|    learning_rate        | 0.0003      |
|    loss                 | -0.00187    |
|    n_updates            | 420         |
|    policy_gradient_loss | -0.00261    |
|    value_loss           | 5.65e-05    |
-----------------------------------------
----------------------------------------
| rollout/                |            |
|    ep_len_mean          | 310        |
|    ep_rew_mean          | -339       |
| time/                   |            |
|    fps                  | 3701       |
|    iterations           | 44         |
|    time_elapsed         | 97         |
|    total_timesteps      | 360448     |
| train/                  |            |
|    approx_kl            | 0.00571421 |
|    clip_fraction        | 0.0554     |
|    clip_range           | 0.2        |
|    entropy_loss         | -0.76      |
|    explained_variance   | 0.46       |
|    learning_rate        | 0.0003     |
|    loss                 | 0.00334    |
|    n_updates            | 430        |
|    policy_gradient_loss | -0.00471   |
|    value_loss           | 0.0056     |
----------------------------------------
-----------------------------------------
| rollout/                |             |
|    ep_len_mean          | 301         |
|    ep_rew_mean          | -335        |
| time/                   |             |
|    fps                  | 3696        |
|    iterations           | 45          |
|    time_elapsed         | 99          |
|    total_timesteps      | 368640      |
| train/                  |             |
|    approx_kl            | 0.017672598 |
|    clip_fraction        | 0.105       |
|    clip_range           | 0.2         |
|    entropy_loss         | -0.815      |
|    explained_variance   | 0.725       |
|    learning_rate        | 0.0003      |
|    loss                 | -0.0336     |
|    n_updates            | 440         |
|    policy_gradient_loss | -0.00665    |
|    value_loss           | 0.00172     |
-----------------------------------------
-----------------------------------------
| rollout/                |             |
|    ep_len_mean          | 311         |
|    ep_rew_mean          | -346        |
| time/                   |             |
|    fps                  | 3696        |
|    iterations           | 46          |
|    time_elapsed         | 101         |
|    total_timesteps      | 376832      |
| train/                  |             |
|    approx_kl            | 0.018062197 |
|    clip_fraction        | 0.134       |
|    clip_range           | 0.2         |
|    entropy_loss         | -0.855      |
|    explained_variance   | 0.909       |
|    learning_rate        | 0.0003      |
|    loss                 | -0.00604    |
|    n_updates            | 450         |
|    policy_gradient_loss | -0.0028     |
|    value_loss           | 0.000263    |
-----------------------------------------
-----------------------------------------
| rollout/                |             |
|    ep_len_mean          | 319         |
|    ep_rew_mean          | -329        |
| time/                   |             |
|    fps                  | 3691        |
|    iterations           | 47          |
|    time_elapsed         | 104         |
|    total_timesteps      | 385024      |
| train/                  |             |
|    approx_kl            | 0.026050584 |
|    clip_fraction        | 0.19        |
|    clip_range           | 0.2         |
|    entropy_loss         | -0.684      |
|    explained_variance   | 0.93        |
|    learning_rate        | 0.0003      |
|    loss                 | -0.0529     |
|    n_updates            | 460         |
|    policy_gradient_loss | -0.0164     |
|    value_loss           | 0.000481    |
-----------------------------------------
-----------------------------------------
| rollout/                |             |
|    ep_len_mean          | 328         |
|    ep_rew_mean          | -334        |
| time/                   |             |
|    fps                  | 3684        |
|    iterations           | 48          |
|    time_elapsed         | 106         |
|    total_timesteps      | 393216      |
| train/                  |             |
|    approx_kl            | 0.012795391 |
|    clip_fraction        | 0.113       |
|    clip_range           | 0.2         |
|    entropy_loss         | -0.809      |
|    explained_variance   | 0.96        |
|    learning_rate        | 0.0003      |
|    loss                 | -0.0201     |
|    n_updates            | 470         |
|    policy_gradient_loss | -0.00294    |
|    value_loss           | 0.00015     |
-----------------------------------------
-----------------------------------------
| rollout/                |             |
|    ep_len_mean          | 316         |
|    ep_rew_mean          | -388        |
| time/                   |             |
|    fps                  | 3671        |
|    iterations           | 49          |
|    time_elapsed         | 109         |
|    total_timesteps      | 401408      |
| train/                  |             |
|    approx_kl            | 0.028583357 |
|    clip_fraction        | 0.126       |
|    clip_range           | 0.2         |
|    entropy_loss         | -0.786      |
|    explained_variance   | 0.805       |
|    learning_rate        | 0.0003      |
|    loss                 | -0.0168     |
|    n_updates            | 480         |
|    policy_gradient_loss | -0.00458    |
|    value_loss           | 0.00249     |
-----------------------------------------
------------------------------------------
| rollout/                |              |
|    ep_len_mean          | 289          |
|    ep_rew_mean          | -375         |
| time/                   |              |
|    fps                  | 3655         |
|    iterations           | 50           |
|    time_elapsed         | 112          |
|    total_timesteps      | 409600       |
| train/                  |              |
|    approx_kl            | 0.0048870966 |
|    clip_fraction        | 0.0698       |
|    clip_range           | 0.2          |
|    entropy_loss         | -0.622       |
|    explained_variance   | 0.0973       |
|    learning_rate        | 0.0003       |
|    loss                 | 0.0108       |
|    n_updates            | 490          |
|    policy_gradient_loss | -0.00272     |
|    value_loss           | 0.0466       |
------------------------------------------
-----------------------------------------
| rollout/                |             |
|    ep_len_mean          | 271         |
|    ep_rew_mean          | -353        |
| time/                   |             |
|    fps                  | 3644        |
|    iterations           | 51          |
|    time_elapsed         | 114         |
|    total_timesteps      | 417792      |
| train/                  |             |
|    approx_kl            | 0.008931167 |
|    clip_fraction        | 0.0903      |
|    clip_range           | 0.2         |
|    entropy_loss         | -0.929      |
|    explained_variance   | 0.423       |
|    learning_rate        | 0.0003      |
|    loss                 | -0.00928    |
|    n_updates            | 500         |
|    policy_gradient_loss | -0.00915    |
|    value_loss           | 0.00559     |
-----------------------------------------
-----------------------------------------
| rollout/                |             |
|    ep_len_mean          | 287         |
|    ep_rew_mean          | -355        |
| time/                   |             |
|    fps                  | 3641        |
|    iterations           | 52          |
|    time_elapsed         | 116         |
|    total_timesteps      | 425984      |
| train/                  |             |
|    approx_kl            | 0.008442822 |
|    clip_fraction        | 0.103       |
|    clip_range           | 0.2         |
|    entropy_loss         | -0.926      |
|    explained_variance   | 0.723       |
|    learning_rate        | 0.0003      |
|    loss                 | -0.0277     |
|    n_updates            | 510         |
|    policy_gradient_loss | -0.0081     |
|    value_loss           | 0.000866    |
-----------------------------------------
----------------------------------------
| rollout/                |            |
|    ep_len_mean          | 297        |
|    ep_rew_mean          | -297       |
| time/                   |            |
|    fps                  | 3635       |
|    iterations           | 53         |
|    time_elapsed         | 119        |
|    total_timesteps      | 434176     |
| train/                  |            |
|    approx_kl            | 0.00779358 |
|    clip_fraction        | 0.0774     |
|    clip_range           | 0.2        |
|    entropy_loss         | -0.704     |
|    explained_variance   | 0.941      |
|    learning_rate        | 0.0003     |
|    loss                 | -0.0183    |
|    n_updates            | 520        |
|    policy_gradient_loss | -0.00452   |
|    value_loss           | 0.000113   |
----------------------------------------
-----------------------------------------
| rollout/                |             |
|    ep_len_mean          | 306         |
|    ep_rew_mean          | -319        |
| time/                   |             |
|    fps                  | 3634        |
|    iterations           | 54          |
|    time_elapsed         | 121         |
|    total_timesteps      | 442368      |
| train/                  |             |
|    approx_kl            | 0.008426402 |
|    clip_fraction        | 0.0849      |
|    clip_range           | 0.2         |
|    entropy_loss         | -0.659      |
|    explained_variance   | 0.614       |
|    learning_rate        | 0.0003      |
|    loss                 | -0.00641    |
|    n_updates            | 530         |
|    policy_gradient_loss | -0.00346    |
|    value_loss           | 0.00302     |
-----------------------------------------
-----------------------------------------
| rollout/                |             |
|    ep_len_mean          | 311         |
|    ep_rew_mean          | -323        |
| time/                   |             |
|    fps                  | 3627        |
|    iterations           | 55          |
|    time_elapsed         | 124         |
|    total_timesteps      | 450560      |
| train/                  |             |
|    approx_kl            | 0.011336189 |
|    clip_fraction        | 0.0971      |
|    clip_range           | 0.2         |
|    entropy_loss         | -0.684      |
|    explained_variance   | 0.758       |
|    learning_rate        | 0.0003      |
|    loss                 | -0.00608    |
|    n_updates            | 540         |
|    policy_gradient_loss | -0.00331    |
|    value_loss           | 0.00107     |
-----------------------------------------
-----------------------------------------
| rollout/                |             |
|    ep_len_mean          | 293         |
|    ep_rew_mean          | -305        |
| time/                   |             |
|    fps                  | 3617        |
|    iterations           | 56          |
|    time_elapsed         | 126         |
|    total_timesteps      | 458752      |
| train/                  |             |
|    approx_kl            | 0.011456134 |
|    clip_fraction        | 0.054       |
|    clip_range           | 0.2         |
|    entropy_loss         | -0.678      |
|    explained_variance   | 0.909       |
|    learning_rate        | 0.0003      |
|    loss                 | -0.0357     |
|    n_updates            | 550         |
|    policy_gradient_loss | -0.00505    |
|    value_loss           | 8.36e-05    |
-----------------------------------------
------------------------------------------
| rollout/                |              |
|    ep_len_mean          | 296          |
|    ep_rew_mean          | -310         |
| time/                   |              |
|    fps                  | 3612         |
|    iterations           | 57           |
|    time_elapsed         | 129          |
|    total_timesteps      | 466944       |
| train/                  |              |
|    approx_kl            | 0.0051442636 |
|    clip_fraction        | 0.0486       |
|    clip_range           | 0.2          |
|    entropy_loss         | -0.747       |
|    explained_variance   | 0.954        |
|    learning_rate        | 0.0003       |
|    loss                 | -0.00909     |
|    n_updates            | 560          |
|    policy_gradient_loss | -0.00379     |
|    value_loss           | 0.000103     |
------------------------------------------
-----------------------------------------
| rollout/                |             |
|    ep_len_mean          | 288         |
|    ep_rew_mean          | -295        |
| time/                   |             |
|    fps                  | 3611        |
|    iterations           | 58          |
|    time_elapsed         | 131         |
|    total_timesteps      | 475136      |
| train/                  |             |
|    approx_kl            | 0.011293061 |
|    clip_fraction        | 0.139       |
|    clip_range           | 0.2         |
|    entropy_loss         | -0.561      |
|    explained_variance   | 0.894       |
|    learning_rate        | 0.0003      |
|    loss                 | 0.00107     |
|    n_updates            | 570         |
|    policy_gradient_loss | -0.0091     |
|    value_loss           | 0.000627    |
-----------------------------------------
------------------------------------------
| rollout/                |              |
|    ep_len_mean          | 301          |
|    ep_rew_mean          | -312         |
| time/                   |              |
|    fps                  | 3607         |
|    iterations           | 59           |
|    time_elapsed         | 133          |
|    total_timesteps      | 483328       |
| train/                  |              |
|    approx_kl            | 0.0068324115 |
|    clip_fraction        | 0.0619       |
|    clip_range           | 0.2          |
|    entropy_loss         | -0.619       |
|    explained_variance   | 0.934        |
|    learning_rate        | 0.0003       |
|    loss                 | -0.0132      |
|    n_updates            | 580          |
|    policy_gradient_loss | -0.00449     |
|    value_loss           | 0.0003       |
------------------------------------------
-----------------------------------------
| rollout/                |             |
|    ep_len_mean          | 309         |
|    ep_rew_mean          | -320        |
| time/                   |             |
|    fps                  | 3603        |
|    iterations           | 60          |
|    time_elapsed         | 136         |
|    total_timesteps      | 491520      |
| train/                  |             |
|    approx_kl            | 0.014072345 |
|    clip_fraction        | 0.0607      |
|    clip_range           | 0.2         |
|    entropy_loss         | -0.582      |
|    explained_variance   | 0.965       |
|    learning_rate        | 0.0003      |
|    loss                 | -0.0114     |
|    n_updates            | 590         |
|    policy_gradient_loss | -0.00154    |
|    value_loss           | 4.49e-05    |
-----------------------------------------
------------------------------------------
| rollout/                |              |
|    ep_len_mean          | 296          |
|    ep_rew_mean          | -313         |
| time/                   |              |
|    fps                  | 3596         |
|    iterations           | 61           |
|    time_elapsed         | 138          |
|    total_timesteps      | 499712       |
| train/                  |              |
|    approx_kl            | 0.0041868207 |
|    clip_fraction        | 0.0522       |
|    clip_range           | 0.2          |
|    entropy_loss         | -0.697       |
|    explained_variance   | 0.453        |
|    learning_rate        | 0.0003       |
|    loss                 | -0.00613     |
|    n_updates            | 600          |
|    policy_gradient_loss | -0.00416     |
|    value_loss           | 0.00507      |
------------------------------------------
------------------------------------------
| rollout/                |              |
|    ep_len_mean          | 301          |
|    ep_rew_mean          | -311         |
| time/                   |              |
|    fps                  | 3594         |
|    iterations           | 62           |
|    time_elapsed         | 141          |
|    total_timesteps      | 507904       |
| train/                  |              |
|    approx_kl            | 0.0040854383 |
|    clip_fraction        | 0.0573       |
|    clip_range           | 0.2          |
|    entropy_loss         | -0.802       |
|    explained_variance   | 0.854        |
|    learning_rate        | 0.0003       |
|    loss                 | -0.0146      |
|    n_updates            | 610          |
|    policy_gradient_loss | -0.00241     |
|    value_loss           | 0.000236     |
------------------------------------------
-----------------------------------------
| rollout/                |             |
|    ep_len_mean          | 296         |
|    ep_rew_mean          | -306        |
| time/                   |             |
|    fps                  | 3591        |
|    iterations           | 63          |
|    time_elapsed         | 143         |
|    total_timesteps      | 516096      |
| train/                  |             |
|    approx_kl            | 0.009769209 |
|    clip_fraction        | 0.092       |
|    clip_range           | 0.2         |
|    entropy_loss         | -0.762      |
|    explained_variance   | 0.962       |
|    learning_rate        | 0.0003      |
|    loss                 | -0.0187     |
|    n_updates            | 620         |
|    policy_gradient_loss | -0.00203    |
|    value_loss           | 3.08e-05    |
-----------------------------------------
------------------------------------------
| rollout/                |              |
|    ep_len_mean          | 304          |
|    ep_rew_mean          | -324         |
| time/                   |              |
|    fps                  | 3589         |
|    iterations           | 64           |
|    time_elapsed         | 146          |
|    total_timesteps      | 524288       |
| train/                  |              |
|    approx_kl            | 0.0068624853 |
|    clip_fraction        | 0.0503       |
|    clip_range           | 0.2          |
|    entropy_loss         | -0.696       |
|    explained_variance   | 0.949        |
|    learning_rate        | 0.0003       |
|    loss                 | -0.00275     |
|    n_updates            | 630          |
|    policy_gradient_loss | -0.00173     |
|    value_loss           | 5.02e-05     |
------------------------------------------
------------------------------------------
| rollout/                |              |
|    ep_len_mean          | 318          |
|    ep_rew_mean          | -323         |
| time/                   |              |
|    fps                  | 3586         |
|    iterations           | 65           |
|    time_elapsed         | 148          |
|    total_timesteps      | 532480       |
| train/                  |              |
|    approx_kl            | 0.0077898335 |
|    clip_fraction        | 0.115        |
|    clip_range           | 0.2          |
|    entropy_loss         | -0.746       |
|    explained_variance   | 0.323        |
|    learning_rate        | 0.0003       |
|    loss                 | -0.00573     |
|    n_updates            | 640          |
|    policy_gradient_loss | -0.00322     |
|    value_loss           | 0.00303      |
------------------------------------------
-----------------------------------------
| rollout/                |             |
|    ep_len_mean          | 299         |
|    ep_rew_mean          | -305        |
| time/                   |             |
|    fps                  | 3576        |
|    iterations           | 66          |
|    time_elapsed         | 151         |
|    total_timesteps      | 540672      |
| train/                  |             |
|    approx_kl            | 0.009980863 |
|    clip_fraction        | 0.0666      |
|    clip_range           | 0.2         |
|    entropy_loss         | -0.547      |
|    explained_variance   | 0.915       |
|    learning_rate        | 0.0003      |
|    loss                 | -0.012      |
|    n_updates            | 650         |
|    policy_gradient_loss | -0.00493    |
|    value_loss           | 8.48e-05    |
-----------------------------------------
----------------------------------------
| rollout/                |            |
|    ep_len_mean          | 278        |
|    ep_rew_mean          | -285       |
| time/                   |            |
|    fps                  | 3565       |
|    iterations           | 67         |
|    time_elapsed         | 153        |
|    total_timesteps      | 548864     |
| train/                  |            |
|    approx_kl            | 0.00931615 |
|    clip_fraction        | 0.0702     |
|    clip_range           | 0.2        |
|    entropy_loss         | -0.698     |
|    explained_variance   | 0.849      |
|    learning_rate        | 0.0003     |
|    loss                 | -0.0108    |
|    n_updates            | 660        |
|    policy_gradient_loss | -0.00338   |
|    value_loss           | 0.000257   |
----------------------------------------
------------------------------------------
| rollout/                |              |
|    ep_len_mean          | 287          |
|    ep_rew_mean          | -285         |
| time/                   |              |
|    fps                  | 3564         |
|    iterations           | 68           |
|    time_elapsed         | 156          |
|    total_timesteps      | 557056       |
| train/                  |              |
|    approx_kl            | 0.0029910575 |
|    clip_fraction        | 0.026        |
|    clip_range           | 0.2          |
|    entropy_loss         | -0.572       |
|    explained_variance   | 0.971        |
|    learning_rate        | 0.0003       |
|    loss                 | -0.00963     |
|    n_updates            | 670          |
|    policy_gradient_loss | -0.00252     |
|    value_loss           | 3.35e-05     |
------------------------------------------
-----------------------------------------
| rollout/                |             |
|    ep_len_mean          | 287         |
|    ep_rew_mean          | -285        |
| time/                   |             |
|    fps                  | 3563        |
|    iterations           | 69          |
|    time_elapsed         | 158         |
|    total_timesteps      | 565248      |
| train/                  |             |
|    approx_kl            | 0.006122625 |
|    clip_fraction        | 0.0801      |
|    clip_range           | 0.2         |
|    entropy_loss         | -0.611      |
|    explained_variance   | 0.984       |
|    learning_rate        | 0.0003      |
|    loss                 | -0.00556    |
|    n_updates            | 680         |
|    policy_gradient_loss | -0.00391    |
|    value_loss           | 1.41e-05    |
-----------------------------------------
-----------------------------------------
| rollout/                |             |
|    ep_len_mean          | 313         |
|    ep_rew_mean          | -316        |
| time/                   |             |
|    fps                  | 3563        |
|    iterations           | 70          |
|    time_elapsed         | 160         |
|    total_timesteps      | 573440      |
| train/                  |             |
|    approx_kl            | 0.017612826 |
|    clip_fraction        | 0.122       |
|    clip_range           | 0.2         |
|    entropy_loss         | -0.767      |
|    explained_variance   | 0.581       |
|    learning_rate        | 0.0003      |
|    loss                 | -0.0206     |
|    n_updates            | 690         |
|    policy_gradient_loss | -0.00429    |
|    value_loss           | 0.00123     |
-----------------------------------------
-----------------------------------------
| rollout/                |             |
|    ep_len_mean          | 322         |
|    ep_rew_mean          | -324        |
| time/                   |             |
|    fps                  | 3556        |
|    iterations           | 71          |
|    time_elapsed         | 163         |
|    total_timesteps      | 581632      |
| train/                  |             |
|    approx_kl            | 0.010014725 |
|    clip_fraction        | 0.129       |
|    clip_range           | 0.2         |
|    entropy_loss         | -0.791      |
|    explained_variance   | 0.942       |
|    learning_rate        | 0.0003      |
|    loss                 | -0.0124     |
|    n_updates            | 700         |
|    policy_gradient_loss | -0.005      |
|    value_loss           | 2.57e-05    |
-----------------------------------------
-----------------------------------------
| rollout/                |             |
|    ep_len_mean          | 326         |
|    ep_rew_mean          | -328        |
| time/                   |             |
|    fps                  | 3556        |
|    iterations           | 72          |
|    time_elapsed         | 165         |
|    total_timesteps      | 589824      |
| train/                  |             |
|    approx_kl            | 0.009677301 |
|    clip_fraction        | 0.081       |
|    clip_range           | 0.2         |
|    entropy_loss         | -0.608      |
|    explained_variance   | 0.988       |
|    learning_rate        | 0.0003      |
|    loss                 | -0.00723    |
|    n_updates            | 710         |
|    policy_gradient_loss | -0.00196    |
|    value_loss           | 1.8e-05     |
-----------------------------------------
------------------------------------------
| rollout/                |              |
|    ep_len_mean          | 335          |
|    ep_rew_mean          | -341         |
| time/                   |              |
|    fps                  | 3556         |
|    iterations           | 73           |
|    time_elapsed         | 168          |
|    total_timesteps      | 598016       |
| train/                  |              |
|    approx_kl            | 0.0020974465 |
|    clip_fraction        | 0.0484       |
|    clip_range           | 0.2          |
|    entropy_loss         | -0.728       |
|    explained_variance   | 0.719        |
|    learning_rate        | 0.0003       |
|    loss                 | -0.00941     |
|    n_updates            | 720          |
|    policy_gradient_loss | -0.00117     |
|    value_loss           | 0.000416     |
------------------------------------------
-----------------------------------------
| rollout/                |             |
|    ep_len_mean          | 339         |
|    ep_rew_mean          | -338        |
| time/                   |             |
|    fps                  | 3558        |
|    iterations           | 74          |
|    time_elapsed         | 170         |
|    total_timesteps      | 606208      |
| train/                  |             |
|    approx_kl            | 0.005878538 |
|    clip_fraction        | 0.0624      |
|    clip_range           | 0.2         |
|    entropy_loss         | -0.698      |
|    explained_variance   | 0.976       |
|    learning_rate        | 0.0003      |
|    loss                 | -0.0166     |
|    n_updates            | 730         |
|    policy_gradient_loss | -0.00451    |
|    value_loss           | 2.51e-05    |
-----------------------------------------
-----------------------------------------
| rollout/                |             |
|    ep_len_mean          | 326         |
|    ep_rew_mean          | -338        |
| time/                   |             |
|    fps                  | 3549        |
|    iterations           | 75          |
|    time_elapsed         | 173         |
|    total_timesteps      | 614400      |
| train/                  |             |
|    approx_kl            | 0.008017815 |
|    clip_fraction        | 0.102       |
|    clip_range           | 0.2         |
|    entropy_loss         | -0.759      |
|    explained_variance   | 0.312       |
|    learning_rate        | 0.0003      |
|    loss                 | -0.00737    |
|    n_updates            | 740         |
|    policy_gradient_loss | -0.00269    |
|    value_loss           | 0.00259     |
-----------------------------------------
------------------------------------------
| rollout/                |              |
|    ep_len_mean          | 325          |
|    ep_rew_mean          | -337         |
| time/                   |              |
|    fps                  | 3548         |
|    iterations           | 76           |
|    time_elapsed         | 175          |
|    total_timesteps      | 622592       |
| train/                  |              |
|    approx_kl            | 0.0054528094 |
|    clip_fraction        | 0.0403       |
|    clip_range           | 0.2          |
|    entropy_loss         | -0.759       |
|    explained_variance   | 0.705        |
|    learning_rate        | 0.0003       |
|    loss                 | -0.0163      |
|    n_updates            | 750          |
|    policy_gradient_loss | -0.00136     |
|    value_loss           | 0.00114      |
------------------------------------------
-----------------------------------------
| rollout/                |             |
|    ep_len_mean          | 330         |
|    ep_rew_mean          | -340        |
| time/                   |             |
|    fps                  | 3550        |
|    iterations           | 77          |
|    time_elapsed         | 177         |
|    total_timesteps      | 630784      |
| train/                  |             |
|    approx_kl            | 0.005030905 |
|    clip_fraction        | 0.074       |
|    clip_range           | 0.2         |
|    entropy_loss         | -0.818      |
|    explained_variance   | 0.838       |
|    learning_rate        | 0.0003      |
|    loss                 | -0.0137     |
|    n_updates            | 760         |
|    policy_gradient_loss | -0.00516    |
|    value_loss           | 0.000261    |
-----------------------------------------
-----------------------------------------
| rollout/                |             |
|    ep_len_mean          | 311         |
|    ep_rew_mean          | -316        |
| time/                   |             |
|    fps                  | 3547        |
|    iterations           | 78          |
|    time_elapsed         | 180         |
|    total_timesteps      | 638976      |
| train/                  |             |
|    approx_kl            | 0.013727052 |
|    clip_fraction        | 0.0946      |
|    clip_range           | 0.2         |
|    entropy_loss         | -0.842      |
|    explained_variance   | 0.926       |
|    learning_rate        | 0.0003      |
|    loss                 | -0.00291    |
|    n_updates            | 770         |
|    policy_gradient_loss | -0.00525    |
|    value_loss           | 4.15e-05    |
-----------------------------------------
-----------------------------------------
| rollout/                |             |
|    ep_len_mean          | 338         |
|    ep_rew_mean          | -339        |
| time/                   |             |
|    fps                  | 3547        |
|    iterations           | 79          |
|    time_elapsed         | 182         |
|    total_timesteps      | 647168      |
| train/                  |             |
|    approx_kl            | 0.004681185 |
|    clip_fraction        | 0.0453      |
|    clip_range           | 0.2         |
|    entropy_loss         | -0.599      |
|    explained_variance   | 0.848       |
|    learning_rate        | 0.0003      |
|    loss                 | -0.00569    |
|    n_updates            | 780         |
|    policy_gradient_loss | -0.000286   |
|    value_loss           | 0.000289    |
-----------------------------------------
----------------------------------------
| rollout/                |            |
|    ep_len_mean          | 357        |
|    ep_rew_mean          | -360       |
| time/                   |            |
|    fps                  | 3549       |
|    iterations           | 80         |
|    time_elapsed         | 184        |
|    total_timesteps      | 655360     |
| train/                  |            |
|    approx_kl            | 0.03999263 |
|    clip_fraction        | 0.105      |
|    clip_range           | 0.2        |
|    entropy_loss         | -0.956     |
|    explained_variance   | 0.757      |
|    learning_rate        | 0.0003     |
|    loss                 | -0.0192    |
|    n_updates            | 790        |
|    policy_gradient_loss | -0.00463   |
|    value_loss           | 0.00024    |
----------------------------------------
------------------------------------------
| rollout/                |              |
|    ep_len_mean          | 348          |
|    ep_rew_mean          | -349         |
| time/                   |              |
|    fps                  | 3550         |
|    iterations           | 81           |
|    time_elapsed         | 186          |
|    total_timesteps      | 663552       |
| train/                  |              |
|    approx_kl            | 0.0041705854 |
|    clip_fraction        | 0.0623       |
|    clip_range           | 0.2          |
|    entropy_loss         | -0.798       |
|    explained_variance   | 0.834        |
|    learning_rate        | 0.0003       |
|    loss                 | -0.000817    |
|    n_updates            | 800          |
|    policy_gradient_loss | -0.00147     |
|    value_loss           | 0.000256     |
------------------------------------------
------------------------------------------
| rollout/                |              |
|    ep_len_mean          | 357          |
|    ep_rew_mean          | -356         |
| time/                   |              |
|    fps                  | 3548         |
|    iterations           | 82           |
|    time_elapsed         | 189          |
|    total_timesteps      | 671744       |
| train/                  |              |
|    approx_kl            | 0.0069192103 |
|    clip_fraction        | 0.0973       |
|    clip_range           | 0.2          |
|    entropy_loss         | -0.756       |
|    explained_variance   | 0.986        |
|    learning_rate        | 0.0003       |
|    loss                 | -0.00671     |
|    n_updates            | 810          |
|    policy_gradient_loss | -0.00254     |
|    value_loss           | 1.75e-05     |
------------------------------------------
-----------------------------------------
| rollout/                |             |
|    ep_len_mean          | 339         |
|    ep_rew_mean          | -338        |
| time/                   |             |
|    fps                  | 3546        |
|    iterations           | 83          |
|    time_elapsed         | 191         |
|    total_timesteps      | 679936      |
| train/                  |             |
|    approx_kl            | 0.015167661 |
|    clip_fraction        | 0.181       |
|    clip_range           | 0.2         |
|    entropy_loss         | -0.808      |
|    explained_variance   | 0.86        |
|    learning_rate        | 0.0003      |
|    loss                 | -0.0158     |
|    n_updates            | 820         |
|    policy_gradient_loss | -0.00583    |
|    value_loss           | 0.000265    |
-----------------------------------------
-----------------------------------------
| rollout/                |             |
|    ep_len_mean          | 330         |
|    ep_rew_mean          | -329        |
| time/                   |             |
|    fps                  | 3546        |
|    iterations           | 84          |
|    time_elapsed         | 194         |
|    total_timesteps      | 688128      |
| train/                  |             |
|    approx_kl            | 0.006074187 |
|    clip_fraction        | 0.0574      |
|    clip_range           | 0.2         |
|    entropy_loss         | -0.942      |
|    explained_variance   | 0.992       |
|    learning_rate        | 0.0003      |
|    loss                 | -0.0126     |
|    n_updates            | 830         |
|    policy_gradient_loss | -0.00361    |
|    value_loss           | 1.19e-05    |
-----------------------------------------
-----------------------------------------
| rollout/                |             |
|    ep_len_mean          | 316         |
|    ep_rew_mean          | -325        |
| time/                   |             |
|    fps                  | 3542        |
|    iterations           | 85          |
|    time_elapsed         | 196         |
|    total_timesteps      | 696320      |
| train/                  |             |
|    approx_kl            | 0.018858844 |
|    clip_fraction        | 0.0804      |
|    clip_range           | 0.2         |
|    entropy_loss         | -0.862      |
|    explained_variance   | 0.918       |
|    learning_rate        | 0.0003      |
|    loss                 | -0.0071     |
|    n_updates            | 840         |
|    policy_gradient_loss | -0.00636    |
|    value_loss           | 0.000272    |
-----------------------------------------
-----------------------------------------
| rollout/                |             |
|    ep_len_mean          | 289         |
|    ep_rew_mean          | -317        |
| time/                   |             |
|    fps                  | 3538        |
|    iterations           | 86          |
|    time_elapsed         | 199         |
|    total_timesteps      | 704512      |
| train/                  |             |
|    approx_kl            | 0.006666349 |
|    clip_fraction        | 0.0997      |
|    clip_range           | 0.2         |
|    entropy_loss         | -0.842      |
|    explained_variance   | 0.47        |
|    learning_rate        | 0.0003      |
|    loss                 | -0.00398    |
|    n_updates            | 850         |
|    policy_gradient_loss | -0.00218    |
|    value_loss           | 0.00266     |
-----------------------------------------
------------------------------------------
| rollout/                |              |
|    ep_len_mean          | 298          |
|    ep_rew_mean          | -326         |
| time/                   |              |
|    fps                  | 3535         |
|    iterations           | 87           |
|    time_elapsed         | 201          |
|    total_timesteps      | 712704       |
| train/                  |              |
|    approx_kl            | 0.0062361127 |
|    clip_fraction        | 0.0678       |
|    clip_range           | 0.2          |
|    entropy_loss         | -0.822       |
|    explained_variance   | 0.121        |
|    learning_rate        | 0.0003       |
|    loss                 | -0.0178      |
|    n_updates            | 860          |
|    policy_gradient_loss | -0.00342     |
|    value_loss           | 0.00597      |
------------------------------------------
----------------------------------------
| rollout/                |            |
|    ep_len_mean          | 288        |
|    ep_rew_mean          | -315       |
| time/                   |            |
|    fps                  | 3535       |
|    iterations           | 88         |
|    time_elapsed         | 203        |
|    total_timesteps      | 720896     |
| train/                  |            |
|    approx_kl            | 0.00841844 |
|    clip_fraction        | 0.145      |
|    clip_range           | 0.2        |
|    entropy_loss         | -0.871     |
|    explained_variance   | 0.694      |
|    learning_rate        | 0.0003     |
|    loss                 | -0.0144    |
|    n_updates            | 870        |
|    policy_gradient_loss | -0.00362   |
|    value_loss           | 0.00026    |
----------------------------------------
------------------------------------------
| rollout/                |              |
|    ep_len_mean          | 311          |
|    ep_rew_mean          | -328         |
| time/                   |              |
|    fps                  | 3530         |
|    iterations           | 89           |
|    time_elapsed         | 206          |
|    total_timesteps      | 729088       |
| train/                  |              |
|    approx_kl            | 0.0065708365 |
|    clip_fraction        | 0.0475       |
|    clip_range           | 0.2          |
|    entropy_loss         | -0.75        |
|    explained_variance   | 0.961        |
|    learning_rate        | 0.0003       |
|    loss                 | -0.01        |
|    n_updates            | 880          |
|    policy_gradient_loss | -0.000888    |
|    value_loss           | 3.36e-05     |
------------------------------------------
------------------------------------------
| rollout/                |              |
|    ep_len_mean          | 334          |
|    ep_rew_mean          | -329         |
| time/                   |              |
|    fps                  | 3532         |
|    iterations           | 90           |
|    time_elapsed         | 208          |
|    total_timesteps      | 737280       |
| train/                  |              |
|    approx_kl            | 0.0051138555 |
|    clip_fraction        | 0.0682       |
|    clip_range           | 0.2          |
|    entropy_loss         | -0.795       |
|    explained_variance   | 0.982        |
|    learning_rate        | 0.0003       |
|    loss                 | -0.00658     |
|    n_updates            | 890          |
|    policy_gradient_loss | -0.00192     |
|    value_loss           | 2.36e-05     |
------------------------------------------
-----------------------------------------
| rollout/                |             |
|    ep_len_mean          | 339         |
|    ep_rew_mean          | -334        |
| time/                   |             |
|    fps                  | 3531        |
|    iterations           | 91          |
|    time_elapsed         | 211         |
|    total_timesteps      | 745472      |
| train/                  |             |
|    approx_kl            | 0.016859725 |
|    clip_fraction        | 0.139       |
|    clip_range           | 0.2         |
|    entropy_loss         | -0.882      |
|    explained_variance   | 0.984       |
|    learning_rate        | 0.0003      |
|    loss                 | -0.0312     |
|    n_updates            | 900         |
|    policy_gradient_loss | -0.0086     |
|    value_loss           | 1.79e-05    |
-----------------------------------------
-----------------------------------------
| rollout/                |             |
|    ep_len_mean          | 335         |
|    ep_rew_mean          | -330        |
| time/                   |             |
|    fps                  | 3530        |
|    iterations           | 92          |
|    time_elapsed         | 213         |
|    total_timesteps      | 753664      |
| train/                  |             |
|    approx_kl            | 0.010133586 |
|    clip_fraction        | 0.131       |
|    clip_range           | 0.2         |
|    entropy_loss         | -0.819      |
|    explained_variance   | 0.979       |
|    learning_rate        | 0.0003      |
|    loss                 | -0.0228     |
|    n_updates            | 910         |
|    policy_gradient_loss | -0.00715    |
|    value_loss           | 1.84e-05    |
-----------------------------------------
-----------------------------------------
| rollout/                |             |
|    ep_len_mean          | 342         |
|    ep_rew_mean          | -338        |
| time/                   |             |
|    fps                  | 3528        |
|    iterations           | 93          |
|    time_elapsed         | 215         |
|    total_timesteps      | 761856      |
| train/                  |             |
|    approx_kl            | 0.007193392 |
|    clip_fraction        | 0.101       |
|    clip_range           | 0.2         |
|    entropy_loss         | -0.773      |
|    explained_variance   | 0.951       |
|    learning_rate        | 0.0003      |
|    loss                 | -0.012      |
|    n_updates            | 920         |
|    policy_gradient_loss | -0.00301    |
|    value_loss           | 0.000119    |
-----------------------------------------
------------------------------------------
| rollout/                |              |
|    ep_len_mean          | 319          |
|    ep_rew_mean          | -315         |
| time/                   |              |
|    fps                  | 3525         |
|    iterations           | 94           |
|    time_elapsed         | 218          |
|    total_timesteps      | 770048       |
| train/                  |              |
|    approx_kl            | 0.0035279705 |
|    clip_fraction        | 0.0464       |
|    clip_range           | 0.2          |
|    entropy_loss         | -0.967       |
|    explained_variance   | 0.975        |
|    learning_rate        | 0.0003       |
|    loss                 | -0.00897     |
|    n_updates            | 930          |
|    policy_gradient_loss | -0.00152     |
|    value_loss           | 4.95e-05     |
------------------------------------------
----------------------------------------
| rollout/                |            |
|    ep_len_mean          | 291        |
|    ep_rew_mean          | -299       |
| time/                   |            |
|    fps                  | 3522       |
|    iterations           | 95         |
|    time_elapsed         | 220        |
|    total_timesteps      | 778240     |
| train/                  |            |
|    approx_kl            | 0.02544188 |
|    clip_fraction        | 0.0609     |
|    clip_range           | 0.2        |
|    entropy_loss         | -0.714     |
|    explained_variance   | 0.988      |
|    learning_rate        | 0.0003     |
|    loss                 | 0.0179     |
|    n_updates            | 940        |
|    policy_gradient_loss | -0.00273   |
|    value_loss           | 3.56e-05   |
----------------------------------------
------------------------------------------
| rollout/                |              |
|    ep_len_mean          | 304          |
|    ep_rew_mean          | -314         |
| time/                   |              |
|    fps                  | 3522         |
|    iterations           | 96           |
|    time_elapsed         | 223          |
|    total_timesteps      | 786432       |
| train/                  |              |
|    approx_kl            | 0.0072224606 |
|    clip_fraction        | 0.129        |
|    clip_range           | 0.2          |
|    entropy_loss         | -0.835       |
|    explained_variance   | 0.232        |
|    learning_rate        | 0.0003       |
|    loss                 | -0.0108      |
|    n_updates            | 950          |
|    policy_gradient_loss | -0.00535     |
|    value_loss           | 0.00451      |
------------------------------------------
-----------------------------------------
| rollout/                |             |
|    ep_len_mean          | 302         |
|    ep_rew_mean          | -310        |
| time/                   |             |
|    fps                  | 3519        |
|    iterations           | 97          |
|    time_elapsed         | 225         |
|    total_timesteps      | 794624      |
| train/                  |             |
|    approx_kl            | 0.008484976 |
|    clip_fraction        | 0.168       |
|    clip_range           | 0.2         |
|    entropy_loss         | -0.945      |
|    explained_variance   | 0.855       |
|    learning_rate        | 0.0003      |
|    loss                 | -0.0104     |
|    n_updates            | 960         |
|    policy_gradient_loss | -0.00276    |
|    value_loss           | 8.98e-05    |
-----------------------------------------
-----------------------------------------
| rollout/                |             |
|    ep_len_mean          | 293         |
|    ep_rew_mean          | -303        |
| time/                   |             |
|    fps                  | 3518        |
|    iterations           | 98          |
|    time_elapsed         | 228         |
|    total_timesteps      | 802816      |
| train/                  |             |
|    approx_kl            | 0.014733776 |
|    clip_fraction        | 0.141       |
|    clip_range           | 0.2         |
|    entropy_loss         | -1.02       |
|    explained_variance   | 0.951       |
|    learning_rate        | 0.0003      |
|    loss                 | -0.0165     |
|    n_updates            | 970         |
|    policy_gradient_loss | -0.00346    |
|    value_loss           | 4.54e-05    |
-----------------------------------------
-----------------------------------------
| rollout/                |             |
|    ep_len_mean          | 293         |
|    ep_rew_mean          | -292        |
| time/                   |             |
|    fps                  | 3515        |
|    iterations           | 99          |
|    time_elapsed         | 230         |
|    total_timesteps      | 811008      |
| train/                  |             |
|    approx_kl            | 0.012438656 |
|    clip_fraction        | 0.158       |
|    clip_range           | 0.2         |
|    entropy_loss         | -0.861      |
|    explained_variance   | 0.612       |
|    learning_rate        | 0.0003      |
|    loss                 | -0.0193     |
|    n_updates            | 980         |
|    policy_gradient_loss | -0.00618    |
|    value_loss           | 0.00128     |
-----------------------------------------
-----------------------------------------
| rollout/                |             |
|    ep_len_mean          | 308         |
|    ep_rew_mean          | -306        |
| time/                   |             |
|    fps                  | 3514        |
|    iterations           | 100         |
|    time_elapsed         | 233         |
|    total_timesteps      | 819200      |
| train/                  |             |
|    approx_kl            | 0.012649275 |
|    clip_fraction        | 0.218       |
|    clip_range           | 0.2         |
|    entropy_loss         | -0.824      |
|    explained_variance   | 0.972       |
|    learning_rate        | 0.0003      |
|    loss                 | -0.00486    |
|    n_updates            | 990         |
|    policy_gradient_loss | -0.00455    |
|    value_loss           | 3.21e-05    |
-----------------------------------------
-----------------------------------------
| rollout/                |             |
|    ep_len_mean          | 313         |
|    ep_rew_mean          | -311        |
| time/                   |             |
|    fps                  | 3511        |
|    iterations           | 101         |
|    time_elapsed         | 235         |
|    total_timesteps      | 827392      |
| train/                  |             |
|    approx_kl            | 0.012624833 |
|    clip_fraction        | 0.165       |
|    clip_range           | 0.2         |
|    entropy_loss         | -0.963      |
|    explained_variance   | 0.989       |
|    learning_rate        | 0.0003      |
|    loss                 | -0.0214     |
|    n_updates            | 1000        |
|    policy_gradient_loss | -0.00785    |
|    value_loss           | 1.54e-05    |
-----------------------------------------
------------------------------------------
| rollout/                |              |
|    ep_len_mean          | 320          |
|    ep_rew_mean          | -314         |
| time/                   |              |
|    fps                  | 3512         |
|    iterations           | 102          |
|    time_elapsed         | 237          |
|    total_timesteps      | 835584       |
| train/                  |              |
|    approx_kl            | 0.0060212472 |
|    clip_fraction        | 0.0665       |
|    clip_range           | 0.2          |
|    entropy_loss         | -0.883       |
|    explained_variance   | 0.995        |
|    learning_rate        | 0.0003       |
|    loss                 | -0.0183      |
|    n_updates            | 1010         |
|    policy_gradient_loss | -0.00497     |
|    value_loss           | 1.2e-05      |
------------------------------------------
-----------------------------------------
| rollout/                |             |
|    ep_len_mean          | 336         |
|    ep_rew_mean          | -330        |
| time/                   |             |
|    fps                  | 3513        |
|    iterations           | 103         |
|    time_elapsed         | 240         |
|    total_timesteps      | 843776      |
| train/                  |             |
|    approx_kl            | 0.009453151 |
|    clip_fraction        | 0.0715      |
|    clip_range           | 0.2         |
|    entropy_loss         | -0.84       |
|    explained_variance   | 0.957       |
|    learning_rate        | 0.0003      |
|    loss                 | -0.0286     |
|    n_updates            | 1020        |
|    policy_gradient_loss | -0.0107     |
|    value_loss           | 5.71e-05    |
-----------------------------------------
-----------------------------------------
| rollout/                |             |
|    ep_len_mean          | 350         |
|    ep_rew_mean          | -344        |
| time/                   |             |
|    fps                  | 3514        |
|    iterations           | 104         |
|    time_elapsed         | 242         |
|    total_timesteps      | 851968      |
| train/                  |             |
|    approx_kl            | 0.008555336 |
|    clip_fraction        | 0.0941      |
|    clip_range           | 0.2         |
|    entropy_loss         | -0.834      |
|    explained_variance   | 0.99        |
|    learning_rate        | 0.0003      |
|    loss                 | -0.00174    |
|    n_updates            | 1030        |
|    policy_gradient_loss | -0.00605    |
|    value_loss           | 1.25e-05    |
-----------------------------------------
------------------------------------------
| rollout/                |              |
|    ep_len_mean          | 355          |
|    ep_rew_mean          | -369         |
| time/                   |              |
|    fps                  | 3513         |
|    iterations           | 105          |
|    time_elapsed         | 244          |
|    total_timesteps      | 860160       |
| train/                  |              |
|    approx_kl            | 0.0097782435 |
|    clip_fraction        | 0.115        |
|    clip_range           | 0.2          |
|    entropy_loss         | -0.789       |
|    explained_variance   | 0.991        |
|    learning_rate        | 0.0003       |
|    loss                 | -0.00478     |
|    n_updates            | 1040         |
|    policy_gradient_loss | -0.00549     |
|    value_loss           | 7.25e-06     |
------------------------------------------
-----------------------------------------
| rollout/                |             |
|    ep_len_mean          | 326         |
|    ep_rew_mean          | -340        |
| time/                   |             |
|    fps                  | 3508        |
|    iterations           | 106         |
|    time_elapsed         | 247         |
|    total_timesteps      | 868352      |
| train/                  |             |
|    approx_kl            | 0.005473889 |
|    clip_fraction        | 0.0752      |
|    clip_range           | 0.2         |
|    entropy_loss         | -0.874      |
|    explained_variance   | 0.0757      |
|    learning_rate        | 0.0003      |
|    loss                 | -0.0117     |
|    n_updates            | 1050        |
|    policy_gradient_loss | -0.00279    |
|    value_loss           | 0.00581     |
-----------------------------------------
-----------------------------------------
| rollout/                |             |
|    ep_len_mean          | 346         |
|    ep_rew_mean          | -362        |
| time/                   |             |
|    fps                  | 3509        |
|    iterations           | 107         |
|    time_elapsed         | 249         |
|    total_timesteps      | 876544      |
| train/                  |             |
|    approx_kl            | 0.034135707 |
|    clip_fraction        | 0.112       |
|    clip_range           | 0.2         |
|    entropy_loss         | -1.01       |
|    explained_variance   | 0.83        |
|    learning_rate        | 0.0003      |
|    loss                 | -0.0251     |
|    n_updates            | 1060        |
|    policy_gradient_loss | -0.007      |
|    value_loss           | 0.000165    |
-----------------------------------------
-----------------------------------------
| rollout/                |             |
|    ep_len_mean          | 351         |
|    ep_rew_mean          | -367        |
| time/                   |             |
|    fps                  | 3513        |
|    iterations           | 108         |
|    time_elapsed         | 251         |
|    total_timesteps      | 884736      |
| train/                  |             |
|    approx_kl            | 0.009506712 |
|    clip_fraction        | 0.132       |
|    clip_range           | 0.2         |
|    entropy_loss         | -1.04       |
|    explained_variance   | 0.731       |
|    learning_rate        | 0.0003      |
|    loss                 | -0.0159     |
|    n_updates            | 1070        |
|    policy_gradient_loss | -0.00146    |
|    value_loss           | 0.000352    |
-----------------------------------------
----------------------------------------
| rollout/                |            |
|    ep_len_mean          | 350        |
|    ep_rew_mean          | -345       |
| time/                   |            |
|    fps                  | 3512       |
|    iterations           | 109        |
|    time_elapsed         | 254        |
|    total_timesteps      | 892928     |
| train/                  |            |
|    approx_kl            | 0.01112472 |
|    clip_fraction        | 0.0917     |
|    clip_range           | 0.2        |
|    entropy_loss         | -1         |
|    explained_variance   | 0.951      |
|    learning_rate        | 0.0003     |
|    loss                 | 0.00048    |
|    n_updates            | 1080       |
|    policy_gradient_loss | -0.00476   |
|    value_loss           | 3e-05      |
----------------------------------------
-----------------------------------------
| rollout/                |             |
|    ep_len_mean          | 365         |
|    ep_rew_mean          | -360        |
| time/                   |             |
|    fps                  | 3504        |
|    iterations           | 110         |
|    time_elapsed         | 257         |
|    total_timesteps      | 901120      |
| train/                  |             |
|    approx_kl            | 0.016543789 |
|    clip_fraction        | 0.132       |
|    clip_range           | 0.2         |
|    entropy_loss         | -1.14       |
|    explained_variance   | 0.977       |
|    learning_rate        | 0.0003      |
|    loss                 | -0.0332     |
|    n_updates            | 1090        |
|    policy_gradient_loss | -0.00466    |
|    value_loss           | 2.87e-05    |
-----------------------------------------
-----------------------------------------
| rollout/                |             |
|    ep_len_mean          | 354         |
|    ep_rew_mean          | -363        |
| time/                   |             |
|    fps                  | 3504        |
|    iterations           | 111         |
|    time_elapsed         | 259         |
|    total_timesteps      | 909312      |
| train/                  |             |
|    approx_kl            | 0.006101439 |
|    clip_fraction        | 0.0517      |
|    clip_range           | 0.2         |
|    entropy_loss         | -1.01       |
|    explained_variance   | 0.986       |
|    learning_rate        | 0.0003      |
|    loss                 | -0.0291     |
|    n_updates            | 1100        |
|    policy_gradient_loss | -0.00658    |
|    value_loss           | 2.31e-05    |
-----------------------------------------
-----------------------------------------
| rollout/                |             |
|    ep_len_mean          | 354         |
|    ep_rew_mean          | -361        |
| time/                   |             |
|    fps                  | 3507        |
|    iterations           | 112         |
|    time_elapsed         | 261         |
|    total_timesteps      | 917504      |
| train/                  |             |
|    approx_kl            | 0.009417165 |
|    clip_fraction        | 0.101       |
|    clip_range           | 0.2         |
|    entropy_loss         | -0.971      |
|    explained_variance   | 0.161       |
|    learning_rate        | 0.0003      |
|    loss                 | -0.0212     |
|    n_updates            | 1110        |
|    policy_gradient_loss | -0.00336    |
|    value_loss           | 0.00514     |
-----------------------------------------
-----------------------------------------
| rollout/                |             |
|    ep_len_mean          | 348         |
|    ep_rew_mean          | -357        |
| time/                   |             |
|    fps                  | 3507        |
|    iterations           | 113         |
|    time_elapsed         | 263         |
|    total_timesteps      | 925696      |
| train/                  |             |
|    approx_kl            | 0.010716973 |
|    clip_fraction        | 0.128       |
|    clip_range           | 0.2         |
|    entropy_loss         | -1.05       |
|    explained_variance   | 0.883       |
|    learning_rate        | 0.0003      |
|    loss                 | -0.0265     |
|    n_updates            | 1120        |
|    policy_gradient_loss | -0.00787    |
|    value_loss           | 8.35e-05    |
-----------------------------------------
-----------------------------------------
| rollout/                |             |
|    ep_len_mean          | 335         |
|    ep_rew_mean          | -344        |
| time/                   |             |
|    fps                  | 3506        |
|    iterations           | 114         |
|    time_elapsed         | 266         |
|    total_timesteps      | 933888      |
| train/                  |             |
|    approx_kl            | 0.019214436 |
|    clip_fraction        | 0.219       |
|    clip_range           | 0.2         |
|    entropy_loss         | -1.08       |
|    explained_variance   | 0.862       |
|    learning_rate        | 0.0003      |
|    loss                 | -0.00844    |
|    n_updates            | 1130        |
|    policy_gradient_loss | -0.00332    |
|    value_loss           | 0.000357    |
-----------------------------------------
-----------------------------------------
| rollout/                |             |
|    ep_len_mean          | 342         |
|    ep_rew_mean          | -345        |
| time/                   |             |
|    fps                  | 3507        |
|    iterations           | 115         |
|    time_elapsed         | 268         |
|    total_timesteps      | 942080      |
| train/                  |             |
|    approx_kl            | 0.011106556 |
|    clip_fraction        | 0.143       |
|    clip_range           | 0.2         |
|    entropy_loss         | -1.06       |
|    explained_variance   | 0.987       |
|    learning_rate        | 0.0003      |
|    loss                 | -0.00357    |
|    n_updates            | 1140        |
|    policy_gradient_loss | -0.00388    |
|    value_loss           | 2.29e-05    |
-----------------------------------------
-----------------------------------------
| rollout/                |             |
|    ep_len_mean          | 343         |
|    ep_rew_mean          | -342        |
| time/                   |             |
|    fps                  | 3507        |
|    iterations           | 116         |
|    time_elapsed         | 270         |
|    total_timesteps      | 950272      |
| train/                  |             |
|    approx_kl            | 0.027284227 |
|    clip_fraction        | 0.0983      |
|    clip_range           | 0.2         |
|    entropy_loss         | -1.07       |
|    explained_variance   | 0.867       |
|    learning_rate        | 0.0003      |
|    loss                 | -0.0133     |
|    n_updates            | 1150        |
|    policy_gradient_loss | -0.00575    |
|    value_loss           | 0.000314    |
-----------------------------------------
-----------------------------------------
| rollout/                |             |
|    ep_len_mean          | 326         |
|    ep_rew_mean          | -722        |
| time/                   |             |
|    fps                  | 3506        |
|    iterations           | 117         |
|    time_elapsed         | 273         |
|    total_timesteps      | 958464      |
| train/                  |             |
|    approx_kl            | 0.010068839 |
|    clip_fraction        | 0.1         |
|    clip_range           | 0.2         |
|    entropy_loss         | -1.11       |
|    explained_variance   | 0.117       |
|    learning_rate        | 0.0003      |
|    loss                 | 0.0202      |
|    n_updates            | 1160        |
|    policy_gradient_loss | -0.0083     |
|    value_loss           | 0.119       |
-----------------------------------------
-----------------------------------------
| rollout/                |             |
|    ep_len_mean          | 334         |
|    ep_rew_mean          | -731        |
| time/                   |             |
|    fps                  | 3507        |
|    iterations           | 118         |
|    time_elapsed         | 275         |
|    total_timesteps      | 966656      |
| train/                  |             |
|    approx_kl            | 0.011502141 |
|    clip_fraction        | 0.137       |
|    clip_range           | 0.2         |
|    entropy_loss         | -1.05       |
|    explained_variance   | 0.794       |
|    learning_rate        | 0.0003      |
|    loss                 | -0.0269     |
|    n_updates            | 1170        |
|    policy_gradient_loss | -0.00513    |
|    value_loss           | 0.00891     |
-----------------------------------------
-----------------------------------------
| rollout/                |             |
|    ep_len_mean          | 329         |
|    ep_rew_mean          | -726        |
| time/                   |             |
|    fps                  | 3508        |
|    iterations           | 119         |
|    time_elapsed         | 277         |
|    total_timesteps      | 974848      |
| train/                  |             |
|    approx_kl            | 0.013314098 |
|    clip_fraction        | 0.199       |
|    clip_range           | 0.2         |
|    entropy_loss         | -1.07       |
|    explained_variance   | 0.487       |
|    learning_rate        | 0.0003      |
|    loss                 | -0.0128     |
|    n_updates            | 1180        |
|    policy_gradient_loss | -0.00369    |
|    value_loss           | 0.000173    |
-----------------------------------------
-----------------------------------------
| rollout/                |             |
|    ep_len_mean          | 336         |
|    ep_rew_mean          | -729        |
| time/                   |             |
|    fps                  | 3510        |
|    iterations           | 120         |
|    time_elapsed         | 280         |
|    total_timesteps      | 983040      |
| train/                  |             |
|    approx_kl            | 0.013836102 |
|    clip_fraction        | 0.11        |
|    clip_range           | 0.2         |
|    entropy_loss         | -1.1        |
|    explained_variance   | 0.971       |
|    learning_rate        | 0.0003      |
|    loss                 | -0.0183     |
|    n_updates            | 1190        |
|    policy_gradient_loss | -0.00637    |
|    value_loss           | 4.29e-05    |
-----------------------------------------
-----------------------------------------
| rollout/                |             |
|    ep_len_mean          | 310         |
|    ep_rew_mean          | -304        |
| time/                   |             |
|    fps                  | 3508        |
|    iterations           | 121         |
|    time_elapsed         | 282         |
|    total_timesteps      | 991232      |
| train/                  |             |
|    approx_kl            | 0.010350867 |
|    clip_fraction        | 0.0902      |
|    clip_range           | 0.2         |
|    entropy_loss         | -1.13       |
|    explained_variance   | 0.955       |
|    learning_rate        | 0.0003      |
|    loss                 | 0.00119     |
|    n_updates            | 1200        |
|    policy_gradient_loss | -0.00436    |
|    value_loss           | 5.08e-05    |
-----------------------------------------
------------------------------------------
| rollout/                |              |
|    ep_len_mean          | 313          |
|    ep_rew_mean          | -307         |
| time/                   |              |
|    fps                  | 3510         |
|    iterations           | 122          |
|    time_elapsed         | 284          |
|    total_timesteps      | 999424       |
| train/                  |              |
|    approx_kl            | 0.0042368695 |
|    clip_fraction        | 0.06         |
|    clip_range           | 0.2          |
|    entropy_loss         | -1.12        |
|    explained_variance   | 0.889        |
|    learning_rate        | 0.0003       |
|    loss                 | -0.0173      |
|    n_updates            | 1210         |
|    policy_gradient_loss | -0.00615     |
|    value_loss           | 0.000226     |
------------------------------------------
-----------------------------------------
| rollout/                |             |
|    ep_len_mean          | 290         |
|    ep_rew_mean          | -283        |
| time/                   |             |
|    fps                  | 3508        |
|    iterations           | 123         |
|    time_elapsed         | 287         |
|    total_timesteps      | 1007616     |
| train/                  |             |
|    approx_kl            | 0.011651235 |
|    clip_fraction        | 0.156       |
|    clip_range           | 0.2         |
|    entropy_loss         | -1.16       |
|    explained_variance   | 0.929       |
|    learning_rate        | 0.0003      |
|    loss                 | -0.0108     |
|    n_updates            | 1220        |
|    policy_gradient_loss | -0.00705    |
|    value_loss           | 8.49e-05    |
-----------------------------------------
-----------------------------------------
| rollout/                |             |
|    ep_len_mean          | 289         |
|    ep_rew_mean          | -286        |
| time/                   |             |
|    fps                  | 3509        |
|    iterations           | 124         |
|    time_elapsed         | 289         |
|    total_timesteps      | 1015808     |
| train/                  |             |
|    approx_kl            | 0.010663864 |
|    clip_fraction        | 0.138       |
|    clip_range           | 0.2         |
|    entropy_loss         | -1.12       |
|    explained_variance   | 0.986       |
|    learning_rate        | 0.0003      |
|    loss                 | -0.0315     |
|    n_updates            | 1230        |
|    policy_gradient_loss | -0.00846    |
|    value_loss           | 3.61e-05    |
-----------------------------------------
-----------------------------------------
| rollout/                |             |
|    ep_len_mean          | 293         |
|    ep_rew_mean          | -300        |
| time/                   |             |
|    fps                  | 3506        |
|    iterations           | 125         |
|    time_elapsed         | 292         |
|    total_timesteps      | 1024000     |
| train/                  |             |
|    approx_kl            | 0.006014908 |
|    clip_fraction        | 0.158       |
|    clip_range           | 0.2         |
|    entropy_loss         | -1.11       |
|    explained_variance   | 0.597       |
|    learning_rate        | 0.0003      |
|    loss                 | -0.0189     |
|    n_updates            | 1240        |
|    policy_gradient_loss | 0.000157    |
|    value_loss           | 0.0018      |
-----------------------------------------
------------------------------------------
| rollout/                |              |
|    ep_len_mean          | 298          |
|    ep_rew_mean          | -304         |
| time/                   |              |
|    fps                  | 3508         |
|    iterations           | 126          |
|    time_elapsed         | 294          |
|    total_timesteps      | 1032192      |
| train/                  |              |
|    approx_kl            | 0.0069857663 |
|    clip_fraction        | 0.11         |
|    clip_range           | 0.2          |
|    entropy_loss         | -1.1         |
|    explained_variance   | 0.785        |
|    learning_rate        | 0.0003       |
|    loss                 | -0.0197      |
|    n_updates            | 1250         |
|    policy_gradient_loss | -0.00467     |
|    value_loss           | 0.000725     |
------------------------------------------
-----------------------------------------
| rollout/                |             |
|    ep_len_mean          | 321         |
|    ep_rew_mean          | -329        |
| time/                   |             |
|    fps                  | 3510        |
|    iterations           | 127         |
|    time_elapsed         | 296         |
|    total_timesteps      | 1040384     |
| train/                  |             |
|    approx_kl            | 0.008915443 |
|    clip_fraction        | 0.135       |
|    clip_range           | 0.2         |
|    entropy_loss         | -1.13       |
|    explained_variance   | 0.985       |
|    learning_rate        | 0.0003      |
|    loss                 | -0.0298     |
|    n_updates            | 1260        |
|    policy_gradient_loss | -0.00526    |
|    value_loss           | 1.54e-05    |
-----------------------------------------
-----------------------------------------
| rollout/                |             |
|    ep_len_mean          | 317         |
|    ep_rew_mean          | -318        |
| time/                   |             |
|    fps                  | 3511        |
|    iterations           | 128         |
|    time_elapsed         | 298         |
|    total_timesteps      | 1048576     |
| train/                  |             |
|    approx_kl            | 0.011086522 |
|    clip_fraction        | 0.0969      |
|    clip_range           | 0.2         |
|    entropy_loss         | -1.15       |
|    explained_variance   | 0.735       |
|    learning_rate        | 0.0003      |
|    loss                 | -0.00785    |
|    n_updates            | 1270        |
|    policy_gradient_loss | -0.0048     |
|    value_loss           | 0.000416    |
-----------------------------------------
-----------------------------------------
| rollout/                |             |
|    ep_len_mean          | 335         |
|    ep_rew_mean          | -335        |
| time/                   |             |
|    fps                  | 3512        |
|    iterations           | 129         |
|    time_elapsed         | 300         |
|    total_timesteps      | 1056768     |
| train/                  |             |
|    approx_kl            | 0.030918118 |
|    clip_fraction        | 0.169       |
|    clip_range           | 0.2         |
|    entropy_loss         | -1.17       |
|    explained_variance   | 0.949       |
|    learning_rate        | 0.0003      |
|    loss                 | -0.0224     |
|    n_updates            | 1280        |
|    policy_gradient_loss | -0.00453    |
|    value_loss           | 9.64e-05    |
-----------------------------------------
-----------------------------------------
| rollout/                |             |
|    ep_len_mean          | 349         |
|    ep_rew_mean          | -354        |
| time/                   |             |
|    fps                  | 3514        |
|    iterations           | 130         |
|    time_elapsed         | 303         |
|    total_timesteps      | 1064960     |
| train/                  |             |
|    approx_kl            | 0.009279377 |
|    clip_fraction        | 0.128       |
|    clip_range           | 0.2         |
|    entropy_loss         | -1.16       |
|    explained_variance   | 0.578       |
|    learning_rate        | 0.0003      |
|    loss                 | -0.0191     |
|    n_updates            | 1290        |
|    policy_gradient_loss | -0.00292    |
|    value_loss           | 0.00138     |
-----------------------------------------
-----------------------------------------
| rollout/                |             |
|    ep_len_mean          | 354         |
|    ep_rew_mean          | -360        |
| time/                   |             |
|    fps                  | 3515        |
|    iterations           | 131         |
|    time_elapsed         | 305         |
|    total_timesteps      | 1073152     |
| train/                  |             |
|    approx_kl            | 0.012468822 |
|    clip_fraction        | 0.151       |
|    clip_range           | 0.2         |
|    entropy_loss         | -1.14       |
|    explained_variance   | 0.761       |
|    learning_rate        | 0.0003      |
|    loss                 | -0.0295     |
|    n_updates            | 1300        |
|    policy_gradient_loss | -0.00754    |
|    value_loss           | 0.000403    |
-----------------------------------------
-----------------------------------------
| rollout/                |             |
|    ep_len_mean          | 358         |
|    ep_rew_mean          | -364        |
| time/                   |             |
|    fps                  | 3512        |
|    iterations           | 132         |
|    time_elapsed         | 307         |
|    total_timesteps      | 1081344     |
| train/                  |             |
|    approx_kl            | 0.008954966 |
|    clip_fraction        | 0.0899      |
|    clip_range           | 0.2         |
|    entropy_loss         | -1.13       |
|    explained_variance   | 0.954       |
|    learning_rate        | 0.0003      |
|    loss                 | -0.0335     |
|    n_updates            | 1310        |
|    policy_gradient_loss | -0.00869    |
|    value_loss           | 2.1e-05     |
-----------------------------------------
-----------------------------------------
| rollout/                |             |
|    ep_len_mean          | 343         |
|    ep_rew_mean          | -353        |
| time/                   |             |
|    fps                  | 3512        |
|    iterations           | 133         |
|    time_elapsed         | 310         |
|    total_timesteps      | 1089536     |
| train/                  |             |
|    approx_kl            | 0.008720227 |
|    clip_fraction        | 0.107       |
|    clip_range           | 0.2         |
|    entropy_loss         | -1.13       |
|    explained_variance   | 0.993       |
|    learning_rate        | 0.0003      |
|    loss                 | -0.0165     |
|    n_updates            | 1320        |
|    policy_gradient_loss | -0.00356    |
|    value_loss           | 6.95e-06    |
-----------------------------------------
-----------------------------------------
| rollout/                |             |
|    ep_len_mean          | 334         |
|    ep_rew_mean          | -348        |
| time/                   |             |
|    fps                  | 3513        |
|    iterations           | 134         |
|    time_elapsed         | 312         |
|    total_timesteps      | 1097728     |
| train/                  |             |
|    approx_kl            | 0.010417157 |
|    clip_fraction        | 0.126       |
|    clip_range           | 0.2         |
|    entropy_loss         | -1.11       |
|    explained_variance   | 0.499       |
|    learning_rate        | 0.0003      |
|    loss                 | -0.0189     |
|    n_updates            | 1330        |
|    policy_gradient_loss | -0.0015     |
|    value_loss           | 0.00221     |
-----------------------------------------
-----------------------------------------
| rollout/                |             |
|    ep_len_mean          | 320         |
|    ep_rew_mean          | -331        |
| time/                   |             |
|    fps                  | 3511        |
|    iterations           | 135         |
|    time_elapsed         | 314         |
|    total_timesteps      | 1105920     |
| train/                  |             |
|    approx_kl            | 0.011051555 |
|    clip_fraction        | 0.0989      |
|    clip_range           | 0.2         |
|    entropy_loss         | -1.14       |
|    explained_variance   | 0.347       |
|    learning_rate        | 0.0003      |
|    loss                 | -0.0108     |
|    n_updates            | 1340        |
|    policy_gradient_loss | -0.00292    |
|    value_loss           | 0.00449     |
-----------------------------------------
----------------------------------------
| rollout/                |            |
|    ep_len_mean          | 297        |
|    ep_rew_mean          | -311       |
| time/                   |            |
|    fps                  | 3510       |
|    iterations           | 136        |
|    time_elapsed         | 317        |
|    total_timesteps      | 1114112    |
| train/                  |            |
|    approx_kl            | 0.01891199 |
|    clip_fraction        | 0.175      |
|    clip_range           | 0.2        |
|    entropy_loss         | -1.18      |
|    explained_variance   | 0.628      |
|    learning_rate        | 0.0003     |
|    loss                 | -0.0124    |
|    n_updates            | 1350       |
|    policy_gradient_loss | -0.00161   |
|    value_loss           | 0.000185   |
----------------------------------------
-----------------------------------------
| rollout/                |             |
|    ep_len_mean          | 306         |
|    ep_rew_mean          | -318        |
| time/                   |             |
|    fps                  | 3510        |
|    iterations           | 137         |
|    time_elapsed         | 319         |
|    total_timesteps      | 1122304     |
| train/                  |             |
|    approx_kl            | 0.008337596 |
|    clip_fraction        | 0.0998      |
|    clip_range           | 0.2         |
|    entropy_loss         | -1.14       |
|    explained_variance   | 0.864       |
|    learning_rate        | 0.0003      |
|    loss                 | -0.00645    |
|    n_updates            | 1360        |
|    policy_gradient_loss | -0.0033     |
|    value_loss           | 0.000563    |
-----------------------------------------
-----------------------------------------
| rollout/                |             |
|    ep_len_mean          | 302         |
|    ep_rew_mean          | -302        |
| time/                   |             |
|    fps                  | 3509        |
|    iterations           | 138         |
|    time_elapsed         | 322         |
|    total_timesteps      | 1130496     |
| train/                  |             |
|    approx_kl            | 0.012855314 |
|    clip_fraction        | 0.136       |
|    clip_range           | 0.2         |
|    entropy_loss         | -1.15       |
|    explained_variance   | 0.929       |
|    learning_rate        | 0.0003      |
|    loss                 | -0.0143     |
|    n_updates            | 1370        |
|    policy_gradient_loss | -0.00269    |
|    value_loss           | 0.000161    |
-----------------------------------------
-----------------------------------------
| rollout/                |             |
|    ep_len_mean          | 306         |
|    ep_rew_mean          | -308        |
| time/                   |             |
|    fps                  | 3509        |
|    iterations           | 139         |
|    time_elapsed         | 324         |
|    total_timesteps      | 1138688     |
| train/                  |             |
|    approx_kl            | 0.010595845 |
|    clip_fraction        | 0.139       |
|    clip_range           | 0.2         |
|    entropy_loss         | -1.14       |
|    explained_variance   | 0.924       |
|    learning_rate        | 0.0003      |
|    loss                 | -0.00879    |
|    n_updates            | 1380        |
|    policy_gradient_loss | -0.00237    |
|    value_loss           | 0.000256    |
-----------------------------------------
-----------------------------------------
| rollout/                |             |
|    ep_len_mean          | 283         |
|    ep_rew_mean          | -283        |
| time/                   |             |
|    fps                  | 3506        |
|    iterations           | 140         |
|    time_elapsed         | 327         |
|    total_timesteps      | 1146880     |
| train/                  |             |
|    approx_kl            | 0.014847064 |
|    clip_fraction        | 0.109       |
|    clip_range           | 0.2         |
|    entropy_loss         | -1.16       |
|    explained_variance   | 0.884       |
|    learning_rate        | 0.0003      |
|    loss                 | -0.0144     |
|    n_updates            | 1390        |
|    policy_gradient_loss | -0.00153    |
|    value_loss           | 0.000339    |
-----------------------------------------
-----------------------------------------
| rollout/                |             |
|    ep_len_mean          | 292         |
|    ep_rew_mean          | -290        |
| time/                   |             |
|    fps                  | 3503        |
|    iterations           | 141         |
|    time_elapsed         | 329         |
|    total_timesteps      | 1155072     |
| train/                  |             |
|    approx_kl            | 0.011233464 |
|    clip_fraction        | 0.135       |
|    clip_range           | 0.2         |
|    entropy_loss         | -1.09       |
|    explained_variance   | 0.988       |
|    learning_rate        | 0.0003      |
|    loss                 | -0.019      |
|    n_updates            | 1400        |
|    policy_gradient_loss | -0.00168    |
|    value_loss           | 1.44e-05    |
-----------------------------------------
-----------------------------------------
| rollout/                |             |
|    ep_len_mean          | 288         |
|    ep_rew_mean          | -283        |
| time/                   |             |
|    fps                  | 3503        |
|    iterations           | 142         |
|    time_elapsed         | 332         |
|    total_timesteps      | 1163264     |
| train/                  |             |
|    approx_kl            | 0.007241552 |
|    clip_fraction        | 0.13        |
|    clip_range           | 0.2         |
|    entropy_loss         | -1.09       |
|    explained_variance   | 0.996       |
|    learning_rate        | 0.0003      |
|    loss                 | -0.0166     |
|    n_updates            | 1410        |
|    policy_gradient_loss | -0.00253    |
|    value_loss           | 5.92e-06    |
-----------------------------------------
-----------------------------------------
| rollout/                |             |
|    ep_len_mean          | 284         |
|    ep_rew_mean          | -280        |
| time/                   |             |
|    fps                  | 3499        |
|    iterations           | 143         |
|    time_elapsed         | 334         |
|    total_timesteps      | 1171456     |
| train/                  |             |
|    approx_kl            | 0.005651693 |
|    clip_fraction        | 0.0983      |
|    clip_range           | 0.2         |
|    entropy_loss         | -1.08       |
|    explained_variance   | 0.975       |
|    learning_rate        | 0.0003      |
|    loss                 | -0.00912    |
|    n_updates            | 1420        |
|    policy_gradient_loss | -0.00395    |
|    value_loss           | 7.52e-05    |
-----------------------------------------
-----------------------------------------
| rollout/                |             |
|    ep_len_mean          | 284         |
|    ep_rew_mean          | -280        |
| time/                   |             |
|    fps                  | 3498        |
|    iterations           | 144         |
|    time_elapsed         | 337         |
|    total_timesteps      | 1179648     |
| train/                  |             |
|    approx_kl            | 0.010304671 |
|    clip_fraction        | 0.124       |
|    clip_range           | 0.2         |
|    entropy_loss         | -1.04       |
|    explained_variance   | 0.892       |
|    learning_rate        | 0.0003      |
|    loss                 | -0.0157     |
|    n_updates            | 1430        |
|    policy_gradient_loss | -0.0029     |
|    value_loss           | 0.000533    |
-----------------------------------------
-----------------------------------------
| rollout/                |             |
|    ep_len_mean          | 297         |
|    ep_rew_mean          | -294        |
| time/                   |             |
|    fps                  | 3498        |
|    iterations           | 145         |
|    time_elapsed         | 339         |
|    total_timesteps      | 1187840     |
| train/                  |             |
|    approx_kl            | 0.008883656 |
|    clip_fraction        | 0.125       |
|    clip_range           | 0.2         |
|    entropy_loss         | -1.08       |
|    explained_variance   | 0.963       |
|    learning_rate        | 0.0003      |
|    loss                 | -0.0204     |
|    n_updates            | 1440        |
|    policy_gradient_loss | -0.00189    |
|    value_loss           | 0.000112    |
-----------------------------------------
-----------------------------------------
| rollout/                |             |
|    ep_len_mean          | 292         |
|    ep_rew_mean          | -293        |
| time/                   |             |
|    fps                  | 3498        |
|    iterations           | 146         |
|    time_elapsed         | 341         |
|    total_timesteps      | 1196032     |
| train/                  |             |
|    approx_kl            | 0.012128502 |
|    clip_fraction        | 0.15        |
|    clip_range           | 0.2         |
|    entropy_loss         | -1.08       |
|    explained_variance   | 0.962       |
|    learning_rate        | 0.0003      |
|    loss                 | -0.0189     |
|    n_updates            | 1450        |
|    policy_gradient_loss | -0.00299    |
|    value_loss           | 8.84e-05    |
-----------------------------------------
-----------------------------------------
| rollout/                |             |
|    ep_len_mean          | 319         |
|    ep_rew_mean          | -330        |
| time/                   |             |
|    fps                  | 3500        |
|    iterations           | 147         |
|    time_elapsed         | 344         |
|    total_timesteps      | 1204224     |
| train/                  |             |
|    approx_kl            | 0.010565184 |
|    clip_fraction        | 0.113       |
|    clip_range           | 0.2         |
|    entropy_loss         | -1.06       |
|    explained_variance   | 0.783       |
|    learning_rate        | 0.0003      |
|    loss                 | -0.0129     |
|    n_updates            | 1460        |
|    policy_gradient_loss | -0.00255    |
|    value_loss           | 0.000816    |
-----------------------------------------
-----------------------------------------
| rollout/                |             |
|    ep_len_mean          | 338         |
|    ep_rew_mean          | -348        |
| time/                   |             |
|    fps                  | 3502        |
|    iterations           | 148         |
|    time_elapsed         | 346         |
|    total_timesteps      | 1212416     |
| train/                  |             |
|    approx_kl            | 0.011920002 |
|    clip_fraction        | 0.153       |
|    clip_range           | 0.2         |
|    entropy_loss         | -1.08       |
|    explained_variance   | 0.31        |
|    learning_rate        | 0.0003      |
|    loss                 | -0.012      |
|    n_updates            | 1470        |
|    policy_gradient_loss | -0.00501    |
|    value_loss           | 0.00207     |
-----------------------------------------
-----------------------------------------
| rollout/                |             |
|    ep_len_mean          | 291         |
|    ep_rew_mean          | -312        |
| time/                   |             |
|    fps                  | 3496        |
|    iterations           | 149         |
|    time_elapsed         | 349         |
|    total_timesteps      | 1220608     |
| train/                  |             |
|    approx_kl            | 0.013795554 |
|    clip_fraction        | 0.11        |
|    clip_range           | 0.2         |
|    entropy_loss         | -1.08       |
|    explained_variance   | 0.121       |
|    learning_rate        | 0.0003      |
|    loss                 | -0.0134     |
|    n_updates            | 1480        |
|    policy_gradient_loss | -0.00215    |
|    value_loss           | 0.00834     |
-----------------------------------------
------------------------------------------
| rollout/                |              |
|    ep_len_mean          | 296          |
|    ep_rew_mean          | -316         |
| time/                   |              |
|    fps                  | 3497         |
|    iterations           | 150          |
|    time_elapsed         | 351          |
|    total_timesteps      | 1228800      |
| train/                  |              |
|    approx_kl            | 0.0094340835 |
|    clip_fraction        | 0.0855       |
|    clip_range           | 0.2          |
|    entropy_loss         | -1.03        |
|    explained_variance   | 0.932        |
|    learning_rate        | 0.0003       |
|    loss                 | -0.0191      |
|    n_updates            | 1490         |
|    policy_gradient_loss | -0.00298     |
|    value_loss           | 0.000163     |
------------------------------------------
-----------------------------------------
| rollout/                |             |
|    ep_len_mean          | 291         |
|    ep_rew_mean          | -305        |
| time/                   |             |
|    fps                  | 3498        |
|    iterations           | 151         |
|    time_elapsed         | 353         |
|    total_timesteps      | 1236992     |
| train/                  |             |
|    approx_kl            | 0.008662185 |
|    clip_fraction        | 0.126       |
|    clip_range           | 0.2         |
|    entropy_loss         | -1.08       |
|    explained_variance   | 0.281       |
|    learning_rate        | 0.0003      |
|    loss                 | -0.0124     |
|    n_updates            | 1500        |
|    policy_gradient_loss | -0.00296    |
|    value_loss           | 0.00384     |
-----------------------------------------
-----------------------------------------
| rollout/                |             |
|    ep_len_mean          | 301         |
|    ep_rew_mean          | -303        |
| time/                   |             |
|    fps                  | 3497        |
|    iterations           | 152         |
|    time_elapsed         | 355         |
|    total_timesteps      | 1245184     |
| train/                  |             |
|    approx_kl            | 0.018508138 |
|    clip_fraction        | 0.167       |
|    clip_range           | 0.2         |
|    entropy_loss         | -1.09       |
|    explained_variance   | 0.925       |
|    learning_rate        | 0.0003      |
|    loss                 | -0.0159     |
|    n_updates            | 1510        |
|    policy_gradient_loss | -0.00452    |
|    value_loss           | 4.57e-05    |
-----------------------------------------
----------------------------------------
| rollout/                |            |
|    ep_len_mean          | 330        |
|    ep_rew_mean          | -333       |
| time/                   |            |
|    fps                  | 3497       |
|    iterations           | 153        |
|    time_elapsed         | 358        |
|    total_timesteps      | 1253376    |
| train/                  |            |
|    approx_kl            | 0.00908935 |
|    clip_fraction        | 0.0887     |
|    clip_range           | 0.2        |
|    entropy_loss         | -1.07      |
|    explained_variance   | 0.982      |
|    learning_rate        | 0.0003     |
|    loss                 | -0.00807   |
|    n_updates            | 1520       |
|    policy_gradient_loss | -0.00203   |
|    value_loss           | 3.02e-05   |
----------------------------------------
-----------------------------------------
| rollout/                |             |
|    ep_len_mean          | 331         |
|    ep_rew_mean          | -325        |
| time/                   |             |
|    fps                  | 3497        |
|    iterations           | 154         |
|    time_elapsed         | 360         |
|    total_timesteps      | 1261568     |
| train/                  |             |
|    approx_kl            | 0.016485285 |
|    clip_fraction        | 0.183       |
|    clip_range           | 0.2         |
|    entropy_loss         | -1.1        |
|    explained_variance   | 0.894       |
|    learning_rate        | 0.0003      |
|    loss                 | -2.76e-05   |
|    n_updates            | 1530        |
|    policy_gradient_loss | -0.00147    |
|    value_loss           | 0.000474    |
-----------------------------------------
-----------------------------------------
| rollout/                |             |
|    ep_len_mean          | 340         |
|    ep_rew_mean          | -336        |
| time/                   |             |
|    fps                  | 3498        |
|    iterations           | 155         |
|    time_elapsed         | 362         |
|    total_timesteps      | 1269760     |
| train/                  |             |
|    approx_kl            | 0.009105271 |
|    clip_fraction        | 0.0885      |
|    clip_range           | 0.2         |
|    entropy_loss         | -1.1        |
|    explained_variance   | 0.912       |
|    learning_rate        | 0.0003      |
|    loss                 | -0.0141     |
|    n_updates            | 1540        |
|    policy_gradient_loss | -0.00407    |
|    value_loss           | 0.000265    |
-----------------------------------------
-----------------------------------------
| rollout/                |             |
|    ep_len_mean          | 327         |
|    ep_rew_mean          | -323        |
| time/                   |             |
|    fps                  | 3495        |
|    iterations           | 156         |
|    time_elapsed         | 365         |
|    total_timesteps      | 1277952     |
| train/                  |             |
|    approx_kl            | 0.017506637 |
|    clip_fraction        | 0.12        |
|    clip_range           | 0.2         |
|    entropy_loss         | -1.09       |
|    explained_variance   | 0.99        |
|    learning_rate        | 0.0003      |
|    loss                 | -0.0188     |
|    n_updates            | 1550        |
|    policy_gradient_loss | -0.00243    |
|    value_loss           | 1.14e-05    |
-----------------------------------------
-----------------------------------------
| rollout/                |             |
|    ep_len_mean          | 335         |
|    ep_rew_mean          | -331        |
| time/                   |             |
|    fps                  | 3495        |
|    iterations           | 157         |
|    time_elapsed         | 367         |
|    total_timesteps      | 1286144     |
| train/                  |             |
|    approx_kl            | 0.005062332 |
|    clip_fraction        | 0.0587      |
|    clip_range           | 0.2         |
|    entropy_loss         | -1.04       |
|    explained_variance   | 0.995       |
|    learning_rate        | 0.0003      |
|    loss                 | -0.0112     |
|    n_updates            | 1560        |
|    policy_gradient_loss | -0.00154    |
|    value_loss           | 1.14e-05    |
-----------------------------------------
-----------------------------------------
| rollout/                |             |
|    ep_len_mean          | 344         |
|    ep_rew_mean          | -340        |
| time/                   |             |
|    fps                  | 3496        |
|    iterations           | 158         |
|    time_elapsed         | 370         |
|    total_timesteps      | 1294336     |
| train/                  |             |
|    approx_kl            | 0.013787142 |
|    clip_fraction        | 0.155       |
|    clip_range           | 0.2         |
|    entropy_loss         | -1.07       |
|    explained_variance   | 0.949       |
|    learning_rate        | 0.0003      |
|    loss                 | -0.017      |
|    n_updates            | 1570        |
|    policy_gradient_loss | -0.000846   |
|    value_loss           | 0.000166    |
-----------------------------------------
-----------------------------------------
| rollout/                |             |
|    ep_len_mean          | 335         |
|    ep_rew_mean          | -334        |
| time/                   |             |
|    fps                  | 3497        |
|    iterations           | 159         |
|    time_elapsed         | 372         |
|    total_timesteps      | 1302528     |
| train/                  |             |
|    approx_kl            | 0.010799574 |
|    clip_fraction        | 0.109       |
|    clip_range           | 0.2         |
|    entropy_loss         | -1.08       |
|    explained_variance   | 0.843       |
|    learning_rate        | 0.0003      |
|    loss                 | -0.0254     |
|    n_updates            | 1580        |
|    policy_gradient_loss | -0.00189    |
|    value_loss           | 0.000343    |
-----------------------------------------
-----------------------------------------
| rollout/                |             |
|    ep_len_mean          | 335         |
|    ep_rew_mean          | -334        |
| time/                   |             |
|    fps                  | 3497        |
|    iterations           | 160         |
|    time_elapsed         | 374         |
|    total_timesteps      | 1310720     |
| train/                  |             |
|    approx_kl            | 0.018008476 |
|    clip_fraction        | 0.251       |
|    clip_range           | 0.2         |
|    entropy_loss         | -1.03       |
|    explained_variance   | 0.791       |
|    learning_rate        | 0.0003      |
|    loss                 | -0.0242     |
|    n_updates            | 1590        |
|    policy_gradient_loss | -0.00161    |
|    value_loss           | 0.000796    |
-----------------------------------------
------------------------------------------
| rollout/                |              |
|    ep_len_mean          | 331          |
|    ep_rew_mean          | -328         |
| time/                   |              |
|    fps                  | 3496         |
|    iterations           | 161          |
|    time_elapsed         | 377          |
|    total_timesteps      | 1318912      |
| train/                  |              |
|    approx_kl            | 0.0063430555 |
|    clip_fraction        | 0.0833       |
|    clip_range           | 0.2          |
|    entropy_loss         | -1.03        |
|    explained_variance   | 0.997        |
|    learning_rate        | 0.0003       |
|    loss                 | -0.0149      |
|    n_updates            | 1600         |
|    policy_gradient_loss | -0.00273     |
|    value_loss           | 1.98e-05     |
------------------------------------------
------------------------------------------
| rollout/                |              |
|    ep_len_mean          | 317          |
|    ep_rew_mean          | -316         |
| time/                   |              |
|    fps                  | 3495         |
|    iterations           | 162          |
|    time_elapsed         | 379          |
|    total_timesteps      | 1327104      |
| train/                  |              |
|    approx_kl            | 0.0058251317 |
|    clip_fraction        | 0.0784       |
|    clip_range           | 0.2          |
|    entropy_loss         | -1.04        |
|    explained_variance   | 0.964        |
|    learning_rate        | 0.0003       |
|    loss                 | -0.0133      |
|    n_updates            | 1610         |
|    policy_gradient_loss | -0.0036      |
|    value_loss           | 0.000141     |
------------------------------------------
-----------------------------------------
| rollout/                |             |
|    ep_len_mean          | 313         |
|    ep_rew_mean          | -307        |
| time/                   |             |
|    fps                  | 3495        |
|    iterations           | 163         |
|    time_elapsed         | 381         |
|    total_timesteps      | 1335296     |
| train/                  |             |
|    approx_kl            | 0.010037226 |
|    clip_fraction        | 0.0963      |
|    clip_range           | 0.2         |
|    entropy_loss         | -1.02       |
|    explained_variance   | 0.997       |
|    learning_rate        | 0.0003      |
|    loss                 | -0.0148     |
|    n_updates            | 1620        |
|    policy_gradient_loss | -0.00572    |
|    value_loss           | 7.76e-06    |
-----------------------------------------
-----------------------------------------
| rollout/                |             |
|    ep_len_mean          | 299         |
|    ep_rew_mean          | -295        |
| time/                   |             |
|    fps                  | 3495        |
|    iterations           | 164         |
|    time_elapsed         | 384         |
|    total_timesteps      | 1343488     |
| train/                  |             |
|    approx_kl            | 0.010073975 |
|    clip_fraction        | 0.114       |
|    clip_range           | 0.2         |
|    entropy_loss         | -1.05       |
|    explained_variance   | 0.976       |
|    learning_rate        | 0.0003      |
|    loss                 | -0.0183     |
|    n_updates            | 1630        |
|    policy_gradient_loss | -0.00432    |
|    value_loss           | 8.92e-05    |
-----------------------------------------
-----------------------------------------
| rollout/                |             |
|    ep_len_mean          | 312         |
|    ep_rew_mean          | -313        |
| time/                   |             |
|    fps                  | 3495        |
|    iterations           | 165         |
|    time_elapsed         | 386         |
|    total_timesteps      | 1351680     |
| train/                  |             |
|    approx_kl            | 0.011966184 |
|    clip_fraction        | 0.141       |
|    clip_range           | 0.2         |
|    entropy_loss         | -1.05       |
|    explained_variance   | 0.86        |
|    learning_rate        | 0.0003      |
|    loss                 | -0.0259     |
|    n_updates            | 1640        |
|    policy_gradient_loss | -0.00494    |
|    value_loss           | 0.000546    |
-----------------------------------------
-----------------------------------------
| rollout/                |             |
|    ep_len_mean          | 331         |
|    ep_rew_mean          | -331        |
| time/                   |             |
|    fps                  | 3495        |
|    iterations           | 166         |
|    time_elapsed         | 389         |
|    total_timesteps      | 1359872     |
| train/                  |             |
|    approx_kl            | 0.007237259 |
|    clip_fraction        | 0.109       |
|    clip_range           | 0.2         |
|    entropy_loss         | -1.07       |
|    explained_variance   | 0.862       |
|    learning_rate        | 0.0003      |
|    loss                 | -0.0144     |
|    n_updates            | 1650        |
|    policy_gradient_loss | -0.00284    |
|    value_loss           | 0.000527    |
-----------------------------------------
-----------------------------------------
| rollout/                |             |
|    ep_len_mean          | 330         |
|    ep_rew_mean          | -331        |
| time/                   |             |
|    fps                  | 3495        |
|    iterations           | 167         |
|    time_elapsed         | 391         |
|    total_timesteps      | 1368064     |
| train/                  |             |
|    approx_kl            | 0.013594486 |
|    clip_fraction        | 0.162       |
|    clip_range           | 0.2         |
|    entropy_loss         | -1.07       |
|    explained_variance   | 0.933       |
|    learning_rate        | 0.0003      |
|    loss                 | -0.00928    |
|    n_updates            | 1660        |
|    policy_gradient_loss | -0.0045     |
|    value_loss           | 0.000194    |
-----------------------------------------
----------------------------------------
| rollout/                |            |
|    ep_len_mean          | 349        |
|    ep_rew_mean          | -349       |
| time/                   |            |
|    fps                  | 3495       |
|    iterations           | 168        |
|    time_elapsed         | 393        |
|    total_timesteps      | 1376256    |
| train/                  |            |
|    approx_kl            | 0.01940212 |
|    clip_fraction        | 0.188      |
|    clip_range           | 0.2        |
|    entropy_loss         | -1.05      |
|    explained_variance   | 0.957      |
|    learning_rate        | 0.0003     |
|    loss                 | -0.0111    |
|    n_updates            | 1670       |
|    policy_gradient_loss | -0.0064    |
|    value_loss           | 0.000161   |
----------------------------------------
-----------------------------------------
| rollout/                |             |
|    ep_len_mean          | 344         |
|    ep_rew_mean          | -342        |
| time/                   |             |
|    fps                  | 3497        |
|    iterations           | 169         |
|    time_elapsed         | 395         |
|    total_timesteps      | 1384448     |
| train/                  |             |
|    approx_kl            | 0.015551157 |
|    clip_fraction        | 0.175       |
|    clip_range           | 0.2         |
|    entropy_loss         | -0.997      |
|    explained_variance   | 0.98        |
|    learning_rate        | 0.0003      |
|    loss                 | -0.00949    |
|    n_updates            | 1680        |
|    policy_gradient_loss | -0.0056     |
|    value_loss           | 2.66e-05    |
-----------------------------------------
-----------------------------------------
| rollout/                |             |
|    ep_len_mean          | 330         |
|    ep_rew_mean          | -324        |
| time/                   |             |
|    fps                  | 3495        |
|    iterations           | 170         |
|    time_elapsed         | 398         |
|    total_timesteps      | 1392640     |
| train/                  |             |
|    approx_kl            | 0.016525082 |
|    clip_fraction        | 0.134       |
|    clip_range           | 0.2         |
|    entropy_loss         | -0.988      |
|    explained_variance   | 0.981       |
|    learning_rate        | 0.0003      |
|    loss                 | -0.0179     |
|    n_updates            | 1690        |
|    policy_gradient_loss | -0.00305    |
|    value_loss           | 1.24e-05    |
-----------------------------------------
-----------------------------------------
| rollout/                |             |
|    ep_len_mean          | 320         |
|    ep_rew_mean          | -315        |
| time/                   |             |
|    fps                  | 3495        |
|    iterations           | 171         |
|    time_elapsed         | 400         |
|    total_timesteps      | 1400832     |
| train/                  |             |
|    approx_kl            | 0.011968344 |
|    clip_fraction        | 0.0836      |
|    clip_range           | 0.2         |
|    entropy_loss         | -0.931      |
|    explained_variance   | 0.995       |
|    learning_rate        | 0.0003      |
|    loss                 | -0.00376    |
|    n_updates            | 1700        |
|    policy_gradient_loss | -0.000397   |
|    value_loss           | 5.5e-06     |
-----------------------------------------
------------------------------------------
| rollout/                |              |
|    ep_len_mean          | 315          |
|    ep_rew_mean          | -308         |
| time/                   |              |
|    fps                  | 3495         |
|    iterations           | 172          |
|    time_elapsed         | 403          |
|    total_timesteps      | 1409024      |
| train/                  |              |
|    approx_kl            | 0.0058582183 |
|    clip_fraction        | 0.0523       |
|    clip_range           | 0.2          |
|    entropy_loss         | -0.932       |
|    explained_variance   | 0.996        |
|    learning_rate        | 0.0003       |
|    loss                 | -0.00762     |
|    n_updates            | 1710         |
|    policy_gradient_loss | -0.00386     |
|    value_loss           | 5.17e-06     |
------------------------------------------
-----------------------------------------
| rollout/                |             |
|    ep_len_mean          | 306         |
|    ep_rew_mean          | -299        |
| time/                   |             |
|    fps                  | 3494        |
|    iterations           | 173         |
|    time_elapsed         | 405         |
|    total_timesteps      | 1417216     |
| train/                  |             |
|    approx_kl            | 0.013296546 |
|    clip_fraction        | 0.137       |
|    clip_range           | 0.2         |
|    entropy_loss         | -0.975      |
|    explained_variance   | 0.996       |
|    learning_rate        | 0.0003      |
|    loss                 | -0.017      |
|    n_updates            | 1720        |
|    policy_gradient_loss | -0.00243    |
|    value_loss           | 4.48e-05    |
-----------------------------------------
----------------------------------------
| rollout/                |            |
|    ep_len_mean          | 334        |
|    ep_rew_mean          | -327       |
| time/                   |            |
|    fps                  | 3495       |
|    iterations           | 174        |
|    time_elapsed         | 407        |
|    total_timesteps      | 1425408    |
| train/                  |            |
|    approx_kl            | 0.00848163 |
|    clip_fraction        | 0.0526     |
|    clip_range           | 0.2        |
|    entropy_loss         | -0.946     |
|    explained_variance   | 0.996      |
|    learning_rate        | 0.0003     |
|    loss                 | -0.00863   |
|    n_updates            | 1730       |
|    policy_gradient_loss | -0.000687  |
|    value_loss           | 5.2e-06    |
----------------------------------------
-----------------------------------------
| rollout/                |             |
|    ep_len_mean          | 334         |
|    ep_rew_mean          | -326        |
| time/                   |             |
|    fps                  | 3496        |
|    iterations           | 175         |
|    time_elapsed         | 410         |
|    total_timesteps      | 1433600     |
| train/                  |             |
|    approx_kl            | 0.008850232 |
|    clip_fraction        | 0.0848      |
|    clip_range           | 0.2         |
|    entropy_loss         | -0.932      |
|    explained_variance   | 0.997       |
|    learning_rate        | 0.0003      |
|    loss                 | -0.0134     |
|    n_updates            | 1740        |
|    policy_gradient_loss | -0.00209    |
|    value_loss           | 4.29e-06    |
-----------------------------------------
-----------------------------------------
| rollout/                |             |
|    ep_len_mean          | 343         |
|    ep_rew_mean          | -335        |
| time/                   |             |
|    fps                  | 3496        |
|    iterations           | 176         |
|    time_elapsed         | 412         |
|    total_timesteps      | 1441792     |
| train/                  |             |
|    approx_kl            | 0.009942912 |
|    clip_fraction        | 0.105       |
|    clip_range           | 0.2         |
|    entropy_loss         | -0.964      |
|    explained_variance   | 0.997       |
|    learning_rate        | 0.0003      |
|    loss                 | -0.0106     |
|    n_updates            | 1750        |
|    policy_gradient_loss | -0.00476    |
|    value_loss           | 9.7e-06     |
-----------------------------------------
-----------------------------------------
| rollout/                |             |
|    ep_len_mean          | 329         |
|    ep_rew_mean          | -323        |
| time/                   |             |
|    fps                  | 3496        |
|    iterations           | 177         |
|    time_elapsed         | 414         |
|    total_timesteps      | 1449984     |
| train/                  |             |
|    approx_kl            | 0.018513188 |
|    clip_fraction        | 0.181       |
|    clip_range           | 0.2         |
|    entropy_loss         | -0.979      |
|    explained_variance   | 0.874       |
|    learning_rate        | 0.0003      |
|    loss                 | -0.0123     |
|    n_updates            | 1760        |
|    policy_gradient_loss | -0.00396    |
|    value_loss           | 0.000577    |
-----------------------------------------
----------------------------------------
| rollout/                |            |
|    ep_len_mean          | 310        |
|    ep_rew_mean          | -305       |
| time/                   |            |
|    fps                  | 3495       |
|    iterations           | 178        |
|    time_elapsed         | 417        |
|    total_timesteps      | 1458176    |
| train/                  |            |
|    approx_kl            | 0.01265908 |
|    clip_fraction        | 0.148      |
|    clip_range           | 0.2        |
|    entropy_loss         | -0.838     |
|    explained_variance   | 0.996      |
|    learning_rate        | 0.0003     |
|    loss                 | -0.0149    |
|    n_updates            | 1770       |
|    policy_gradient_loss | -0.00288   |
|    value_loss           | 6.46e-06   |
----------------------------------------
-----------------------------------------
| rollout/                |             |
|    ep_len_mean          | 287         |
|    ep_rew_mean          | -283        |
| time/                   |             |
|    fps                  | 3493        |
|    iterations           | 179         |
|    time_elapsed         | 419         |
|    total_timesteps      | 1466368     |
| train/                  |             |
|    approx_kl            | 0.008050663 |
|    clip_fraction        | 0.0752      |
|    clip_range           | 0.2         |
|    entropy_loss         | -0.898      |
|    explained_variance   | 0.977       |
|    learning_rate        | 0.0003      |
|    loss                 | -0.0174     |
|    n_updates            | 1780        |
|    policy_gradient_loss | -0.00175    |
|    value_loss           | 0.000105    |
-----------------------------------------
-----------------------------------------
| rollout/                |             |
|    ep_len_mean          | 305         |
|    ep_rew_mean          | -307        |
| time/                   |             |
|    fps                  | 3494        |
|    iterations           | 180         |
|    time_elapsed         | 421         |
|    total_timesteps      | 1474560     |
| train/                  |             |
|    approx_kl            | 0.010548165 |
|    clip_fraction        | 0.0953      |
|    clip_range           | 0.2         |
|    entropy_loss         | -0.949      |
|    explained_variance   | 0.907       |
|    learning_rate        | 0.0003      |
|    loss                 | -0.0131     |
|    n_updates            | 1790        |
|    policy_gradient_loss | -0.00332    |
|    value_loss           | 0.000471    |
-----------------------------------------
----------------------------------------
| rollout/                |            |
|    ep_len_mean          | 282        |
|    ep_rew_mean          | -289       |
| time/                   |            |
|    fps                  | 3492       |
|    iterations           | 181        |
|    time_elapsed         | 424        |
|    total_timesteps      | 1482752    |
| train/                  |            |
|    approx_kl            | 0.00830537 |
|    clip_fraction        | 0.11       |
|    clip_range           | 0.2        |
|    entropy_loss         | -1.02      |
|    explained_variance   | 0.666      |
|    learning_rate        | 0.0003     |
|    loss                 | -0.0101    |
|    n_updates            | 1800       |
|    policy_gradient_loss | -0.00377   |
|    value_loss           | 0.00073    |
----------------------------------------
-----------------------------------------
| rollout/                |             |
|    ep_len_mean          | 305         |
|    ep_rew_mean          | -312        |
| time/                   |             |
|    fps                  | 3495        |
|    iterations           | 182         |
|    time_elapsed         | 426         |
|    total_timesteps      | 1490944     |
| train/                  |             |
|    approx_kl            | 0.007102279 |
|    clip_fraction        | 0.0998      |
|    clip_range           | 0.2         |
|    entropy_loss         | -0.918      |
|    explained_variance   | 0.608       |
|    learning_rate        | 0.0003      |
|    loss                 | -0.0168     |
|    n_updates            | 1810        |
|    policy_gradient_loss | -0.00182    |
|    value_loss           | 0.00231     |
-----------------------------------------
-----------------------------------------
| rollout/                |             |
|    ep_len_mean          | 314         |
|    ep_rew_mean          | -323        |
| time/                   |             |
|    fps                  | 3493        |
|    iterations           | 183         |
|    time_elapsed         | 429         |
|    total_timesteps      | 1499136     |
| train/                  |             |
|    approx_kl            | 0.013510553 |
|    clip_fraction        | 0.155       |
|    clip_range           | 0.2         |
|    entropy_loss         | -1.04       |
|    explained_variance   | 0.823       |
|    learning_rate        | 0.0003      |
|    loss                 | -0.0205     |
|    n_updates            | 1820        |
|    policy_gradient_loss | -0.00452    |
|    value_loss           | 0.000196    |
-----------------------------------------
-----------------------------------------
| rollout/                |             |
|    ep_len_mean          | 319         |
|    ep_rew_mean          | -322        |
| time/                   |             |
|    fps                  | 3492        |
|    iterations           | 184         |
|    time_elapsed         | 431         |
|    total_timesteps      | 1507328     |
| train/                  |             |
|    approx_kl            | 0.010606871 |
|    clip_fraction        | 0.102       |
|    clip_range           | 0.2         |
|    entropy_loss         | -0.983      |
|    explained_variance   | 0.913       |
|    learning_rate        | 0.0003      |
|    loss                 | -0.0162     |
|    n_updates            | 1830        |
|    policy_gradient_loss | -0.0021     |
|    value_loss           | 0.000395    |
-----------------------------------------
-----------------------------------------
| rollout/                |             |
|    ep_len_mean          | 342         |
|    ep_rew_mean          | -347        |
| time/                   |             |
|    fps                  | 3494        |
|    iterations           | 185         |
|    time_elapsed         | 433         |
|    total_timesteps      | 1515520     |
| train/                  |             |
|    approx_kl            | 0.004915152 |
|    clip_fraction        | 0.141       |
|    clip_range           | 0.2         |
|    entropy_loss         | -1.07       |
|    explained_variance   | 0.591       |
|    learning_rate        | 0.0003      |
|    loss                 | -0.0185     |
|    n_updates            | 1840        |
|    policy_gradient_loss | -0.00442    |
|    value_loss           | 0.00169     |
-----------------------------------------
-----------------------------------------
| rollout/                |             |
|    ep_len_mean          | 300         |
|    ep_rew_mean          | -302        |
| time/                   |             |
|    fps                  | 3492        |
|    iterations           | 186         |
|    time_elapsed         | 436         |
|    total_timesteps      | 1523712     |
| train/                  |             |
|    approx_kl            | 0.012088651 |
|    clip_fraction        | 0.1         |
|    clip_range           | 0.2         |
|    entropy_loss         | -1.07       |
|    explained_variance   | 0.854       |
|    learning_rate        | 0.0003      |
|    loss                 | -0.0117     |
|    n_updates            | 1850        |
|    policy_gradient_loss | -0.00211    |
|    value_loss           | 2.33e-05    |
-----------------------------------------
------------------------------------------
| rollout/                |              |
|    ep_len_mean          | 323          |
|    ep_rew_mean          | -328         |
| time/                   |              |
|    fps                  | 3493         |
|    iterations           | 187          |
|    time_elapsed         | 438          |
|    total_timesteps      | 1531904      |
| train/                  |              |
|    approx_kl            | 0.0076459395 |
|    clip_fraction        | 0.0785       |
|    clip_range           | 0.2          |
|    entropy_loss         | -1.03        |
|    explained_variance   | 0.978        |
|    learning_rate        | 0.0003       |
|    loss                 | -0.0154      |
|    n_updates            | 1860         |
|    policy_gradient_loss | 0.000553     |
|    value_loss           | 2.12e-05     |
------------------------------------------
-----------------------------------------
| rollout/                |             |
|    ep_len_mean          | 332         |
|    ep_rew_mean          | -333        |
| time/                   |             |
|    fps                  | 3494        |
|    iterations           | 188         |
|    time_elapsed         | 440         |
|    total_timesteps      | 1540096     |
| train/                  |             |
|    approx_kl            | 0.005841241 |
|    clip_fraction        | 0.0791      |
|    clip_range           | 0.2         |
|    entropy_loss         | -1.03       |
|    explained_variance   | 0.166       |
|    learning_rate        | 0.0003      |
|    loss                 | -0.0162     |
|    n_updates            | 1870        |
|    policy_gradient_loss | -0.000726   |
|    value_loss           | 0.0024      |
-----------------------------------------
----------------------------------------
| rollout/                |            |
|    ep_len_mean          | 314        |
|    ep_rew_mean          | -315       |
| time/                   |            |
|    fps                  | 3493       |
|    iterations           | 189        |
|    time_elapsed         | 443        |
|    total_timesteps      | 1548288    |
| train/                  |            |
|    approx_kl            | 0.03272134 |
|    clip_fraction        | 0.236      |
|    clip_range           | 0.2        |
|    entropy_loss         | -1.13      |
|    explained_variance   | 0.725      |
|    learning_rate        | 0.0003     |
|    loss                 | 0.0618     |
|    n_updates            | 1880       |
|    policy_gradient_loss | -0.00243   |
|    value_loss           | 0.000223   |
----------------------------------------
-----------------------------------------
| rollout/                |             |
|    ep_len_mean          | 337         |
|    ep_rew_mean          | -338        |
| time/                   |             |
|    fps                  | 3494        |
|    iterations           | 190         |
|    time_elapsed         | 445         |
|    total_timesteps      | 1556480     |
| train/                  |             |
|    approx_kl            | 0.021681815 |
|    clip_fraction        | 0.207       |
|    clip_range           | 0.2         |
|    entropy_loss         | -1.13       |
|    explained_variance   | 0.926       |
|    learning_rate        | 0.0003      |
|    loss                 | -0.013      |
|    n_updates            | 1890        |
|    policy_gradient_loss | -0.000858   |
|    value_loss           | 0.000182    |
-----------------------------------------
-----------------------------------------
| rollout/                |             |
|    ep_len_mean          | 305         |
|    ep_rew_mean          | -304        |
| time/                   |             |
|    fps                  | 3492        |
|    iterations           | 191         |
|    time_elapsed         | 447         |
|    total_timesteps      | 1564672     |
| train/                  |             |
|    approx_kl            | 0.013380365 |
|    clip_fraction        | 0.173       |
|    clip_range           | 0.2         |
|    entropy_loss         | -1.14       |
|    explained_variance   | 0.994       |
|    learning_rate        | 0.0003      |
|    loss                 | -0.0206     |
|    n_updates            | 1900        |
|    policy_gradient_loss | -0.0074     |
|    value_loss           | 6.87e-06    |
-----------------------------------------
-----------------------------------------
| rollout/                |             |
|    ep_len_mean          | 282         |
|    ep_rew_mean          | -281        |
| time/                   |             |
|    fps                  | 3489        |
|    iterations           | 192         |
|    time_elapsed         | 450         |
|    total_timesteps      | 1572864     |
| train/                  |             |
|    approx_kl            | 0.015160211 |
|    clip_fraction        | 0.103       |
|    clip_range           | 0.2         |
|    entropy_loss         | -1.09       |
|    explained_variance   | 0.766       |
|    learning_rate        | 0.0003      |
|    loss                 | -0.022      |
|    n_updates            | 1910        |
|    policy_gradient_loss | -0.00367    |
|    value_loss           | 0.00192     |
-----------------------------------------
-----------------------------------------
| rollout/                |             |
|    ep_len_mean          | 264         |
|    ep_rew_mean          | -267        |
| time/                   |             |
|    fps                  | 3487        |
|    iterations           | 193         |
|    time_elapsed         | 453         |
|    total_timesteps      | 1581056     |
| train/                  |             |
|    approx_kl            | 0.011304604 |
|    clip_fraction        | 0.132       |
|    clip_range           | 0.2         |
|    entropy_loss         | -1.1        |
|    explained_variance   | 0.998       |
|    learning_rate        | 0.0003      |
|    loss                 | -0.0251     |
|    n_updates            | 1920        |
|    policy_gradient_loss | -0.00669    |
|    value_loss           | 1.51e-05    |
-----------------------------------------
----------------------------------------
| rollout/                |            |
|    ep_len_mean          | 269        |
|    ep_rew_mean          | -268       |
| time/                   |            |
|    fps                  | 3487       |
|    iterations           | 194        |
|    time_elapsed         | 455        |
|    total_timesteps      | 1589248    |
| train/                  |            |
|    approx_kl            | 0.00896662 |
|    clip_fraction        | 0.0638     |
|    clip_range           | 0.2        |
|    entropy_loss         | -1.12      |
|    explained_variance   | 0.585      |
|    learning_rate        | 0.0003     |
|    loss                 | -0.0165    |
|    n_updates            | 1930       |
|    policy_gradient_loss | -0.00405   |
|    value_loss           | 0.0022     |
----------------------------------------
-----------------------------------------
| rollout/                |             |
|    ep_len_mean          | 297         |
|    ep_rew_mean          | -295        |
| time/                   |             |
|    fps                  | 3486        |
|    iterations           | 195         |
|    time_elapsed         | 458         |
|    total_timesteps      | 1597440     |
| train/                  |             |
|    approx_kl            | 0.019552993 |
|    clip_fraction        | 0.15        |
|    clip_range           | 0.2         |
|    entropy_loss         | -1.13       |
|    explained_variance   | 0.925       |
|    learning_rate        | 0.0003      |
|    loss                 | -0.000901   |
|    n_updates            | 1940        |
|    policy_gradient_loss | -0.00189    |
|    value_loss           | 2.99e-05    |
-----------------------------------------
-----------------------------------------
| rollout/                |             |
|    ep_len_mean          | 301         |
|    ep_rew_mean          | -299        |
| time/                   |             |
|    fps                  | 3485        |
|    iterations           | 196         |
|    time_elapsed         | 460         |
|    total_timesteps      | 1605632     |
| train/                  |             |
|    approx_kl            | 0.010916889 |
|    clip_fraction        | 0.125       |
|    clip_range           | 0.2         |
|    entropy_loss         | -1.15       |
|    explained_variance   | 0.937       |
|    learning_rate        | 0.0003      |
|    loss                 | -0.0203     |
|    n_updates            | 1950        |
|    policy_gradient_loss | -0.00191    |
|    value_loss           | 0.000194    |
-----------------------------------------
-----------------------------------------
| rollout/                |             |
|    ep_len_mean          | 301         |
|    ep_rew_mean          | -295        |
| time/                   |             |
|    fps                  | 3485        |
|    iterations           | 197         |
|    time_elapsed         | 463         |
|    total_timesteps      | 1613824     |
| train/                  |             |
|    approx_kl            | 0.008107103 |
|    clip_fraction        | 0.122       |
|    clip_range           | 0.2         |
|    entropy_loss         | -1.12       |
|    explained_variance   | 0.995       |
|    learning_rate        | 0.0003      |
|    loss                 | -0.0156     |
|    n_updates            | 1960        |
|    policy_gradient_loss | -0.00334    |
|    value_loss           | 7.62e-06    |
-----------------------------------------
-----------------------------------------
| rollout/                |             |
|    ep_len_mean          | 305         |
|    ep_rew_mean          | -304        |
| time/                   |             |
|    fps                  | 3484        |
|    iterations           | 198         |
|    time_elapsed         | 465         |
|    total_timesteps      | 1622016     |
| train/                  |             |
|    approx_kl            | 0.017805766 |
|    clip_fraction        | 0.156       |
|    clip_range           | 0.2         |
|    entropy_loss         | -1.13       |
|    explained_variance   | 0.948       |
|    learning_rate        | 0.0003      |
|    loss                 | -0.00857    |
|    n_updates            | 1970        |
|    policy_gradient_loss | 0.00143     |
|    value_loss           | 0.000201    |
-----------------------------------------
-----------------------------------------
| rollout/                |             |
|    ep_len_mean          | 328         |
|    ep_rew_mean          | -332        |
| time/                   |             |
|    fps                  | 3486        |
|    iterations           | 199         |
|    time_elapsed         | 467         |
|    total_timesteps      | 1630208     |
| train/                  |             |
|    approx_kl            | 0.010485593 |
|    clip_fraction        | 0.175       |
|    clip_range           | 0.2         |
|    entropy_loss         | -1.13       |
|    explained_variance   | 0.678       |
|    learning_rate        | 0.0003      |
|    loss                 | -0.0224     |
|    n_updates            | 1980        |
|    policy_gradient_loss | -0.00262    |
|    value_loss           | 0.00203     |
-----------------------------------------
-----------------------------------------
| rollout/                |             |
|    ep_len_mean          | 324         |
|    ep_rew_mean          | -336        |
| time/                   |             |
|    fps                  | 3484        |
|    iterations           | 200         |
|    time_elapsed         | 470         |
|    total_timesteps      | 1638400     |
| train/                  |             |
|    approx_kl            | 0.006324466 |
|    clip_fraction        | 0.103       |
|    clip_range           | 0.2         |
|    entropy_loss         | -1.18       |
|    explained_variance   | 0.13        |
|    learning_rate        | 0.0003      |
|    loss                 | -0.0146     |
|    n_updates            | 1990        |
|    policy_gradient_loss | -0.00633    |
|    value_loss           | 0.00272     |
-----------------------------------------
-----------------------------------------
| rollout/                |             |
|    ep_len_mean          | 310         |
|    ep_rew_mean          | -323        |
| time/                   |             |
|    fps                  | 3482        |
|    iterations           | 201         |
|    time_elapsed         | 472         |
|    total_timesteps      | 1646592     |
| train/                  |             |
|    approx_kl            | 0.012488545 |
|    clip_fraction        | 0.183       |
|    clip_range           | 0.2         |
|    entropy_loss         | -1.11       |
|    explained_variance   | 0.763       |
|    learning_rate        | 0.0003      |
|    loss                 | -0.0253     |
|    n_updates            | 2000        |
|    policy_gradient_loss | -0.00745    |
|    value_loss           | 0.00161     |
-----------------------------------------
------------------------------------------
| rollout/                |              |
|    ep_len_mean          | 273          |
|    ep_rew_mean          | -281         |
| time/                   |              |
|    fps                  | 3478         |
|    iterations           | 202          |
|    time_elapsed         | 475          |
|    total_timesteps      | 1654784      |
| train/                  |              |
|    approx_kl            | 0.0108995605 |
|    clip_fraction        | 0.165        |
|    clip_range           | 0.2          |
|    entropy_loss         | -1.11        |
|    explained_variance   | 0.881        |
|    learning_rate        | 0.0003       |
|    loss                 | -0.0122      |
|    n_updates            | 2010         |
|    policy_gradient_loss | -0.00241     |
|    value_loss           | 0.000582     |
------------------------------------------
-----------------------------------------
| rollout/                |             |
|    ep_len_mean          | 282         |
|    ep_rew_mean          | -286        |
| time/                   |             |
|    fps                  | 3478        |
|    iterations           | 203         |
|    time_elapsed         | 478         |
|    total_timesteps      | 1662976     |
| train/                  |             |
|    approx_kl            | 0.010662645 |
|    clip_fraction        | 0.133       |
|    clip_range           | 0.2         |
|    entropy_loss         | -1.06       |
|    explained_variance   | 0.911       |
|    learning_rate        | 0.0003      |
|    loss                 | -0.013      |
|    n_updates            | 2020        |
|    policy_gradient_loss | -0.00473    |
|    value_loss           | 0.000546    |
-----------------------------------------
------------------------------------------
| rollout/                |              |
|    ep_len_mean          | 305          |
|    ep_rew_mean          | -307         |
| time/                   |              |
|    fps                  | 3478         |
|    iterations           | 204          |
|    time_elapsed         | 480          |
|    total_timesteps      | 1671168      |
| train/                  |              |
|    approx_kl            | 0.0072283177 |
|    clip_fraction        | 0.08         |
|    clip_range           | 0.2          |
|    entropy_loss         | -1.14        |
|    explained_variance   | 0.368        |
|    learning_rate        | 0.0003       |
|    loss                 | -0.00928     |
|    n_updates            | 2030         |
|    policy_gradient_loss | -0.00267     |
|    value_loss           | 0.00223      |
------------------------------------------
-----------------------------------------
| rollout/                |             |
|    ep_len_mean          | 314         |
|    ep_rew_mean          | -320        |
| time/                   |             |
|    fps                  | 3477        |
|    iterations           | 205         |
|    time_elapsed         | 482         |
|    total_timesteps      | 1679360     |
| train/                  |             |
|    approx_kl            | 0.011199555 |
|    clip_fraction        | 0.115       |
|    clip_range           | 0.2         |
|    entropy_loss         | -1.14       |
|    explained_variance   | 0.724       |
|    learning_rate        | 0.0003      |
|    loss                 | -0.022      |
|    n_updates            | 2040        |
|    policy_gradient_loss | -0.000982   |
|    value_loss           | 0.000612    |
-----------------------------------------
-----------------------------------------
| rollout/                |             |
|    ep_len_mean          | 319         |
|    ep_rew_mean          | -321        |
| time/                   |             |
|    fps                  | 3475        |
|    iterations           | 206         |
|    time_elapsed         | 485         |
|    total_timesteps      | 1687552     |
| train/                  |             |
|    approx_kl            | 0.007544743 |
|    clip_fraction        | 0.0986      |
|    clip_range           | 0.2         |
|    entropy_loss         | -1.14       |
|    explained_variance   | 0.769       |
|    learning_rate        | 0.0003      |
|    loss                 | -0.0117     |
|    n_updates            | 2050        |
|    policy_gradient_loss | -0.00256    |
|    value_loss           | 0.000847    |
-----------------------------------------
------------------------------------------
| rollout/                |              |
|    ep_len_mean          | 314          |
|    ep_rew_mean          | -312         |
| time/                   |              |
|    fps                  | 3475         |
|    iterations           | 207          |
|    time_elapsed         | 487          |
|    total_timesteps      | 1695744      |
| train/                  |              |
|    approx_kl            | 0.0150212925 |
|    clip_fraction        | 0.131        |
|    clip_range           | 0.2          |
|    entropy_loss         | -1.13        |
|    explained_variance   | 0.955        |
|    learning_rate        | 0.0003       |
|    loss                 | -0.00621     |
|    n_updates            | 2060         |
|    policy_gradient_loss | -0.000604    |
|    value_loss           | 2.04e-05     |
------------------------------------------
-----------------------------------------
| rollout/                |             |
|    ep_len_mean          | 286         |
|    ep_rew_mean          | -281        |
| time/                   |             |
|    fps                  | 3472        |
|    iterations           | 208         |
|    time_elapsed         | 490         |
|    total_timesteps      | 1703936     |
| train/                  |             |
|    approx_kl            | 0.007698106 |
|    clip_fraction        | 0.0637      |
|    clip_range           | 0.2         |
|    entropy_loss         | -1.14       |
|    explained_variance   | 0.993       |
|    learning_rate        | 0.0003      |
|    loss                 | -0.0145     |
|    n_updates            | 2070        |
|    policy_gradient_loss | -0.000793   |
|    value_loss           | 7.87e-06    |
-----------------------------------------
-----------------------------------------
| rollout/                |             |
|    ep_len_mean          | 305         |
|    ep_rew_mean          | -299        |
| time/                   |             |
|    fps                  | 3472        |
|    iterations           | 209         |
|    time_elapsed         | 493         |
|    total_timesteps      | 1712128     |
| train/                  |             |
|    approx_kl            | 0.013687032 |
|    clip_fraction        | 0.187       |
|    clip_range           | 0.2         |
|    entropy_loss         | -1.1        |
|    explained_variance   | 0.971       |
|    learning_rate        | 0.0003      |
|    loss                 | -0.00486    |
|    n_updates            | 2080        |
|    policy_gradient_loss | 0.000978    |
|    value_loss           | 0.000182    |
-----------------------------------------
-----------------------------------------
| rollout/                |             |
|    ep_len_mean          | 305         |
|    ep_rew_mean          | -299        |
| time/                   |             |
|    fps                  | 3471        |
|    iterations           | 210         |
|    time_elapsed         | 495         |
|    total_timesteps      | 1720320     |
| train/                  |             |
|    approx_kl            | 0.011969433 |
|    clip_fraction        | 0.165       |
|    clip_range           | 0.2         |
|    entropy_loss         | -1.12       |
|    explained_variance   | 0.94        |
|    learning_rate        | 0.0003      |
|    loss                 | -0.0227     |
|    n_updates            | 2090        |
|    policy_gradient_loss | -0.00189    |
|    value_loss           | 0.000215    |
-----------------------------------------
-----------------------------------------
| rollout/                |             |
|    ep_len_mean          | 310         |
|    ep_rew_mean          | -304        |
| time/                   |             |
|    fps                  | 3470        |
|    iterations           | 211         |
|    time_elapsed         | 498         |
|    total_timesteps      | 1728512     |
| train/                  |             |
|    approx_kl            | 0.012245556 |
|    clip_fraction        | 0.195       |
|    clip_range           | 0.2         |
|    entropy_loss         | -1.14       |
|    explained_variance   | 0.999       |
|    learning_rate        | 0.0003      |
|    loss                 | -0.0228     |
|    n_updates            | 2100        |
|    policy_gradient_loss | -0.00586    |
|    value_loss           | 2.68e-06    |
-----------------------------------------
-----------------------------------------
| rollout/                |             |
|    ep_len_mean          | 296         |
|    ep_rew_mean          | -291        |
| time/                   |             |
|    fps                  | 3468        |
|    iterations           | 212         |
|    time_elapsed         | 500         |
|    total_timesteps      | 1736704     |
| train/                  |             |
|    approx_kl            | 0.012385412 |
|    clip_fraction        | 0.125       |
|    clip_range           | 0.2         |
|    entropy_loss         | -1.12       |
|    explained_variance   | 1           |
|    learning_rate        | 0.0003      |
|    loss                 | -0.0153     |
|    n_updates            | 2110        |
|    policy_gradient_loss | -0.0026     |
|    value_loss           | 1.97e-06    |
-----------------------------------------
------------------------------------------
| rollout/                |              |
|    ep_len_mean          | 301          |
|    ep_rew_mean          | -298         |
| time/                   |              |
|    fps                  | 3468         |
|    iterations           | 213          |
|    time_elapsed         | 503          |
|    total_timesteps      | 1744896      |
| train/                  |              |
|    approx_kl            | 0.0091112275 |
|    clip_fraction        | 0.101        |
|    clip_range           | 0.2          |
|    entropy_loss         | -1.1         |
|    explained_variance   | 0.999        |
|    learning_rate        | 0.0003       |
|    loss                 | -0.0151      |
|    n_updates            | 2120         |
|    policy_gradient_loss | -0.00404     |
|    value_loss           | 3.79e-06     |
------------------------------------------
------------------------------------------
| rollout/                |              |
|    ep_len_mean          | 301          |
|    ep_rew_mean          | -308         |
| time/                   |              |
|    fps                  | 3467         |
|    iterations           | 214          |
|    time_elapsed         | 505          |
|    total_timesteps      | 1753088      |
| train/                  |              |
|    approx_kl            | 0.0069257817 |
|    clip_fraction        | 0.0963       |
|    clip_range           | 0.2          |
|    entropy_loss         | -1.14        |
|    explained_variance   | 0.347        |
|    learning_rate        | 0.0003       |
|    loss                 | -0.00941     |
|    n_updates            | 2130         |
|    policy_gradient_loss | 0.000349     |
|    value_loss           | 0.00242      |
------------------------------------------
-----------------------------------------
| rollout/                |             |
|    ep_len_mean          | 286         |
|    ep_rew_mean          | -294        |
| time/                   |             |
|    fps                  | 3465        |
|    iterations           | 215         |
|    time_elapsed         | 508         |
|    total_timesteps      | 1761280     |
| train/                  |             |
|    approx_kl            | 0.010710781 |
|    clip_fraction        | 0.121       |
|    clip_range           | 0.2         |
|    entropy_loss         | -1.12       |
|    explained_variance   | 0.278       |
|    learning_rate        | 0.0003      |
|    loss                 | -0.0187     |
|    n_updates            | 2140        |
|    policy_gradient_loss | -0.00273    |
|    value_loss           | 0.0059      |
-----------------------------------------
-----------------------------------------
| rollout/                |             |
|    ep_len_mean          | 296         |
|    ep_rew_mean          | -298        |
| time/                   |             |
|    fps                  | 3461        |
|    iterations           | 216         |
|    time_elapsed         | 511         |
|    total_timesteps      | 1769472     |
| train/                  |             |
|    approx_kl            | 0.022681106 |
|    clip_fraction        | 0.203       |
|    clip_range           | 0.2         |
|    entropy_loss         | -1.11       |
|    explained_variance   | 0.9         |
|    learning_rate        | 0.0003      |
|    loss                 | -0.0197     |
|    n_updates            | 2150        |
|    policy_gradient_loss | -0.00357    |
|    value_loss           | 7.56e-05    |
-----------------------------------------
-----------------------------------------
| rollout/                |             |
|    ep_len_mean          | 244         |
|    ep_rew_mean          | -250        |
| time/                   |             |
|    fps                  | 3457        |
|    iterations           | 217         |
|    time_elapsed         | 514         |
|    total_timesteps      | 1777664     |
| train/                  |             |
|    approx_kl            | 0.018223228 |
|    clip_fraction        | 0.167       |
|    clip_range           | 0.2         |
|    entropy_loss         | -1.16       |
|    explained_variance   | 0.894       |
|    learning_rate        | 0.0003      |
|    loss                 | -0.0122     |
|    n_updates            | 2160        |
|    policy_gradient_loss | -0.00334    |
|    value_loss           | 0.000667    |
-----------------------------------------
----------------------------------------
| rollout/                |            |
|    ep_len_mean          | 272        |
|    ep_rew_mean          | -278       |
| time/                   |            |
|    fps                  | 3456       |
|    iterations           | 218        |
|    time_elapsed         | 516        |
|    total_timesteps      | 1785856    |
| train/                  |            |
|    approx_kl            | 0.00949575 |
|    clip_fraction        | 0.125      |
|    clip_range           | 0.2        |
|    entropy_loss         | -1.1       |
|    explained_variance   | 0.425      |
|    learning_rate        | 0.0003     |
|    loss                 | -0.0144    |
|    n_updates            | 2170       |
|    policy_gradient_loss | 0.000805   |
|    value_loss           | 0.01       |
----------------------------------------
----------------------------------------
| rollout/                |            |
|    ep_len_mean          | 240        |
|    ep_rew_mean          | -247       |
| time/                   |            |
|    fps                  | 3452       |
|    iterations           | 219        |
|    time_elapsed         | 519        |
|    total_timesteps      | 1794048    |
| train/                  |            |
|    approx_kl            | 0.01745104 |
|    clip_fraction        | 0.213      |
|    clip_range           | 0.2        |
|    entropy_loss         | -1.18      |
|    explained_variance   | 0.983      |
|    learning_rate        | 0.0003     |
|    loss                 | -0.0227    |
|    n_updates            | 2180       |
|    policy_gradient_loss | -0.00541   |
|    value_loss           | 3.39e-05   |
----------------------------------------
-----------------------------------------
| rollout/                |             |
|    ep_len_mean          | 273         |
|    ep_rew_mean          | -269        |
| time/                   |             |
|    fps                  | 3451        |
|    iterations           | 220         |
|    time_elapsed         | 522         |
|    total_timesteps      | 1802240     |
| train/                  |             |
|    approx_kl            | 0.010139057 |
|    clip_fraction        | 0.12        |
|    clip_range           | 0.2         |
|    entropy_loss         | -1.1        |
|    explained_variance   | 0.981       |
|    learning_rate        | 0.0003      |
|    loss                 | -0.0145     |
|    n_updates            | 2190        |
|    policy_gradient_loss | -0.00133    |
|    value_loss           | 5.65e-05    |
-----------------------------------------
-----------------------------------------
| rollout/                |             |
|    ep_len_mean          | 263         |
|    ep_rew_mean          | -257        |
| time/                   |             |
|    fps                  | 3449        |
|    iterations           | 221         |
|    time_elapsed         | 524         |
|    total_timesteps      | 1810432     |
| train/                  |             |
|    approx_kl            | 0.010926034 |
|    clip_fraction        | 0.12        |
|    clip_range           | 0.2         |
|    entropy_loss         | -1.14       |
|    explained_variance   | 0.996       |
|    learning_rate        | 0.0003      |
|    loss                 | -0.0117     |
|    n_updates            | 2200        |
|    policy_gradient_loss | -0.00295    |
|    value_loss           | 7.5e-06     |
-----------------------------------------
-----------------------------------------
| rollout/                |             |
|    ep_len_mean          | 277         |
|    ep_rew_mean          | -270        |
| time/                   |             |
|    fps                  | 3449        |
|    iterations           | 222         |
|    time_elapsed         | 527         |
|    total_timesteps      | 1818624     |
| train/                  |             |
|    approx_kl            | 0.008985831 |
|    clip_fraction        | 0.0864      |
|    clip_range           | 0.2         |
|    entropy_loss         | -1.1        |
|    explained_variance   | 0.998       |
|    learning_rate        | 0.0003      |
|    loss                 | -0.0134     |
|    n_updates            | 2210        |
|    policy_gradient_loss | -0.00214    |
|    value_loss           | 8.72e-06    |
-----------------------------------------
----------------------------------------
| rollout/                |            |
|    ep_len_mean          | 310        |
|    ep_rew_mean          | -303       |
| time/                   |            |
|    fps                  | 3448       |
|    iterations           | 223        |
|    time_elapsed         | 529        |
|    total_timesteps      | 1826816    |
| train/                  |            |
|    approx_kl            | 0.01047254 |
|    clip_fraction        | 0.104      |
|    clip_range           | 0.2        |
|    entropy_loss         | -1.13      |
|    explained_variance   | 0.964      |
|    learning_rate        | 0.0003     |
|    loss                 | -0.017     |
|    n_updates            | 2220       |
|    policy_gradient_loss | -0.00248   |
|    value_loss           | 0.000123   |
----------------------------------------
-----------------------------------------
| rollout/                |             |
|    ep_len_mean          | 319         |
|    ep_rew_mean          | -314        |
| time/                   |             |
|    fps                  | 3449        |
|    iterations           | 224         |
|    time_elapsed         | 531         |
|    total_timesteps      | 1835008     |
| train/                  |             |
|    approx_kl            | 0.012210342 |
|    clip_fraction        | 0.184       |
|    clip_range           | 0.2         |
|    entropy_loss         | -1.09       |
|    explained_variance   | 0.995       |
|    learning_rate        | 0.0003      |
|    loss                 | -0.0165     |
|    n_updates            | 2230        |
|    policy_gradient_loss | -0.00493    |
|    value_loss           | 7.93e-06    |
-----------------------------------------
-----------------------------------------
| rollout/                |             |
|    ep_len_mean          | 329         |
|    ep_rew_mean          | -324        |
| time/                   |             |
|    fps                  | 3448        |
|    iterations           | 225         |
|    time_elapsed         | 534         |
|    total_timesteps      | 1843200     |
| train/                  |             |
|    approx_kl            | 0.020155586 |
|    clip_fraction        | 0.216       |
|    clip_range           | 0.2         |
|    entropy_loss         | -1.12       |
|    explained_variance   | 0.766       |
|    learning_rate        | 0.0003      |
|    loss                 | -0.0198     |
|    n_updates            | 2240        |
|    policy_gradient_loss | -0.00543    |
|    value_loss           | 0.000607    |
-----------------------------------------
-----------------------------------------
| rollout/                |             |
|    ep_len_mean          | 301         |
|    ep_rew_mean          | -298        |
| time/                   |             |
|    fps                  | 3444        |
|    iterations           | 226         |
|    time_elapsed         | 537         |
|    total_timesteps      | 1851392     |
| train/                  |             |
|    approx_kl            | 0.018495293 |
|    clip_fraction        | 0.197       |
|    clip_range           | 0.2         |
|    entropy_loss         | -1.14       |
|    explained_variance   | 0.998       |
|    learning_rate        | 0.0003      |
|    loss                 | -0.023      |
|    n_updates            | 2250        |
|    policy_gradient_loss | -0.00584    |
|    value_loss           | 7.6e-06     |
-----------------------------------------
-----------------------------------------
| rollout/                |             |
|    ep_len_mean          | 274         |
|    ep_rew_mean          | -268        |
| time/                   |             |
|    fps                  | 3443        |
|    iterations           | 227         |
|    time_elapsed         | 540         |
|    total_timesteps      | 1859584     |
| train/                  |             |
|    approx_kl            | 0.017790653 |
|    clip_fraction        | 0.177       |
|    clip_range           | 0.2         |
|    entropy_loss         | -1.09       |
|    explained_variance   | 0.947       |
|    learning_rate        | 0.0003      |
|    loss                 | -0.0153     |
|    n_updates            | 2260        |
|    policy_gradient_loss | -0.00057    |
|    value_loss           | 0.000526    |
-----------------------------------------
-----------------------------------------
| rollout/                |             |
|    ep_len_mean          | 283         |
|    ep_rew_mean          | -282        |
| time/                   |             |
|    fps                  | 3443        |
|    iterations           | 228         |
|    time_elapsed         | 542         |
|    total_timesteps      | 1867776     |
| train/                  |             |
|    approx_kl            | 0.012240505 |
|    clip_fraction        | 0.173       |
|    clip_range           | 0.2         |
|    entropy_loss         | -1.07       |
|    explained_variance   | 0.986       |
|    learning_rate        | 0.0003      |
|    loss                 | -0.022      |
|    n_updates            | 2270        |
|    policy_gradient_loss | -0.00822    |
|    value_loss           | 7.79e-05    |
-----------------------------------------
-----------------------------------------
| rollout/                |             |
|    ep_len_mean          | 297         |
|    ep_rew_mean          | -307        |
| time/                   |             |
|    fps                  | 3443        |
|    iterations           | 229         |
|    time_elapsed         | 544         |
|    total_timesteps      | 1875968     |
| train/                  |             |
|    approx_kl            | 0.018636392 |
|    clip_fraction        | 0.172       |
|    clip_range           | 0.2         |
|    entropy_loss         | -1.13       |
|    explained_variance   | 0.731       |
|    learning_rate        | 0.0003      |
|    loss                 | 0.00454     |
|    n_updates            | 2280        |
|    policy_gradient_loss | 0.000138    |
|    value_loss           | 0.00118     |
-----------------------------------------
-----------------------------------------
| rollout/                |             |
|    ep_len_mean          | 320         |
|    ep_rew_mean          | -332        |
| time/                   |             |
|    fps                  | 3442        |
|    iterations           | 230         |
|    time_elapsed         | 547         |
|    total_timesteps      | 1884160     |
| train/                  |             |
|    approx_kl            | 0.009850927 |
|    clip_fraction        | 0.15        |
|    clip_range           | 0.2         |
|    entropy_loss         | -1.09       |
|    explained_variance   | 0.168       |
|    learning_rate        | 0.0003      |
|    loss                 | -0.0217     |
|    n_updates            | 2290        |
|    policy_gradient_loss | -0.00336    |
|    value_loss           | 0.00438     |
-----------------------------------------
-----------------------------------------
| rollout/                |             |
|    ep_len_mean          | 324         |
|    ep_rew_mean          | -338        |
| time/                   |             |
|    fps                  | 3439        |
|    iterations           | 231         |
|    time_elapsed         | 550         |
|    total_timesteps      | 1892352     |
| train/                  |             |
|    approx_kl            | 0.022057198 |
|    clip_fraction        | 0.241       |
|    clip_range           | 0.2         |
|    entropy_loss         | -1.09       |
|    explained_variance   | 0.692       |
|    learning_rate        | 0.0003      |
|    loss                 | -0.028      |
|    n_updates            | 2300        |
|    policy_gradient_loss | -0.00686    |
|    value_loss           | 0.000831    |
-----------------------------------------
-----------------------------------------
| rollout/                |             |
|    ep_len_mean          | 329         |
|    ep_rew_mean          | -338        |
| time/                   |             |
|    fps                  | 3439        |
|    iterations           | 232         |
|    time_elapsed         | 552         |
|    total_timesteps      | 1900544     |
| train/                  |             |
|    approx_kl            | 0.019220844 |
|    clip_fraction        | 0.195       |
|    clip_range           | 0.2         |
|    entropy_loss         | -1.11       |
|    explained_variance   | 0.975       |
|    learning_rate        | 0.0003      |
|    loss                 | -0.0127     |
|    n_updates            | 2310        |
|    policy_gradient_loss | -0.00452    |
|    value_loss           | 2.3e-05     |
-----------------------------------------
-----------------------------------------
| rollout/                |             |
|    ep_len_mean          | 306         |
|    ep_rew_mean          | -306        |
| time/                   |             |
|    fps                  | 3438        |
|    iterations           | 233         |
|    time_elapsed         | 555         |
|    total_timesteps      | 1908736     |
| train/                  |             |
|    approx_kl            | 0.015759218 |
|    clip_fraction        | 0.194       |
|    clip_range           | 0.2         |
|    entropy_loss         | -1.19       |
|    explained_variance   | 0.918       |
|    learning_rate        | 0.0003      |
|    loss                 | -0.03       |
|    n_updates            | 2320        |
|    policy_gradient_loss | -0.00455    |
|    value_loss           | 0.00022     |
-----------------------------------------
-----------------------------------------
| rollout/                |             |
|    ep_len_mean          | 306         |
|    ep_rew_mean          | -303        |
| time/                   |             |
|    fps                  | 3436        |
|    iterations           | 234         |
|    time_elapsed         | 557         |
|    total_timesteps      | 1916928     |
| train/                  |             |
|    approx_kl            | 0.010305664 |
|    clip_fraction        | 0.106       |
|    clip_range           | 0.2         |
|    entropy_loss         | -1.17       |
|    explained_variance   | 0.978       |
|    learning_rate        | 0.0003      |
|    loss                 | -0.0142     |
|    n_updates            | 2330        |
|    policy_gradient_loss | -0.00163    |
|    value_loss           | 0.000123    |
-----------------------------------------
-----------------------------------------
| rollout/                |             |
|    ep_len_mean          | 283         |
|    ep_rew_mean          | -279        |
| time/                   |             |
|    fps                  | 3434        |
|    iterations           | 235         |
|    time_elapsed         | 560         |
|    total_timesteps      | 1925120     |
| train/                  |             |
|    approx_kl            | 0.011313806 |
|    clip_fraction        | 0.146       |
|    clip_range           | 0.2         |
|    entropy_loss         | -1.13       |
|    explained_variance   | 0.995       |
|    learning_rate        | 0.0003      |
|    loss                 | -0.015      |
|    n_updates            | 2340        |
|    policy_gradient_loss | -0.00354    |
|    value_loss           | 1.31e-05    |
-----------------------------------------
-----------------------------------------
| rollout/                |             |
|    ep_len_mean          | 279         |
|    ep_rew_mean          | -273        |
| time/                   |             |
|    fps                  | 3432        |
|    iterations           | 236         |
|    time_elapsed         | 563         |
|    total_timesteps      | 1933312     |
| train/                  |             |
|    approx_kl            | 0.012814252 |
|    clip_fraction        | 0.178       |
|    clip_range           | 0.2         |
|    entropy_loss         | -1.12       |
|    explained_variance   | 0.999       |
|    learning_rate        | 0.0003      |
|    loss                 | -0.0165     |
|    n_updates            | 2350        |
|    policy_gradient_loss | -0.00273    |
|    value_loss           | 6.14e-06    |
-----------------------------------------
-----------------------------------------
| rollout/                |             |
|    ep_len_mean          | 293         |
|    ep_rew_mean          | -288        |
| time/                   |             |
|    fps                  | 3432        |
|    iterations           | 237         |
|    time_elapsed         | 565         |
|    total_timesteps      | 1941504     |
| train/                  |             |
|    approx_kl            | 0.011760533 |
|    clip_fraction        | 0.165       |
|    clip_range           | 0.2         |
|    entropy_loss         | -1.12       |
|    explained_variance   | 0.999       |
|    learning_rate        | 0.0003      |
|    loss                 | -0.0173     |
|    n_updates            | 2360        |
|    policy_gradient_loss | -0.00325    |
|    value_loss           | 3.46e-06    |
-----------------------------------------
-----------------------------------------
| rollout/                |             |
|    ep_len_mean          | 325         |
|    ep_rew_mean          | -319        |
| time/                   |             |
|    fps                  | 3432        |
|    iterations           | 238         |
|    time_elapsed         | 567         |
|    total_timesteps      | 1949696     |
| train/                  |             |
|    approx_kl            | 0.009825071 |
|    clip_fraction        | 0.156       |
|    clip_range           | 0.2         |
|    entropy_loss         | -1.15       |
|    explained_variance   | 0.788       |
|    learning_rate        | 0.0003      |
|    loss                 | 0.0163      |
|    n_updates            | 2370        |
|    policy_gradient_loss | 0.00097     |
|    value_loss           | 0.000777    |
-----------------------------------------
-----------------------------------------
| rollout/                |             |
|    ep_len_mean          | 357         |
|    ep_rew_mean          | -354        |
| time/                   |             |
|    fps                  | 3433        |
|    iterations           | 239         |
|    time_elapsed         | 570         |
|    total_timesteps      | 1957888     |
| train/                  |             |
|    approx_kl            | 0.009714173 |
|    clip_fraction        | 0.112       |
|    clip_range           | 0.2         |
|    entropy_loss         | -1.16       |
|    explained_variance   | 0.822       |
|    learning_rate        | 0.0003      |
|    loss                 | -0.00444    |
|    n_updates            | 2380        |
|    policy_gradient_loss | -0.00341    |
|    value_loss           | 0.000953    |
-----------------------------------------
-----------------------------------------
| rollout/                |             |
|    ep_len_mean          | 361         |
|    ep_rew_mean          | -358        |
| time/                   |             |
|    fps                  | 3433        |
|    iterations           | 240         |
|    time_elapsed         | 572         |
|    total_timesteps      | 1966080     |
| train/                  |             |
|    approx_kl            | 0.014191326 |
|    clip_fraction        | 0.159       |
|    clip_range           | 0.2         |
|    entropy_loss         | -1.19       |
|    explained_variance   | 0.993       |
|    learning_rate        | 0.0003      |
|    loss                 | -0.0107     |
|    n_updates            | 2390        |
|    policy_gradient_loss | -0.00396    |
|    value_loss           | 1.21e-05    |
-----------------------------------------
-----------------------------------------
| rollout/                |             |
|    ep_len_mean          | 357         |
|    ep_rew_mean          | -353        |
| time/                   |             |
|    fps                  | 3433        |
|    iterations           | 241         |
|    time_elapsed         | 574         |
|    total_timesteps      | 1974272     |
| train/                  |             |
|    approx_kl            | 0.009245994 |
|    clip_fraction        | 0.0956      |
|    clip_range           | 0.2         |
|    entropy_loss         | -1.15       |
|    explained_variance   | 0.998       |
|    learning_rate        | 0.0003      |
|    loss                 | -0.0111     |
|    n_updates            | 2400        |
|    policy_gradient_loss | -0.00448    |
|    value_loss           | 4.32e-06    |
-----------------------------------------
-----------------------------------------
| rollout/                |             |
|    ep_len_mean          | 352         |
|    ep_rew_mean          | -349        |
| time/                   |             |
|    fps                  | 3433        |
|    iterations           | 242         |
|    time_elapsed         | 577         |
|    total_timesteps      | 1982464     |
| train/                  |             |
|    approx_kl            | 0.016513966 |
|    clip_fraction        | 0.117       |
|    clip_range           | 0.2         |
|    entropy_loss         | -1.19       |
|    explained_variance   | 0.997       |
|    learning_rate        | 0.0003      |
|    loss                 | -0.00705    |
|    n_updates            | 2410        |
|    policy_gradient_loss | -0.00196    |
|    value_loss           | 2.63e-06    |
-----------------------------------------
-----------------------------------------
| rollout/                |             |
|    ep_len_mean          | 328         |
|    ep_rew_mean          | -323        |
| time/                   |             |
|    fps                  | 3432        |
|    iterations           | 243         |
|    time_elapsed         | 579         |
|    total_timesteps      | 1990656     |
| train/                  |             |
|    approx_kl            | 0.008943723 |
|    clip_fraction        | 0.0949      |
|    clip_range           | 0.2         |
|    entropy_loss         | -1.19       |
|    explained_variance   | 0.749       |
|    learning_rate        | 0.0003      |
|    loss                 | -0.0209     |
|    n_updates            | 2420        |
|    policy_gradient_loss | -0.00146    |
|    value_loss           | 0.000597    |
-----------------------------------------
-----------------------------------------
| rollout/                |             |
|    ep_len_mean          | 328         |
|    ep_rew_mean          | -339        |
| time/                   |             |
|    fps                  | 3432        |
|    iterations           | 244         |
|    time_elapsed         | 582         |
|    total_timesteps      | 1998848     |
| train/                  |             |
|    approx_kl            | 0.027230073 |
|    clip_fraction        | 0.239       |
|    clip_range           | 0.2         |
|    entropy_loss         | -1.13       |
|    explained_variance   | 0.963       |
|    learning_rate        | 0.0003      |
|    loss                 | -0.0184     |
|    n_updates            | 2430        |
|    policy_gradient_loss | -0.00429    |
|    value_loss           | 2.83e-05    |
-----------------------------------------
-----------------------------------------
| rollout/                |             |
|    ep_len_mean          | 319         |
|    ep_rew_mean          | -332        |
| time/                   |             |
|    fps                  | 3431        |
|    iterations           | 245         |
|    time_elapsed         | 584         |
|    total_timesteps      | 2007040     |
| train/                  |             |
|    approx_kl            | 0.011250611 |
|    clip_fraction        | 0.175       |
|    clip_range           | 0.2         |
|    entropy_loss         | -1.14       |
|    explained_variance   | 0.0866      |
|    learning_rate        | 0.0003      |
|    loss                 | -0.0133     |
|    n_updates            | 2440        |
|    policy_gradient_loss | -0.00493    |
|    value_loss           | 0.0132      |
-----------------------------------------
-----------------------------------------
| rollout/                |             |
|    ep_len_mean          | 282         |
|    ep_rew_mean          | -297        |
| time/                   |             |
|    fps                  | 3430        |
|    iterations           | 246         |
|    time_elapsed         | 587         |
|    total_timesteps      | 2015232     |
| train/                  |             |
|    approx_kl            | 0.019286118 |
|    clip_fraction        | 0.238       |
|    clip_range           | 0.2         |
|    entropy_loss         | -1.13       |
|    explained_variance   | 0.378       |
|    learning_rate        | 0.0003      |
|    loss                 | -0.0142     |
|    n_updates            | 2450        |
|    policy_gradient_loss | -0.00373    |
|    value_loss           | 0.00116     |
-----------------------------------------
-----------------------------------------
| rollout/                |             |
|    ep_len_mean          | 315         |
|    ep_rew_mean          | -331        |
| time/                   |             |
|    fps                  | 3430        |
|    iterations           | 247         |
|    time_elapsed         | 589         |
|    total_timesteps      | 2023424     |
| train/                  |             |
|    approx_kl            | 0.016899783 |
|    clip_fraction        | 0.167       |
|    clip_range           | 0.2         |
|    entropy_loss         | -1.15       |
|    explained_variance   | 0.923       |
|    learning_rate        | 0.0003      |
|    loss                 | -0.0168     |
|    n_updates            | 2460        |
|    policy_gradient_loss | -0.00371    |
|    value_loss           | 9.62e-05    |
-----------------------------------------
-----------------------------------------
| rollout/                |             |
|    ep_len_mean          | 283         |
|    ep_rew_mean          | -281        |
| time/                   |             |
|    fps                  | 3429        |
|    iterations           | 248         |
|    time_elapsed         | 592         |
|    total_timesteps      | 2031616     |
| train/                  |             |
|    approx_kl            | 0.009817751 |
|    clip_fraction        | 0.132       |
|    clip_range           | 0.2         |
|    entropy_loss         | -1.16       |
|    explained_variance   | 0.895       |
|    learning_rate        | 0.0003      |
|    loss                 | -0.0153     |
|    n_updates            | 2470        |
|    policy_gradient_loss | 0.00015     |
|    value_loss           | 0.000483    |
-----------------------------------------
-----------------------------------------
| rollout/                |             |
|    ep_len_mean          | 279         |
|    ep_rew_mean          | -273        |
| time/                   |             |
|    fps                  | 3426        |
|    iterations           | 249         |
|    time_elapsed         | 595         |
|    total_timesteps      | 2039808     |
| train/                  |             |
|    approx_kl            | 0.013800794 |
|    clip_fraction        | 0.184       |
|    clip_range           | 0.2         |
|    entropy_loss         | -1.13       |
|    explained_variance   | 0.992       |
|    learning_rate        | 0.0003      |
|    loss                 | -0.0179     |
|    n_updates            | 2480        |
|    policy_gradient_loss | -0.00308    |
|    value_loss           | 3.16e-05    |
-----------------------------------------
-----------------------------------------
| rollout/                |             |
|    ep_len_mean          | 297         |
|    ep_rew_mean          | -294        |
| time/                   |             |
|    fps                  | 3427        |
|    iterations           | 250         |
|    time_elapsed         | 597         |
|    total_timesteps      | 2048000     |
| train/                  |             |
|    approx_kl            | 0.018161915 |
|    clip_fraction        | 0.246       |
|    clip_range           | 0.2         |
|    entropy_loss         | -1.1        |
|    explained_variance   | 0.995       |
|    learning_rate        | 0.0003      |
|    loss                 | -0.0144     |
|    n_updates            | 2490        |
|    policy_gradient_loss | -0.00582    |
|    value_loss           | 3.18e-05    |
-----------------------------------------
-----------------------------------------
| rollout/                |             |
|    ep_len_mean          | 279         |
|    ep_rew_mean          | -285        |
| time/                   |             |
|    fps                  | 3423        |
|    iterations           | 251         |
|    time_elapsed         | 600         |
|    total_timesteps      | 2056192     |
| train/                  |             |
|    approx_kl            | 0.013530939 |
|    clip_fraction        | 0.158       |
|    clip_range           | 0.2         |
|    entropy_loss         | -1.19       |
|    explained_variance   | 0.421       |
|    learning_rate        | 0.0003      |
|    loss                 | -0.0269     |
|    n_updates            | 2500        |
|    policy_gradient_loss | -0.0077     |
|    value_loss           | 0.00325     |
-----------------------------------------
-----------------------------------------
| rollout/                |             |
|    ep_len_mean          | 288         |
|    ep_rew_mean          | -296        |
| time/                   |             |
|    fps                  | 3422        |
|    iterations           | 252         |
|    time_elapsed         | 603         |
|    total_timesteps      | 2064384     |
| train/                  |             |
|    approx_kl            | 0.013774896 |
|    clip_fraction        | 0.165       |
|    clip_range           | 0.2         |
|    entropy_loss         | -1.1        |
|    explained_variance   | 0.849       |
|    learning_rate        | 0.0003      |
|    loss                 | -0.018      |
|    n_updates            | 2510        |
|    policy_gradient_loss | -0.00421    |
|    value_loss           | 0.00216     |
-----------------------------------------
-----------------------------------------
| rollout/                |             |
|    ep_len_mean          | 261         |
|    ep_rew_mean          | -268        |
| time/                   |             |
|    fps                  | 3420        |
|    iterations           | 253         |
|    time_elapsed         | 605         |
|    total_timesteps      | 2072576     |
| train/                  |             |
|    approx_kl            | 0.019469503 |
|    clip_fraction        | 0.241       |
|    clip_range           | 0.2         |
|    entropy_loss         | -1.14       |
|    explained_variance   | 0.893       |
|    learning_rate        | 0.0003      |
|    loss                 | 0.00614     |
|    n_updates            | 2520        |
|    policy_gradient_loss | -0.00256    |
|    value_loss           | 0.000763    |
-----------------------------------------
----------------------------------------
| rollout/                |            |
|    ep_len_mean          | 280        |
|    ep_rew_mean          | -281       |
| time/                   |            |
|    fps                  | 3420       |
|    iterations           | 254        |
|    time_elapsed         | 608        |
|    total_timesteps      | 2080768    |
| train/                  |            |
|    approx_kl            | 0.01083906 |
|    clip_fraction        | 0.137      |
|    clip_range           | 0.2        |
|    entropy_loss         | -1.12      |
|    explained_variance   | 0.996      |
|    learning_rate        | 0.0003     |
|    loss                 | -0.019     |
|    n_updates            | 2530       |
|    policy_gradient_loss | -0.00626   |
|    value_loss           | 1.88e-05   |
----------------------------------------
-----------------------------------------
| rollout/                |             |
|    ep_len_mean          | 312         |
|    ep_rew_mean          | -306        |
| time/                   |             |
|    fps                  | 3419        |
|    iterations           | 255         |
|    time_elapsed         | 610         |
|    total_timesteps      | 2088960     |
| train/                  |             |
|    approx_kl            | 0.010400453 |
|    clip_fraction        | 0.133       |
|    clip_range           | 0.2         |
|    entropy_loss         | -1.16       |
|    explained_variance   | 0.997       |
|    learning_rate        | 0.0003      |
|    loss                 | -0.0199     |
|    n_updates            | 2540        |
|    policy_gradient_loss | -0.00681    |
|    value_loss           | 9.24e-06    |
-----------------------------------------
-----------------------------------------
| rollout/                |             |
|    ep_len_mean          | 307         |
|    ep_rew_mean          | -302        |
| time/                   |             |
|    fps                  | 3418        |
|    iterations           | 256         |
|    time_elapsed         | 613         |
|    total_timesteps      | 2097152     |
| train/                  |             |
|    approx_kl            | 0.012025222 |
|    clip_fraction        | 0.119       |
|    clip_range           | 0.2         |
|    entropy_loss         | -1.12       |
|    explained_variance   | 0.997       |
|    learning_rate        | 0.0003      |
|    loss                 | -0.0163     |
|    n_updates            | 2550        |
|    policy_gradient_loss | -0.00579    |
|    value_loss           | 1.14e-05    |
-----------------------------------------
-----------------------------------------
| rollout/                |             |
|    ep_len_mean          | 321         |
|    ep_rew_mean          | -317        |
| time/                   |             |
|    fps                  | 3418        |
|    iterations           | 257         |
|    time_elapsed         | 615         |
|    total_timesteps      | 2105344     |
| train/                  |             |
|    approx_kl            | 0.008592292 |
|    clip_fraction        | 0.0942      |
|    clip_range           | 0.2         |
|    entropy_loss         | -1.11       |
|    explained_variance   | 0.861       |
|    learning_rate        | 0.0003      |
|    loss                 | -0.008      |
|    n_updates            | 2560        |
|    policy_gradient_loss | -0.00181    |
|    value_loss           | 0.000785    |
-----------------------------------------
-----------------------------------------
| rollout/                |             |
|    ep_len_mean          | 339         |
|    ep_rew_mean          | -337        |
| time/                   |             |
|    fps                  | 3419        |
|    iterations           | 258         |
|    time_elapsed         | 618         |
|    total_timesteps      | 2113536     |
| train/                  |             |
|    approx_kl            | 0.009132895 |
|    clip_fraction        | 0.106       |
|    clip_range           | 0.2         |
|    entropy_loss         | -1.1        |
|    explained_variance   | 0.988       |
|    learning_rate        | 0.0003      |
|    loss                 | -0.0113     |
|    n_updates            | 2570        |
|    policy_gradient_loss | -0.00459    |
|    value_loss           | 1.76e-05    |
-----------------------------------------
----------------------------------------
| rollout/                |            |
|    ep_len_mean          | 343        |
|    ep_rew_mean          | -342       |
| time/                   |            |
|    fps                  | 3420       |
|    iterations           | 259        |
|    time_elapsed         | 620        |
|    total_timesteps      | 2121728    |
| train/                  |            |
|    approx_kl            | 0.01196966 |
|    clip_fraction        | 0.139      |
|    clip_range           | 0.2        |
|    entropy_loss         | -1.14      |
|    explained_variance   | 0.763      |
|    learning_rate        | 0.0003     |
|    loss                 | -0.0179    |
|    n_updates            | 2580       |
|    policy_gradient_loss | -0.00238   |
|    value_loss           | 0.000777   |
----------------------------------------
-----------------------------------------
| rollout/                |             |
|    ep_len_mean          | 349         |
|    ep_rew_mean          | -347        |
| time/                   |             |
|    fps                  | 3419        |
|    iterations           | 260         |
|    time_elapsed         | 622         |
|    total_timesteps      | 2129920     |
| train/                  |             |
|    approx_kl            | 0.016542811 |
|    clip_fraction        | 0.185       |
|    clip_range           | 0.2         |
|    entropy_loss         | -1.16       |
|    explained_variance   | 0.994       |
|    learning_rate        | 0.0003      |
|    loss                 | -0.0223     |
|    n_updates            | 2590        |
|    policy_gradient_loss | -0.0107     |
|    value_loss           | 5.93e-06    |
-----------------------------------------
-----------------------------------------
| rollout/                |             |
|    ep_len_mean          | 335         |
|    ep_rew_mean          | -341        |
| time/                   |             |
|    fps                  | 3418        |
|    iterations           | 261         |
|    time_elapsed         | 625         |
|    total_timesteps      | 2138112     |
| train/                  |             |
|    approx_kl            | 0.015173876 |
|    clip_fraction        | 0.174       |
|    clip_range           | 0.2         |
|    entropy_loss         | -1.16       |
|    explained_variance   | 0.535       |
|    learning_rate        | 0.0003      |
|    loss                 | -0.0156     |
|    n_updates            | 2600        |
|    policy_gradient_loss | -0.00445    |
|    value_loss           | 0.00678     |
-----------------------------------------
-----------------------------------------
| rollout/                |             |
|    ep_len_mean          | 312         |
|    ep_rew_mean          | -316        |
| time/                   |             |
|    fps                  | 3417        |
|    iterations           | 262         |
|    time_elapsed         | 628         |
|    total_timesteps      | 2146304     |
| train/                  |             |
|    approx_kl            | 0.017606024 |
|    clip_fraction        | 0.218       |
|    clip_range           | 0.2         |
|    entropy_loss         | -1.1        |
|    explained_variance   | 0.995       |
|    learning_rate        | 0.0003      |
|    loss                 | -0.024      |
|    n_updates            | 2610        |
|    policy_gradient_loss | -0.012      |
|    value_loss           | 2.62e-05    |
-----------------------------------------
-----------------------------------------
| rollout/                |             |
|    ep_len_mean          | 267         |
|    ep_rew_mean          | -273        |
| time/                   |             |
|    fps                  | 3415        |
|    iterations           | 263         |
|    time_elapsed         | 630         |
|    total_timesteps      | 2154496     |
| train/                  |             |
|    approx_kl            | 0.015629556 |
|    clip_fraction        | 0.175       |
|    clip_range           | 0.2         |
|    entropy_loss         | -1.1        |
|    explained_variance   | 0.971       |
|    learning_rate        | 0.0003      |
|    loss                 | -0.02       |
|    n_updates            | 2620        |
|    policy_gradient_loss | -0.00812    |
|    value_loss           | 0.000187    |
-----------------------------------------
-----------------------------------------
| rollout/                |             |
|    ep_len_mean          | 279         |
|    ep_rew_mean          | -278        |
| time/                   |             |
|    fps                  | 3413        |
|    iterations           | 264         |
|    time_elapsed         | 633         |
|    total_timesteps      | 2162688     |
| train/                  |             |
|    approx_kl            | 0.012217892 |
|    clip_fraction        | 0.162       |
|    clip_range           | 0.2         |
|    entropy_loss         | -1.08       |
|    explained_variance   | 0.911       |
|    learning_rate        | 0.0003      |
|    loss                 | -0.0179     |
|    n_updates            | 2630        |
|    policy_gradient_loss | -0.00183    |
|    value_loss           | 0.000904    |
-----------------------------------------
-----------------------------------------
| rollout/                |             |
|    ep_len_mean          | 279         |
|    ep_rew_mean          | -276        |
| time/                   |             |
|    fps                  | 3412        |
|    iterations           | 265         |
|    time_elapsed         | 636         |
|    total_timesteps      | 2170880     |
| train/                  |             |
|    approx_kl            | 0.016790941 |
|    clip_fraction        | 0.16        |
|    clip_range           | 0.2         |
|    entropy_loss         | -1.08       |
|    explained_variance   | 0.994       |
|    learning_rate        | 0.0003      |
|    loss                 | -0.0315     |
|    n_updates            | 2640        |
|    policy_gradient_loss | -0.00721    |
|    value_loss           | 1.53e-05    |
-----------------------------------------
-----------------------------------------
| rollout/                |             |
|    ep_len_mean          | 264         |
|    ep_rew_mean          | -262        |
| time/                   |             |
|    fps                  | 3410        |
|    iterations           | 266         |
|    time_elapsed         | 638         |
|    total_timesteps      | 2179072     |
| train/                  |             |
|    approx_kl            | 0.018885668 |
|    clip_fraction        | 0.115       |
|    clip_range           | 0.2         |
|    entropy_loss         | -1.11       |
|    explained_variance   | 0.998       |
|    learning_rate        | 0.0003      |
|    loss                 | -0.0219     |
|    n_updates            | 2650        |
|    policy_gradient_loss | -0.00702    |
|    value_loss           | 6.91e-06    |
-----------------------------------------
-----------------------------------------
| rollout/                |             |
|    ep_len_mean          | 296         |
|    ep_rew_mean          | -293        |
| time/                   |             |
|    fps                  | 3410        |
|    iterations           | 267         |
|    time_elapsed         | 641         |
|    total_timesteps      | 2187264     |
| train/                  |             |
|    approx_kl            | 0.038078364 |
|    clip_fraction        | 0.139       |
|    clip_range           | 0.2         |
|    entropy_loss         | -1.09       |
|    explained_variance   | 0.91        |
|    learning_rate        | 0.0003      |
|    loss                 | -0.0181     |
|    n_updates            | 2660        |
|    policy_gradient_loss | -0.00174    |
|    value_loss           | 0.000728    |
-----------------------------------------
-----------------------------------------
| rollout/                |             |
|    ep_len_mean          | 305         |
|    ep_rew_mean          | -299        |
| time/                   |             |
|    fps                  | 3410        |
|    iterations           | 268         |
|    time_elapsed         | 643         |
|    total_timesteps      | 2195456     |
| train/                  |             |
|    approx_kl            | 0.012438877 |
|    clip_fraction        | 0.154       |
|    clip_range           | 0.2         |
|    entropy_loss         | -1.11       |
|    explained_variance   | 0.997       |
|    learning_rate        | 0.0003      |
|    loss                 | -0.0232     |
|    n_updates            | 2670        |
|    policy_gradient_loss | -0.00691    |
|    value_loss           | 1e-05       |
-----------------------------------------
-----------------------------------------
| rollout/                |             |
|    ep_len_mean          | 319         |
|    ep_rew_mean          | -313        |
| time/                   |             |
|    fps                  | 3411        |
|    iterations           | 269         |
|    time_elapsed         | 645         |
|    total_timesteps      | 2203648     |
| train/                  |             |
|    approx_kl            | 0.013865547 |
|    clip_fraction        | 0.12        |
|    clip_range           | 0.2         |
|    entropy_loss         | -1.15       |
|    explained_variance   | 0.998       |
|    learning_rate        | 0.0003      |
|    loss                 | -0.016      |
|    n_updates            | 2680        |
|    policy_gradient_loss | -0.00522    |
|    value_loss           | 2.47e-06    |
-----------------------------------------
-----------------------------------------
| rollout/                |             |
|    ep_len_mean          | 333         |
|    ep_rew_mean          | -327        |
| time/                   |             |
|    fps                  | 3411        |
|    iterations           | 270         |
|    time_elapsed         | 648         |
|    total_timesteps      | 2211840     |
| train/                  |             |
|    approx_kl            | 0.010951389 |
|    clip_fraction        | 0.145       |
|    clip_range           | 0.2         |
|    entropy_loss         | -1.12       |
|    explained_variance   | 0.999       |
|    learning_rate        | 0.0003      |
|    loss                 | -0.0327     |
|    n_updates            | 2690        |
|    policy_gradient_loss | -0.00683    |
|    value_loss           | 2.85e-06    |
-----------------------------------------
-----------------------------------------
| rollout/                |             |
|    ep_len_mean          | 343         |
|    ep_rew_mean          | -335        |
| time/                   |             |
|    fps                  | 3410        |
|    iterations           | 271         |
|    time_elapsed         | 650         |
|    total_timesteps      | 2220032     |
| train/                  |             |
|    approx_kl            | 0.017259806 |
|    clip_fraction        | 0.184       |
|    clip_range           | 0.2         |
|    entropy_loss         | -1.11       |
|    explained_variance   | 0.999       |
|    learning_rate        | 0.0003      |
|    loss                 | -0.02       |
|    n_updates            | 2700        |
|    policy_gradient_loss | -0.0095     |
|    value_loss           | 5.07e-06    |
-----------------------------------------
-----------------------------------------
| rollout/                |             |
|    ep_len_mean          | 319         |
|    ep_rew_mean          | -312        |
| time/                   |             |
|    fps                  | 3408        |
|    iterations           | 272         |
|    time_elapsed         | 653         |
|    total_timesteps      | 2228224     |
| train/                  |             |
|    approx_kl            | 0.009620938 |
|    clip_fraction        | 0.131       |
|    clip_range           | 0.2         |
|    entropy_loss         | -1.05       |
|    explained_variance   | 0.977       |
|    learning_rate        | 0.0003      |
|    loss                 | -0.00687    |
|    n_updates            | 2710        |
|    policy_gradient_loss | -0.00134    |
|    value_loss           | 0.000153    |
-----------------------------------------
-----------------------------------------
| rollout/                |             |
|    ep_len_mean          | 314         |
|    ep_rew_mean          | -307        |
| time/                   |             |
|    fps                  | 3408        |
|    iterations           | 273         |
|    time_elapsed         | 656         |
|    total_timesteps      | 2236416     |
| train/                  |             |
|    approx_kl            | 0.009608584 |
|    clip_fraction        | 0.136       |
|    clip_range           | 0.2         |
|    entropy_loss         | -1.04       |
|    explained_variance   | 0.999       |
|    learning_rate        | 0.0003      |
|    loss                 | -0.0148     |
|    n_updates            | 2720        |
|    policy_gradient_loss | -0.00584    |
|    value_loss           | 3.03e-06    |
-----------------------------------------
-----------------------------------------
| rollout/                |             |
|    ep_len_mean          | 314         |
|    ep_rew_mean          | -323        |
| time/                   |             |
|    fps                  | 3408        |
|    iterations           | 274         |
|    time_elapsed         | 658         |
|    total_timesteps      | 2244608     |
| train/                  |             |
|    approx_kl            | 0.006526683 |
|    clip_fraction        | 0.0552      |
|    clip_range           | 0.2         |
|    entropy_loss         | -1.09       |
|    explained_variance   | 0.144       |
|    learning_rate        | 0.0003      |
|    loss                 | -0.0154     |
|    n_updates            | 2730        |
|    policy_gradient_loss | -0.005      |
|    value_loss           | 0.0167      |
-----------------------------------------
-----------------------------------------
| rollout/                |             |
|    ep_len_mean          | 333         |
|    ep_rew_mean          | -347        |
| time/                   |             |
|    fps                  | 3408        |
|    iterations           | 275         |
|    time_elapsed         | 660         |
|    total_timesteps      | 2252800     |
| train/                  |             |
|    approx_kl            | 0.013720751 |
|    clip_fraction        | 0.158       |
|    clip_range           | 0.2         |
|    entropy_loss         | -1.11       |
|    explained_variance   | 0.589       |
|    learning_rate        | 0.0003      |
|    loss                 | -0.00414    |
|    n_updates            | 2740        |
|    policy_gradient_loss | -0.00589    |
|    value_loss           | 0.00142     |
-----------------------------------------
-----------------------------------------
| rollout/                |             |
|    ep_len_mean          | 347         |
|    ep_rew_mean          | -373        |
| time/                   |             |
|    fps                  | 3408        |
|    iterations           | 276         |
|    time_elapsed         | 663         |
|    total_timesteps      | 2260992     |
| train/                  |             |
|    approx_kl            | 0.009907169 |
|    clip_fraction        | 0.117       |
|    clip_range           | 0.2         |
|    entropy_loss         | -1.11       |
|    explained_variance   | 0.602       |
|    learning_rate        | 0.0003      |
|    loss                 | -0.0135     |
|    n_updates            | 2750        |
|    policy_gradient_loss | -0.00242    |
|    value_loss           | 0.00164     |
-----------------------------------------
-----------------------------------------
| rollout/                |             |
|    ep_len_mean          | 338         |
|    ep_rew_mean          | -365        |
| time/                   |             |
|    fps                  | 3408        |
|    iterations           | 277         |
|    time_elapsed         | 665         |
|    total_timesteps      | 2269184     |
| train/                  |             |
|    approx_kl            | 0.010700623 |
|    clip_fraction        | 0.116       |
|    clip_range           | 0.2         |
|    entropy_loss         | -1.1        |
|    explained_variance   | 0.301       |
|    learning_rate        | 0.0003      |
|    loss                 | -0.0185     |
|    n_updates            | 2760        |
|    policy_gradient_loss | -0.00635    |
|    value_loss           | 0.00873     |
-----------------------------------------
-----------------------------------------
| rollout/                |             |
|    ep_len_mean          | 347         |
|    ep_rew_mean          | -363        |
| time/                   |             |
|    fps                  | 3408        |
|    iterations           | 278         |
|    time_elapsed         | 668         |
|    total_timesteps      | 2277376     |
| train/                  |             |
|    approx_kl            | 0.013545308 |
|    clip_fraction        | 0.167       |
|    clip_range           | 0.2         |
|    entropy_loss         | -1.11       |
|    explained_variance   | 0.536       |
|    learning_rate        | 0.0003      |
|    loss                 | -0.0161     |
|    n_updates            | 2770        |
|    policy_gradient_loss | -0.00658    |
|    value_loss           | 0.00361     |
-----------------------------------------
-----------------------------------------
| rollout/                |             |
|    ep_len_mean          | 365         |
|    ep_rew_mean          | -380        |
| time/                   |             |
|    fps                  | 3409        |
|    iterations           | 279         |
|    time_elapsed         | 670         |
|    total_timesteps      | 2285568     |
| train/                  |             |
|    approx_kl            | 0.018415086 |
|    clip_fraction        | 0.221       |
|    clip_range           | 0.2         |
|    entropy_loss         | -1.14       |
|    explained_variance   | 0.841       |
|    learning_rate        | 0.0003      |
|    loss                 | -0.0226     |
|    n_updates            | 2780        |
|    policy_gradient_loss | -0.00909    |
|    value_loss           | 0.000209    |
-----------------------------------------
-----------------------------------------
| rollout/                |             |
|    ep_len_mean          | 335         |
|    ep_rew_mean          | -337        |
| time/                   |             |
|    fps                  | 3408        |
|    iterations           | 280         |
|    time_elapsed         | 672         |
|    total_timesteps      | 2293760     |
| train/                  |             |
|    approx_kl            | 0.016556162 |
|    clip_fraction        | 0.194       |
|    clip_range           | 0.2         |
|    entropy_loss         | -1.16       |
|    explained_variance   | 0.936       |
|    learning_rate        | 0.0003      |
|    loss                 | -0.0325     |
|    n_updates            | 2790        |
|    policy_gradient_loss | -0.0144     |
|    value_loss           | 5.58e-05    |
-----------------------------------------
-----------------------------------------
| rollout/                |             |
|    ep_len_mean          | 327         |
|    ep_rew_mean          | -337        |
| time/                   |             |
|    fps                  | 3406        |
|    iterations           | 281         |
|    time_elapsed         | 675         |
|    total_timesteps      | 2301952     |
| train/                  |             |
|    approx_kl            | 0.016093343 |
|    clip_fraction        | 0.206       |
|    clip_range           | 0.2         |
|    entropy_loss         | -1.11       |
|    explained_variance   | 0.906       |
|    learning_rate        | 0.0003      |
|    loss                 | -0.0138     |
|    n_updates            | 2800        |
|    policy_gradient_loss | -0.0101     |
|    value_loss           | 0.000541    |
-----------------------------------------
-----------------------------------------
| rollout/                |             |
|    ep_len_mean          | 253         |
|    ep_rew_mean          | -271        |
| time/                   |             |
|    fps                  | 3402        |
|    iterations           | 282         |
|    time_elapsed         | 678         |
|    total_timesteps      | 2310144     |
| train/                  |             |
|    approx_kl            | 0.010173187 |
|    clip_fraction        | 0.112       |
|    clip_range           | 0.2         |
|    entropy_loss         | -1.14       |
|    explained_variance   | 0.331       |
|    learning_rate        | 0.0003      |
|    loss                 | -0.0328     |
|    n_updates            | 2810        |
|    policy_gradient_loss | -0.00799    |
|    value_loss           | 0.00719     |
-----------------------------------------
-----------------------------------------
| rollout/                |             |
|    ep_len_mean          | 226         |
|    ep_rew_mean          | -249        |
| time/                   |             |
|    fps                  | 3400        |
|    iterations           | 283         |
|    time_elapsed         | 681         |
|    total_timesteps      | 2318336     |
| train/                  |             |
|    approx_kl            | 0.019214787 |
|    clip_fraction        | 0.135       |
|    clip_range           | 0.2         |
|    entropy_loss         | -1.14       |
|    explained_variance   | 0.631       |
|    learning_rate        | 0.0003      |
|    loss                 | -0.0214     |
|    n_updates            | 2820        |
|    policy_gradient_loss | -0.00804    |
|    value_loss           | 0.0056      |
-----------------------------------------
-----------------------------------------
| rollout/                |             |
|    ep_len_mean          | 181         |
|    ep_rew_mean          | -195        |
| time/                   |             |
|    fps                  | 3394        |
|    iterations           | 284         |
|    time_elapsed         | 685         |
|    total_timesteps      | 2326528     |
| train/                  |             |
|    approx_kl            | 0.026827004 |
|    clip_fraction        | 0.22        |
|    clip_range           | 0.2         |
|    entropy_loss         | -1.15       |
|    explained_variance   | 0.686       |
|    learning_rate        | 0.0003      |
|    loss                 | -0.0244     |
|    n_updates            | 2830        |
|    policy_gradient_loss | -0.00841    |
|    value_loss           | 0.0034      |
-----------------------------------------
-----------------------------------------
| rollout/                |             |
|    ep_len_mean          | 194         |
|    ep_rew_mean          | -204        |
| time/                   |             |
|    fps                  | 3392        |
|    iterations           | 285         |
|    time_elapsed         | 688         |
|    total_timesteps      | 2334720     |
| train/                  |             |
|    approx_kl            | 0.019963995 |
|    clip_fraction        | 0.212       |
|    clip_range           | 0.2         |
|    entropy_loss         | -1.09       |
|    explained_variance   | 0.694       |
|    learning_rate        | 0.0003      |
|    loss                 | -0.00859    |
|    n_updates            | 2840        |
|    policy_gradient_loss | -0.00724    |
|    value_loss           | 0.00686     |
-----------------------------------------
-----------------------------------------
| rollout/                |             |
|    ep_len_mean          | 216         |
|    ep_rew_mean          | -222        |
| time/                   |             |
|    fps                  | 3386        |
|    iterations           | 286         |
|    time_elapsed         | 691         |
|    total_timesteps      | 2342912     |
| train/                  |             |
|    approx_kl            | 0.014553413 |
|    clip_fraction        | 0.199       |
|    clip_range           | 0.2         |
|    entropy_loss         | -1.19       |
|    explained_variance   | 0.923       |
|    learning_rate        | 0.0003      |
|    loss                 | -0.0161     |
|    n_updates            | 2850        |
|    policy_gradient_loss | -0.00433    |
|    value_loss           | 8.61e-05    |
-----------------------------------------
-----------------------------------------
| rollout/                |             |
|    ep_len_mean          | 243         |
|    ep_rew_mean          | -238        |
| time/                   |             |
|    fps                  | 3378        |
|    iterations           | 287         |
|    time_elapsed         | 695         |
|    total_timesteps      | 2351104     |
| train/                  |             |
|    approx_kl            | 0.015515579 |
|    clip_fraction        | 0.186       |
|    clip_range           | 0.2         |
|    entropy_loss         | -1.17       |
|    explained_variance   | 0.934       |
|    learning_rate        | 0.0003      |
|    loss                 | -0.0184     |
|    n_updates            | 2860        |
|    policy_gradient_loss | -0.00438    |
|    value_loss           | 0.000596    |
-----------------------------------------
-----------------------------------------
| rollout/                |             |
|    ep_len_mean          | 237         |
|    ep_rew_mean          | -233        |
| time/                   |             |
|    fps                  | 3376        |
|    iterations           | 288         |
|    time_elapsed         | 698         |
|    total_timesteps      | 2359296     |
| train/                  |             |
|    approx_kl            | 0.013686127 |
|    clip_fraction        | 0.12        |
|    clip_range           | 0.2         |
|    entropy_loss         | -1.15       |
|    explained_variance   | 0.99        |
|    learning_rate        | 0.0003      |
|    loss                 | -0.0246     |
|    n_updates            | 2870        |
|    policy_gradient_loss | -0.00541    |
|    value_loss           | 3.09e-05    |
-----------------------------------------
-----------------------------------------
| rollout/                |             |
|    ep_len_mean          | 246         |
|    ep_rew_mean          | -241        |
| time/                   |             |
|    fps                  | 3375        |
|    iterations           | 289         |
|    time_elapsed         | 701         |
|    total_timesteps      | 2367488     |
| train/                  |             |
|    approx_kl            | 0.015120514 |
|    clip_fraction        | 0.222       |
|    clip_range           | 0.2         |
|    entropy_loss         | -1.15       |
|    explained_variance   | 0.924       |
|    learning_rate        | 0.0003      |
|    loss                 | 0.00331     |
|    n_updates            | 2880        |
|    policy_gradient_loss | -0.00407    |
|    value_loss           | 0.000774    |
-----------------------------------------
-----------------------------------------
| rollout/                |             |
|    ep_len_mean          | 250         |
|    ep_rew_mean          | -252        |
| time/                   |             |
|    fps                  | 3372        |
|    iterations           | 290         |
|    time_elapsed         | 704         |
|    total_timesteps      | 2375680     |
| train/                  |             |
|    approx_kl            | 0.022352073 |
|    clip_fraction        | 0.254       |
|    clip_range           | 0.2         |
|    entropy_loss         | -1.14       |
|    explained_variance   | 0.996       |
|    learning_rate        | 0.0003      |
|    loss                 | -0.0179     |
|    n_updates            | 2890        |
|    policy_gradient_loss | -0.0139     |
|    value_loss           | 1.33e-05    |
-----------------------------------------
----------------------------------------
| rollout/                |            |
|    ep_len_mean          | 251        |
|    ep_rew_mean          | -268       |
| time/                   |            |
|    fps                  | 3368       |
|    iterations           | 291        |
|    time_elapsed         | 707        |
|    total_timesteps      | 2383872    |
| train/                  |            |
|    approx_kl            | 0.01133853 |
|    clip_fraction        | 0.159      |
|    clip_range           | 0.2        |
|    entropy_loss         | -1.12      |
|    explained_variance   | 0.63       |
|    learning_rate        | 0.0003     |
|    loss                 | -0.0198    |
|    n_updates            | 2900       |
|    policy_gradient_loss | -0.00362   |
|    value_loss           | 0.00641    |
----------------------------------------
----------------------------------------
| rollout/                |            |
|    ep_len_mean          | 223        |
|    ep_rew_mean          | -238       |
| time/                   |            |
|    fps                  | 3364       |
|    iterations           | 292        |
|    time_elapsed         | 711        |
|    total_timesteps      | 2392064    |
| train/                  |            |
|    approx_kl            | 0.01435074 |
|    clip_fraction        | 0.2        |
|    clip_range           | 0.2        |
|    entropy_loss         | -1.13      |
|    explained_variance   | 0.771      |
|    learning_rate        | 0.0003     |
|    loss                 | -0.0175    |
|    n_updates            | 2910       |
|    policy_gradient_loss | -0.00731   |
|    value_loss           | 0.00407    |
----------------------------------------
-----------------------------------------
| rollout/                |             |
|    ep_len_mean          | 217         |
|    ep_rew_mean          | -224        |
| time/                   |             |
|    fps                  | 3362        |
|    iterations           | 293         |
|    time_elapsed         | 713         |
|    total_timesteps      | 2400256     |
| train/                  |             |
|    approx_kl            | 0.013603694 |
|    clip_fraction        | 0.176       |
|    clip_range           | 0.2         |
|    entropy_loss         | -1.1        |
|    explained_variance   | 0.995       |
|    learning_rate        | 0.0003      |
|    loss                 | -0.0243     |
|    n_updates            | 2920        |
|    policy_gradient_loss | -0.0119     |
|    value_loss           | 3.1e-05     |
-----------------------------------------
-----------------------------------------
| rollout/                |             |
|    ep_len_mean          | 226         |
|    ep_rew_mean          | -228        |
| time/                   |             |
|    fps                  | 3360        |
|    iterations           | 294         |
|    time_elapsed         | 716         |
|    total_timesteps      | 2408448     |
| train/                  |             |
|    approx_kl            | 0.013015909 |
|    clip_fraction        | 0.13        |
|    clip_range           | 0.2         |
|    entropy_loss         | -1.14       |
|    explained_variance   | 0.998       |
|    learning_rate        | 0.0003      |
|    loss                 | -0.0144     |
|    n_updates            | 2930        |
|    policy_gradient_loss | -0.00565    |
|    value_loss           | 1.03e-05    |
-----------------------------------------
-----------------------------------------
| rollout/                |             |
|    ep_len_mean          | 236         |
|    ep_rew_mean          | -240        |
| time/                   |             |
|    fps                  | 3357        |
|    iterations           | 295         |
|    time_elapsed         | 719         |
|    total_timesteps      | 2416640     |
| train/                  |             |
|    approx_kl            | 0.010369852 |
|    clip_fraction        | 0.0601      |
|    clip_range           | 0.2         |
|    entropy_loss         | -1.14       |
|    explained_variance   | 0.684       |
|    learning_rate        | 0.0003      |
|    loss                 | -0.0194     |
|    n_updates            | 2940        |
|    policy_gradient_loss | -0.00407    |
|    value_loss           | 0.00349     |
-----------------------------------------
-----------------------------------------
| rollout/                |             |
|    ep_len_mean          | 214         |
|    ep_rew_mean          | -214        |
| time/                   |             |
|    fps                  | 3350        |
|    iterations           | 296         |
|    time_elapsed         | 723         |
|    total_timesteps      | 2424832     |
| train/                  |             |
|    approx_kl            | 0.013501693 |
|    clip_fraction        | 0.19        |
|    clip_range           | 0.2         |
|    entropy_loss         | -1.16       |
|    explained_variance   | 0.982       |
|    learning_rate        | 0.0003      |
|    loss                 | -0.0309     |
|    n_updates            | 2950        |
|    policy_gradient_loss | -0.00624    |
|    value_loss           | 6.05e-05    |
-----------------------------------------
-----------------------------------------
| rollout/                |             |
|    ep_len_mean          | 210         |
|    ep_rew_mean          | -209        |
| time/                   |             |
|    fps                  | 3344        |
|    iterations           | 297         |
|    time_elapsed         | 727         |
|    total_timesteps      | 2433024     |
| train/                  |             |
|    approx_kl            | 0.018530952 |
|    clip_fraction        | 0.183       |
|    clip_range           | 0.2         |
|    entropy_loss         | -1.12       |
|    explained_variance   | 0.935       |
|    learning_rate        | 0.0003      |
|    loss                 | -0.0157     |
|    n_updates            | 2960        |
|    policy_gradient_loss | -0.00517    |
|    value_loss           | 0.00103     |
-----------------------------------------
----------------------------------------
| rollout/                |            |
|    ep_len_mean          | 215        |
|    ep_rew_mean          | -215       |
| time/                   |            |
|    fps                  | 3340       |
|    iterations           | 298        |
|    time_elapsed         | 730        |
|    total_timesteps      | 2441216    |
| train/                  |            |
|    approx_kl            | 0.01305193 |
|    clip_fraction        | 0.181      |
|    clip_range           | 0.2        |
|    entropy_loss         | -1.13      |
|    explained_variance   | 0.971      |
|    learning_rate        | 0.0003     |
|    loss                 | -0.00929   |
|    n_updates            | 2970       |
|    policy_gradient_loss | -0.00591   |
|    value_loss           | 0.000314   |
----------------------------------------
-----------------------------------------
| rollout/                |             |
|    ep_len_mean          | 201         |
|    ep_rew_mean          | -210        |
| time/                   |             |
|    fps                  | 3334        |
|    iterations           | 299         |
|    time_elapsed         | 734         |
|    total_timesteps      | 2449408     |
| train/                  |             |
|    approx_kl            | 0.010276092 |
|    clip_fraction        | 0.108       |
|    clip_range           | 0.2         |
|    entropy_loss         | -1.13       |
|    explained_variance   | 0.987       |
|    learning_rate        | 0.0003      |
|    loss                 | -0.0132     |
|    n_updates            | 2980        |
|    policy_gradient_loss | -0.00557    |
|    value_loss           | 0.000157    |
-----------------------------------------
-----------------------------------------
| rollout/                |             |
|    ep_len_mean          | 205         |
|    ep_rew_mean          | -213        |
| time/                   |             |
|    fps                  | 3332        |
|    iterations           | 300         |
|    time_elapsed         | 737         |
|    total_timesteps      | 2457600     |
| train/                  |             |
|    approx_kl            | 0.012756018 |
|    clip_fraction        | 0.123       |
|    clip_range           | 0.2         |
|    entropy_loss         | -1.09       |
|    explained_variance   | 0.518       |
|    learning_rate        | 0.0003      |
|    loss                 | -0.0151     |
|    n_updates            | 2990        |
|    policy_gradient_loss | -0.00645    |
|    value_loss           | 0.0135      |
-----------------------------------------
-----------------------------------------
| rollout/                |             |
|    ep_len_mean          | 210         |
|    ep_rew_mean          | -219        |
| time/                   |             |
|    fps                  | 3329        |
|    iterations           | 301         |
|    time_elapsed         | 740         |
|    total_timesteps      | 2465792     |
| train/                  |             |
|    approx_kl            | 0.020755658 |
|    clip_fraction        | 0.224       |
|    clip_range           | 0.2         |
|    entropy_loss         | -1.13       |
|    explained_variance   | 0.893       |
|    learning_rate        | 0.0003      |
|    loss                 | -0.00983    |
|    n_updates            | 3000        |
|    policy_gradient_loss | -0.00327    |
|    value_loss           | 0.000988    |
-----------------------------------------
-----------------------------------------
| rollout/                |             |
|    ep_len_mean          | 252         |
|    ep_rew_mean          | -251        |
| time/                   |             |
|    fps                  | 3328        |
|    iterations           | 302         |
|    time_elapsed         | 743         |
|    total_timesteps      | 2473984     |
| train/                  |             |
|    approx_kl            | 0.012927945 |
|    clip_fraction        | 0.106       |
|    clip_range           | 0.2         |
|    entropy_loss         | -1.17       |
|    explained_variance   | 0.993       |
|    learning_rate        | 0.0003      |
|    loss                 | -0.0221     |
|    n_updates            | 3010        |
|    policy_gradient_loss | -0.00771    |
|    value_loss           | 4.31e-05    |
-----------------------------------------
-----------------------------------------
| rollout/                |             |
|    ep_len_mean          | 238         |
|    ep_rew_mean          | -237        |
| time/                   |             |
|    fps                  | 3324        |
|    iterations           | 303         |
|    time_elapsed         | 746         |
|    total_timesteps      | 2482176     |
| train/                  |             |
|    approx_kl            | 0.033084102 |
|    clip_fraction        | 0.224       |
|    clip_range           | 0.2         |
|    entropy_loss         | -1.18       |
|    explained_variance   | 0.913       |
|    learning_rate        | 0.0003      |
|    loss                 | -0.0125     |
|    n_updates            | 3020        |
|    policy_gradient_loss | -0.00234    |
|    value_loss           | 0.00089     |
-----------------------------------------
-----------------------------------------
| rollout/                |             |
|    ep_len_mean          | 252         |
|    ep_rew_mean          | -249        |
| time/                   |             |
|    fps                  | 3323        |
|    iterations           | 304         |
|    time_elapsed         | 749         |
|    total_timesteps      | 2490368     |
| train/                  |             |
|    approx_kl            | 0.013151919 |
|    clip_fraction        | 0.191       |
|    clip_range           | 0.2         |
|    entropy_loss         | -1.14       |
|    explained_variance   | 0.984       |
|    learning_rate        | 0.0003      |
|    loss                 | -0.0112     |
|    n_updates            | 3030        |
|    policy_gradient_loss | -0.00673    |
|    value_loss           | 0.000187    |
-----------------------------------------
-----------------------------------------
| rollout/                |             |
|    ep_len_mean          | 204         |
|    ep_rew_mean          | -198        |
| time/                   |             |
|    fps                  | 3310        |
|    iterations           | 305         |
|    time_elapsed         | 754         |
|    total_timesteps      | 2498560     |
| train/                  |             |
|    approx_kl            | 0.009893381 |
|    clip_fraction        | 0.1         |
|    clip_range           | 0.2         |
|    entropy_loss         | -1.2        |
|    explained_variance   | 0.997       |
|    learning_rate        | 0.0003      |
|    loss                 | -0.0229     |
|    n_updates            | 3040        |
|    policy_gradient_loss | -0.00508    |
|    value_loss           | 1.01e-05    |
-----------------------------------------
-----------------------------------------
| rollout/                |             |
|    ep_len_mean          | 222         |
|    ep_rew_mean          | -217        |
| time/                   |             |
|    fps                  | 3307        |
|    iterations           | 306         |
|    time_elapsed         | 757         |
|    total_timesteps      | 2506752     |
| train/                  |             |
|    approx_kl            | 0.014075529 |
|    clip_fraction        | 0.147       |
|    clip_range           | 0.2         |
|    entropy_loss         | -1.14       |
|    explained_variance   | 0.998       |
|    learning_rate        | 0.0003      |
|    loss                 | -0.00795    |
|    n_updates            | 3050        |
|    policy_gradient_loss | -0.00422    |
|    value_loss           | 2.1e-05     |
-----------------------------------------
-----------------------------------------
| rollout/                |             |
|    ep_len_mean          | 194         |
|    ep_rew_mean          | -189        |
| time/                   |             |
|    fps                  | 3304        |
|    iterations           | 307         |
|    time_elapsed         | 761         |
|    total_timesteps      | 2514944     |
| train/                  |             |
|    approx_kl            | 0.012480278 |
|    clip_fraction        | 0.138       |
|    clip_range           | 0.2         |
|    entropy_loss         | -1.17       |
|    explained_variance   | 0.98        |
|    learning_rate        | 0.0003      |
|    loss                 | -0.0225     |
|    n_updates            | 3060        |
|    policy_gradient_loss | -0.00573    |
|    value_loss           | 0.000207    |
-----------------------------------------
-----------------------------------------
| rollout/                |             |
|    ep_len_mean          | 204         |
|    ep_rew_mean          | -199        |
| time/                   |             |
|    fps                  | 3303        |
|    iterations           | 308         |
|    time_elapsed         | 763         |
|    total_timesteps      | 2523136     |
| train/                  |             |
|    approx_kl            | 0.012360811 |
|    clip_fraction        | 0.135       |
|    clip_range           | 0.2         |
|    entropy_loss         | -1.11       |
|    explained_variance   | 0.998       |
|    learning_rate        | 0.0003      |
|    loss                 | -0.0191     |
|    n_updates            | 3070        |
|    policy_gradient_loss | -0.0048     |
|    value_loss           | 1.88e-05    |
-----------------------------------------
-----------------------------------------
| rollout/                |             |
|    ep_len_mean          | 236         |
|    ep_rew_mean          | -230        |
| time/                   |             |
|    fps                  | 3302        |
|    iterations           | 309         |
|    time_elapsed         | 766         |
|    total_timesteps      | 2531328     |
| train/                  |             |
|    approx_kl            | 0.013748412 |
|    clip_fraction        | 0.176       |
|    clip_range           | 0.2         |
|    entropy_loss         | -1.13       |
|    explained_variance   | 0.999       |
|    learning_rate        | 0.0003      |
|    loss                 | -0.0182     |
|    n_updates            | 3080        |
|    policy_gradient_loss | -0.00519    |
|    value_loss           | 9.31e-06    |
-----------------------------------------
-----------------------------------------
| rollout/                |             |
|    ep_len_mean          | 232         |
|    ep_rew_mean          | -225        |
| time/                   |             |
|    fps                  | 3297        |
|    iterations           | 310         |
|    time_elapsed         | 770         |
|    total_timesteps      | 2539520     |
| train/                  |             |
|    approx_kl            | 0.015248952 |
|    clip_fraction        | 0.184       |
|    clip_range           | 0.2         |
|    entropy_loss         | -1.12       |
|    explained_variance   | 0.999       |
|    learning_rate        | 0.0003      |
|    loss                 | -0.0223     |
|    n_updates            | 3090        |
|    policy_gradient_loss | -0.00864    |
|    value_loss           | 5.79e-06    |
-----------------------------------------
----------------------------------------
| rollout/                |            |
|    ep_len_mean          | 218        |
|    ep_rew_mean          | -212       |
| time/                   |            |
|    fps                  | 3295       |
|    iterations           | 311        |
|    time_elapsed         | 773        |
|    total_timesteps      | 2547712    |
| train/                  |            |
|    approx_kl            | 0.00899719 |
|    clip_fraction        | 0.0889     |
|    clip_range           | 0.2        |
|    entropy_loss         | -1.03      |
|    explained_variance   | 0.999      |
|    learning_rate        | 0.0003     |
|    loss                 | -0.0178    |
|    n_updates            | 3100       |
|    policy_gradient_loss | -0.00534   |
|    value_loss           | 1.68e-05   |
----------------------------------------
---------------------------------------
| rollout/                |           |
|    ep_len_mean          | 204       |
|    ep_rew_mean          | -203      |
| time/                   |           |
|    fps                  | 3293      |
|    iterations           | 312       |
|    time_elapsed         | 776       |
|    total_timesteps      | 2555904   |
| train/                  |           |
|    approx_kl            | 0.0107392 |
|    clip_fraction        | 0.0749    |
|    clip_range           | 0.2       |
|    entropy_loss         | -1.09     |
|    explained_variance   | 0.941     |
|    learning_rate        | 0.0003    |
|    loss                 | -0.0197   |
|    n_updates            | 3110      |
|    policy_gradient_loss | -0.00495  |
|    value_loss           | 0.000617  |
---------------------------------------
-----------------------------------------
| rollout/                |             |
|    ep_len_mean          | 236         |
|    ep_rew_mean          | -237        |
| time/                   |             |
|    fps                  | 3291        |
|    iterations           | 313         |
|    time_elapsed         | 779         |
|    total_timesteps      | 2564096     |
| train/                  |             |
|    approx_kl            | 0.008548087 |
|    clip_fraction        | 0.0742      |
|    clip_range           | 0.2         |
|    entropy_loss         | -1.1        |
|    explained_variance   | 0.856       |
|    learning_rate        | 0.0003      |
|    loss                 | -0.015      |
|    n_updates            | 3120        |
|    policy_gradient_loss | -0.00455    |
|    value_loss           | 0.00152     |
-----------------------------------------
-----------------------------------------
| rollout/                |             |
|    ep_len_mean          | 240         |
|    ep_rew_mean          | -241        |
| time/                   |             |
|    fps                  | 3288        |
|    iterations           | 314         |
|    time_elapsed         | 782         |
|    total_timesteps      | 2572288     |
| train/                  |             |
|    approx_kl            | 0.010709215 |
|    clip_fraction        | 0.149       |
|    clip_range           | 0.2         |
|    entropy_loss         | -1.11       |
|    explained_variance   | 0.913       |
|    learning_rate        | 0.0003      |
|    loss                 | -0.013      |
|    n_updates            | 3130        |
|    policy_gradient_loss | -0.00178    |
|    value_loss           | 0.000718    |
-----------------------------------------
-----------------------------------------
| rollout/                |             |
|    ep_len_mean          | 235         |
|    ep_rew_mean          | -247        |
| time/                   |             |
|    fps                  | 3281        |
|    iterations           | 315         |
|    time_elapsed         | 786         |
|    total_timesteps      | 2580480     |
| train/                  |             |
|    approx_kl            | 0.009695737 |
|    clip_fraction        | 0.104       |
|    clip_range           | 0.2         |
|    entropy_loss         | -1.11       |
|    explained_variance   | 0.993       |
|    learning_rate        | 0.0003      |
|    loss                 | -0.0208     |
|    n_updates            | 3140        |
|    policy_gradient_loss | -0.00421    |
|    value_loss           | 1.52e-05    |
-----------------------------------------
-----------------------------------------
| rollout/                |             |
|    ep_len_mean          | 198         |
|    ep_rew_mean          | -218        |
| time/                   |             |
|    fps                  | 3277        |
|    iterations           | 316         |
|    time_elapsed         | 789         |
|    total_timesteps      | 2588672     |
| train/                  |             |
|    approx_kl            | 0.006684415 |
|    clip_fraction        | 0.0533      |
|    clip_range           | 0.2         |
|    entropy_loss         | -1.09       |
|    explained_variance   | 0.436       |
|    learning_rate        | 0.0003      |
|    loss                 | -0.0154     |
|    n_updates            | 3150        |
|    policy_gradient_loss | -0.00379    |
|    value_loss           | 0.0132      |
-----------------------------------------
------------------------------------------
| rollout/                |              |
|    ep_len_mean          | 212          |
|    ep_rew_mean          | -222         |
| time/                   |              |
|    fps                  | 3272         |
|    iterations           | 317          |
|    time_elapsed         | 793          |
|    total_timesteps      | 2596864      |
| train/                  |              |
|    approx_kl            | 0.0065277843 |
|    clip_fraction        | 0.0484       |
|    clip_range           | 0.2          |
|    entropy_loss         | -1.09        |
|    explained_variance   | 0.667        |
|    learning_rate        | 0.0003       |
|    loss                 | 0.000221     |
|    n_updates            | 3160         |
|    policy_gradient_loss | -0.00131     |
|    value_loss           | 0.00797      |
------------------------------------------
-----------------------------------------
| rollout/                |             |
|    ep_len_mean          | 235         |
|    ep_rew_mean          | -238        |
| time/                   |             |
|    fps                  | 3270        |
|    iterations           | 318         |
|    time_elapsed         | 796         |
|    total_timesteps      | 2605056     |
| train/                  |             |
|    approx_kl            | 0.013410681 |
|    clip_fraction        | 0.163       |
|    clip_range           | 0.2         |
|    entropy_loss         | -1.11       |
|    explained_variance   | 0.951       |
|    learning_rate        | 0.0003      |
|    loss                 | -0.0232     |
|    n_updates            | 3170        |
|    policy_gradient_loss | -0.00261    |
|    value_loss           | 0.000138    |
-----------------------------------------
-----------------------------------------
| rollout/                |             |
|    ep_len_mean          | 259         |
|    ep_rew_mean          | -268        |
| time/                   |             |
|    fps                  | 3269        |
|    iterations           | 319         |
|    time_elapsed         | 799         |
|    total_timesteps      | 2613248     |
| train/                  |             |
|    approx_kl            | 0.011171056 |
|    clip_fraction        | 0.0888      |
|    clip_range           | 0.2         |
|    entropy_loss         | -1.13       |
|    explained_variance   | 0.979       |
|    learning_rate        | 0.0003      |
|    loss                 | -0.0114     |
|    n_updates            | 3180        |
|    policy_gradient_loss | -0.00115    |
|    value_loss           | 5.21e-05    |
-----------------------------------------
-----------------------------------------
| rollout/                |             |
|    ep_len_mean          | 255         |
|    ep_rew_mean          | -255        |
| time/                   |             |
|    fps                  | 3268        |
|    iterations           | 320         |
|    time_elapsed         | 801         |
|    total_timesteps      | 2621440     |
| train/                  |             |
|    approx_kl            | 0.010948459 |
|    clip_fraction        | 0.0591      |
|    clip_range           | 0.2         |
|    entropy_loss         | -1.13       |
|    explained_variance   | 0.572       |
|    learning_rate        | 0.0003      |
|    loss                 | -0.0236     |
|    n_updates            | 3190        |
|    policy_gradient_loss | -0.00458    |
|    value_loss           | 0.0054      |
-----------------------------------------
-----------------------------------------
| rollout/                |             |
|    ep_len_mean          | 256         |
|    ep_rew_mean          | -257        |
| time/                   |             |
|    fps                  | 3266        |
|    iterations           | 321         |
|    time_elapsed         | 805         |
|    total_timesteps      | 2629632     |
| train/                  |             |
|    approx_kl            | 0.016363278 |
|    clip_fraction        | 0.192       |
|    clip_range           | 0.2         |
|    entropy_loss         | -1.12       |
|    explained_variance   | 0.892       |
|    learning_rate        | 0.0003      |
|    loss                 | -0.026      |
|    n_updates            | 3200        |
|    policy_gradient_loss | -0.00509    |
|    value_loss           | 0.000165    |
-----------------------------------------
-----------------------------------------
| rollout/                |             |
|    ep_len_mean          | 223         |
|    ep_rew_mean          | -221        |
| time/                   |             |
|    fps                  | 3262        |
|    iterations           | 322         |
|    time_elapsed         | 808         |
|    total_timesteps      | 2637824     |
| train/                  |             |
|    approx_kl            | 0.023478102 |
|    clip_fraction        | 0.227       |
|    clip_range           | 0.2         |
|    entropy_loss         | -1.12       |
|    explained_variance   | 0.921       |
|    learning_rate        | 0.0003      |
|    loss                 | -0.0134     |
|    n_updates            | 3210        |
|    policy_gradient_loss | -0.000755   |
|    value_loss           | 0.000931    |
-----------------------------------------
-----------------------------------------
| rollout/                |             |
|    ep_len_mean          | 235         |
|    ep_rew_mean          | -235        |
| time/                   |             |
|    fps                  | 3257        |
|    iterations           | 323         |
|    time_elapsed         | 812         |
|    total_timesteps      | 2646016     |
| train/                  |             |
|    approx_kl            | 0.012814861 |
|    clip_fraction        | 0.139       |
|    clip_range           | 0.2         |
|    entropy_loss         | -1.11       |
|    explained_variance   | 0.885       |
|    learning_rate        | 0.0003      |
|    loss                 | -0.0285     |
|    n_updates            | 3220        |
|    policy_gradient_loss | -0.00626    |
|    value_loss           | 0.00149     |
-----------------------------------------
-----------------------------------------
| rollout/                |             |
|    ep_len_mean          | 232         |
|    ep_rew_mean          | -236        |
| time/                   |             |
|    fps                  | 3255        |
|    iterations           | 324         |
|    time_elapsed         | 815         |
|    total_timesteps      | 2654208     |
| train/                  |             |
|    approx_kl            | 0.014204529 |
|    clip_fraction        | 0.2         |
|    clip_range           | 0.2         |
|    entropy_loss         | -1.15       |
|    explained_variance   | 0.976       |
|    learning_rate        | 0.0003      |
|    loss                 | -0.0202     |
|    n_updates            | 3230        |
|    policy_gradient_loss | -0.00532    |
|    value_loss           | 8.8e-05     |
-----------------------------------------
-----------------------------------------
| rollout/                |             |
|    ep_len_mean          | 240         |
|    ep_rew_mean          | -267        |
| time/                   |             |
|    fps                  | 3252        |
|    iterations           | 325         |
|    time_elapsed         | 818         |
|    total_timesteps      | 2662400     |
| train/                  |             |
|    approx_kl            | 0.010491747 |
|    clip_fraction        | 0.125       |
|    clip_range           | 0.2         |
|    entropy_loss         | -1.15       |
|    explained_variance   | 0.303       |
|    learning_rate        | 0.0003      |
|    loss                 | -0.013      |
|    n_updates            | 3240        |
|    policy_gradient_loss | -0.00617    |
|    value_loss           | 0.0272      |
-----------------------------------------
----------------------------------------
| rollout/                |            |
|    ep_len_mean          | 217        |
|    ep_rew_mean          | -249       |
| time/                   |            |
|    fps                  | 3249       |
|    iterations           | 326        |
|    time_elapsed         | 821        |
|    total_timesteps      | 2670592    |
| train/                  |            |
|    approx_kl            | 0.01782591 |
|    clip_fraction        | 0.234      |
|    clip_range           | 0.2        |
|    entropy_loss         | -1.11      |
|    explained_variance   | 0.874      |
|    learning_rate        | 0.0003     |
|    loss                 | -0.019     |
|    n_updates            | 3250       |
|    policy_gradient_loss | -0.0116    |
|    value_loss           | 0.00224    |
----------------------------------------
-----------------------------------------
| rollout/                |             |
|    ep_len_mean          | 216         |
|    ep_rew_mean          | -237        |
| time/                   |             |
|    fps                  | 3248        |
|    iterations           | 327         |
|    time_elapsed         | 824         |
|    total_timesteps      | 2678784     |
| train/                  |             |
|    approx_kl            | 0.016923808 |
|    clip_fraction        | 0.132       |
|    clip_range           | 0.2         |
|    entropy_loss         | -1.11       |
|    explained_variance   | 0.962       |
|    learning_rate        | 0.0003      |
|    loss                 | -0.0162     |
|    n_updates            | 3260        |
|    policy_gradient_loss | -0.00917    |
|    value_loss           | 0.000512    |
-----------------------------------------
-----------------------------------------
| rollout/                |             |
|    ep_len_mean          | 199         |
|    ep_rew_mean          | -209        |
| time/                   |             |
|    fps                  | 3243        |
|    iterations           | 328         |
|    time_elapsed         | 828         |
|    total_timesteps      | 2686976     |
| train/                  |             |
|    approx_kl            | 0.011804454 |
|    clip_fraction        | 0.119       |
|    clip_range           | 0.2         |
|    entropy_loss         | -1.14       |
|    explained_variance   | 0.968       |
|    learning_rate        | 0.0003      |
|    loss                 | -0.0199     |
|    n_updates            | 3270        |
|    policy_gradient_loss | -0.00577    |
|    value_loss           | 8.57e-05    |
-----------------------------------------
------------------------------------------
| rollout/                |              |
|    ep_len_mean          | 184          |
|    ep_rew_mean          | -193         |
| time/                   |              |
|    fps                  | 3240         |
|    iterations           | 329          |
|    time_elapsed         | 831          |
|    total_timesteps      | 2695168      |
| train/                  |              |
|    approx_kl            | 0.0050538843 |
|    clip_fraction        | 0.0432       |
|    clip_range           | 0.2          |
|    entropy_loss         | -1.05        |
|    explained_variance   | 0.614        |
|    learning_rate        | 0.0003       |
|    loss                 | -0.0178      |
|    n_updates            | 3280         |
|    policy_gradient_loss | -0.00493     |
|    value_loss           | 0.0106       |
------------------------------------------
-----------------------------------------
| rollout/                |             |
|    ep_len_mean          | 189         |
|    ep_rew_mean          | -197        |
| time/                   |             |
|    fps                  | 3240        |
|    iterations           | 330         |
|    time_elapsed         | 834         |
|    total_timesteps      | 2703360     |
| train/                  |             |
|    approx_kl            | 0.024874497 |
|    clip_fraction        | 0.246       |
|    clip_range           | 0.2         |
|    entropy_loss         | -1.12       |
|    explained_variance   | 0.975       |
|    learning_rate        | 0.0003      |
|    loss                 | -0.0265     |
|    n_updates            | 3290        |
|    policy_gradient_loss | -0.0063     |
|    value_loss           | 6.79e-05    |
-----------------------------------------
------------------------------------------
| rollout/                |              |
|    ep_len_mean          | 226          |
|    ep_rew_mean          | -221         |
| time/                   |              |
|    fps                  | 3238         |
|    iterations           | 331          |
|    time_elapsed         | 837          |
|    total_timesteps      | 2711552      |
| train/                  |              |
|    approx_kl            | 0.0155901825 |
|    clip_fraction        | 0.205        |
|    clip_range           | 0.2          |
|    entropy_loss         | -1.16        |
|    explained_variance   | 0.996        |
|    learning_rate        | 0.0003       |
|    loss                 | -0.00881     |
|    n_updates            | 3300         |
|    policy_gradient_loss | -0.00821     |
|    value_loss           | 1.32e-05     |
------------------------------------------
-----------------------------------------
| rollout/                |             |
|    ep_len_mean          | 244         |
|    ep_rew_mean          | -239        |
| time/                   |             |
|    fps                  | 3237        |
|    iterations           | 332         |
|    time_elapsed         | 840         |
|    total_timesteps      | 2719744     |
| train/                  |             |
|    approx_kl            | 0.011769334 |
|    clip_fraction        | 0.152       |
|    clip_range           | 0.2         |
|    entropy_loss         | -1.12       |
|    explained_variance   | 0.919       |
|    learning_rate        | 0.0003      |
|    loss                 | -0.0229     |
|    n_updates            | 3310        |
|    policy_gradient_loss | -0.00354    |
|    value_loss           | 0.000898    |
-----------------------------------------
-----------------------------------------
| rollout/                |             |
|    ep_len_mean          | 258         |
|    ep_rew_mean          | -256        |
| time/                   |             |
|    fps                  | 3233        |
|    iterations           | 333         |
|    time_elapsed         | 843         |
|    total_timesteps      | 2727936     |
| train/                  |             |
|    approx_kl            | 0.013167062 |
|    clip_fraction        | 0.219       |
|    clip_range           | 0.2         |
|    entropy_loss         | -1.16       |
|    explained_variance   | 0.871       |
|    learning_rate        | 0.0003      |
|    loss                 | -0.0155     |
|    n_updates            | 3320        |
|    policy_gradient_loss | -0.00169    |
|    value_loss           | 0.000912    |
-----------------------------------------
---------------------------------------
| rollout/                |           |
|    ep_len_mean          | 267       |
|    ep_rew_mean          | -263      |
| time/                   |           |
|    fps                  | 3229      |
|    iterations           | 334       |
|    time_elapsed         | 847       |
|    total_timesteps      | 2736128   |
| train/                  |           |
|    approx_kl            | 0.0167028 |
|    clip_fraction        | 0.208     |
|    clip_range           | 0.2       |
|    entropy_loss         | -1.15     |
|    explained_variance   | 0.976     |
|    learning_rate        | 0.0003    |
|    loss                 | -0.0243   |
|    n_updates            | 3330      |
|    policy_gradient_loss | -0.00633  |
|    value_loss           | 0.000203  |
---------------------------------------
-----------------------------------------
| rollout/                |             |
|    ep_len_mean          | 216         |
|    ep_rew_mean          | -231        |
| time/                   |             |
|    fps                  | 3226        |
|    iterations           | 335         |
|    time_elapsed         | 850         |
|    total_timesteps      | 2744320     |
| train/                  |             |
|    approx_kl            | 0.014581591 |
|    clip_fraction        | 0.155       |
|    clip_range           | 0.2         |
|    entropy_loss         | -1.15       |
|    explained_variance   | 0.998       |
|    learning_rate        | 0.0003      |
|    loss                 | -0.0191     |
|    n_updates            | 3340        |
|    policy_gradient_loss | -0.00622    |
|    value_loss           | 1.34e-05    |
-----------------------------------------
------------------------------------------
| rollout/                |              |
|    ep_len_mean          | 226          |
|    ep_rew_mean          | -240         |
| time/                   |              |
|    fps                  | 3225         |
|    iterations           | 336          |
|    time_elapsed         | 853          |
|    total_timesteps      | 2752512      |
| train/                  |              |
|    approx_kl            | 0.0049788347 |
|    clip_fraction        | 0.0586       |
|    clip_range           | 0.2          |
|    entropy_loss         | -1.14        |
|    explained_variance   | 0.319        |
|    learning_rate        | 0.0003       |
|    loss                 | -0.000135    |
|    n_updates            | 3350         |
|    policy_gradient_loss | -0.0046      |
|    value_loss           | 0.0209       |
------------------------------------------
-----------------------------------------
| rollout/                |             |
|    ep_len_mean          | 235         |
|    ep_rew_mean          | -249        |
| time/                   |             |
|    fps                  | 3223        |
|    iterations           | 337         |
|    time_elapsed         | 856         |
|    total_timesteps      | 2760704     |
| train/                  |             |
|    approx_kl            | 0.024034217 |
|    clip_fraction        | 0.187       |
|    clip_range           | 0.2         |
|    entropy_loss         | -1.16       |
|    explained_variance   | 0.94        |
|    learning_rate        | 0.0003      |
|    loss                 | -0.0336     |
|    n_updates            | 3360        |
|    policy_gradient_loss | -0.0057     |
|    value_loss           | 8.89e-05    |
-----------------------------------------
---------------------------------------
| rollout/                |           |
|    ep_len_mean          | 226       |
|    ep_rew_mean          | -222      |
| time/                   |           |
|    fps                  | 3219      |
|    iterations           | 338       |
|    time_elapsed         | 859       |
|    total_timesteps      | 2768896   |
| train/                  |           |
|    approx_kl            | 0.0199405 |
|    clip_fraction        | 0.185     |
|    clip_range           | 0.2       |
|    entropy_loss         | -1.18     |
|    explained_variance   | 0.899     |
|    learning_rate        | 0.0003    |
|    loss                 | -0.00779  |
|    n_updates            | 3370      |
|    policy_gradient_loss | -0.00382  |
|    value_loss           | 0.000956  |
---------------------------------------
----------------------------------------
| rollout/                |            |
|    ep_len_mean          | 250        |
|    ep_rew_mean          | -249       |
| time/                   |            |
|    fps                  | 3219       |
|    iterations           | 339        |
|    time_elapsed         | 862        |
|    total_timesteps      | 2777088    |
| train/                  |            |
|    approx_kl            | 0.01640864 |
|    clip_fraction        | 0.199      |
|    clip_range           | 0.2        |
|    entropy_loss         | -1.09      |
|    explained_variance   | 0.997      |
|    learning_rate        | 0.0003     |
|    loss                 | -0.018     |
|    n_updates            | 3380       |
|    policy_gradient_loss | -0.00639   |
|    value_loss           | 2.96e-05   |
----------------------------------------
-----------------------------------------
| rollout/                |             |
|    ep_len_mean          | 246         |
|    ep_rew_mean          | -245        |
| time/                   |             |
|    fps                  | 3218        |
|    iterations           | 340         |
|    time_elapsed         | 865         |
|    total_timesteps      | 2785280     |
| train/                  |             |
|    approx_kl            | 0.013008567 |
|    clip_fraction        | 0.155       |
|    clip_range           | 0.2         |
|    entropy_loss         | -1.14       |
|    explained_variance   | 0.836       |
|    learning_rate        | 0.0003      |
|    loss                 | -0.0178     |
|    n_updates            | 3390        |
|    policy_gradient_loss | -0.00542    |
|    value_loss           | 0.00178     |
-----------------------------------------
-----------------------------------------
| rollout/                |             |
|    ep_len_mean          | 255         |
|    ep_rew_mean          | -252        |
| time/                   |             |
|    fps                  | 3216        |
|    iterations           | 341         |
|    time_elapsed         | 868         |
|    total_timesteps      | 2793472     |
| train/                  |             |
|    approx_kl            | 0.013649273 |
|    clip_fraction        | 0.155       |
|    clip_range           | 0.2         |
|    entropy_loss         | -1.1        |
|    explained_variance   | 0.992       |
|    learning_rate        | 0.0003      |
|    loss                 | -0.0276     |
|    n_updates            | 3400        |
|    policy_gradient_loss | -0.00694    |
|    value_loss           | 3.61e-05    |
-----------------------------------------
-----------------------------------------
| rollout/                |             |
|    ep_len_mean          | 236         |
|    ep_rew_mean          | -229        |
| time/                   |             |
|    fps                  | 3208        |
|    iterations           | 342         |
|    time_elapsed         | 873         |
|    total_timesteps      | 2801664     |
| train/                  |             |
|    approx_kl            | 0.012548372 |
|    clip_fraction        | 0.186       |
|    clip_range           | 0.2         |
|    entropy_loss         | -1.06       |
|    explained_variance   | 0.998       |
|    learning_rate        | 0.0003      |
|    loss                 | -0.0134     |
|    n_updates            | 3410        |
|    policy_gradient_loss | -0.00636    |
|    value_loss           | 1.31e-05    |
-----------------------------------------
-----------------------------------------
| rollout/                |             |
|    ep_len_mean          | 226         |
|    ep_rew_mean          | -226        |
| time/                   |             |
|    fps                  | 3204        |
|    iterations           | 343         |
|    time_elapsed         | 876         |
|    total_timesteps      | 2809856     |
| train/                  |             |
|    approx_kl            | 0.009233981 |
|    clip_fraction        | 0.103       |
|    clip_range           | 0.2         |
|    entropy_loss         | -1.04       |
|    explained_variance   | 0.999       |
|    learning_rate        | 0.0003      |
|    loss                 | -0.0178     |
|    n_updates            | 3420        |
|    policy_gradient_loss | -0.00452    |
|    value_loss           | 6.98e-06    |
-----------------------------------------
------------------------------------------
| rollout/                |              |
|    ep_len_mean          | 216          |
|    ep_rew_mean          | -221         |
| time/                   |              |
|    fps                  | 3203         |
|    iterations           | 344          |
|    time_elapsed         | 879          |
|    total_timesteps      | 2818048      |
| train/                  |              |
|    approx_kl            | 0.0057576215 |
|    clip_fraction        | 0.0632       |
|    clip_range           | 0.2          |
|    entropy_loss         | -1.07        |
|    explained_variance   | 0.636        |
|    learning_rate        | 0.0003       |
|    loss                 | 0.0046       |
|    n_updates            | 3430         |
|    policy_gradient_loss | -0.00299     |
|    value_loss           | 0.00615      |
------------------------------------------
-----------------------------------------
| rollout/                |             |
|    ep_len_mean          | 226         |
|    ep_rew_mean          | -259        |
| time/                   |             |
|    fps                  | 3201        |
|    iterations           | 345         |
|    time_elapsed         | 882         |
|    total_timesteps      | 2826240     |
| train/                  |             |
|    approx_kl            | 0.013892021 |
|    clip_fraction        | 0.164       |
|    clip_range           | 0.2         |
|    entropy_loss         | -1.06       |
|    explained_variance   | 0.898       |
|    learning_rate        | 0.0003      |
|    loss                 | 0.00958     |
|    n_updates            | 3440        |
|    policy_gradient_loss | -0.000493   |
|    value_loss           | 0.00113     |
-----------------------------------------
-----------------------------------------
| rollout/                |             |
|    ep_len_mean          | 226         |
|    ep_rew_mean          | -255        |
| time/                   |             |
|    fps                  | 3200        |
|    iterations           | 346         |
|    time_elapsed         | 885         |
|    total_timesteps      | 2834432     |
| train/                  |             |
|    approx_kl            | 0.013396509 |
|    clip_fraction        | 0.059       |
|    clip_range           | 0.2         |
|    entropy_loss         | -1.09       |
|    explained_variance   | 0.0974      |
|    learning_rate        | 0.0003      |
|    loss                 | 0.00667     |
|    n_updates            | 3450        |
|    policy_gradient_loss | -0.0115     |
|    value_loss           | 0.0291      |
-----------------------------------------
---------------------------------------
| rollout/                |           |
|    ep_len_mean          | 241       |
|    ep_rew_mean          | -261      |
| time/                   |           |
|    fps                  | 3199      |
|    iterations           | 347       |
|    time_elapsed         | 888       |
|    total_timesteps      | 2842624   |
| train/                  |           |
|    approx_kl            | 0.0226648 |
|    clip_fraction        | 0.194     |
|    clip_range           | 0.2       |
|    entropy_loss         | -1.11     |
|    explained_variance   | 0.616     |
|    learning_rate        | 0.0003    |
|    loss                 | -0.0171   |
|    n_updates            | 3460      |
|    policy_gradient_loss | -0.00666  |
|    value_loss           | 0.0044    |
---------------------------------------
-----------------------------------------
| rollout/                |             |
|    ep_len_mean          | 256         |
|    ep_rew_mean          | -253        |
| time/                   |             |
|    fps                  | 3197        |
|    iterations           | 348         |
|    time_elapsed         | 891         |
|    total_timesteps      | 2850816     |
| train/                  |             |
|    approx_kl            | 0.026348464 |
|    clip_fraction        | 0.186       |
|    clip_range           | 0.2         |
|    entropy_loss         | -1.18       |
|    explained_variance   | 0.843       |
|    learning_rate        | 0.0003      |
|    loss                 | -0.0187     |
|    n_updates            | 3470        |
|    policy_gradient_loss | -0.00223    |
|    value_loss           | 0.00018     |
-----------------------------------------
-----------------------------------------
| rollout/                |             |
|    ep_len_mean          | 242         |
|    ep_rew_mean          | -237        |
| time/                   |             |
|    fps                  | 3195        |
|    iterations           | 349         |
|    time_elapsed         | 894         |
|    total_timesteps      | 2859008     |
| train/                  |             |
|    approx_kl            | 0.014910434 |
|    clip_fraction        | 0.155       |
|    clip_range           | 0.2         |
|    entropy_loss         | -1.17       |
|    explained_variance   | 0.961       |
|    learning_rate        | 0.0003      |
|    loss                 | -0.0117     |
|    n_updates            | 3480        |
|    policy_gradient_loss | -0.00346    |
|    value_loss           | 8.44e-05    |
-----------------------------------------
-----------------------------------------
| rollout/                |             |
|    ep_len_mean          | 223         |
|    ep_rew_mean          | -221        |
| time/                   |             |
|    fps                  | 3193        |
|    iterations           | 350         |
|    time_elapsed         | 897         |
|    total_timesteps      | 2867200     |
| train/                  |             |
|    approx_kl            | 0.015263872 |
|    clip_fraction        | 0.239       |
|    clip_range           | 0.2         |
|    entropy_loss         | -1.13       |
|    explained_variance   | 0.94        |
|    learning_rate        | 0.0003      |
|    loss                 | -0.0233     |
|    n_updates            | 3490        |
|    policy_gradient_loss | -0.00431    |
|    value_loss           | 0.000972    |
-----------------------------------------
-----------------------------------------
| rollout/                |             |
|    ep_len_mean          | 204         |
|    ep_rew_mean          | -201        |
| time/                   |             |
|    fps                  | 3190        |
|    iterations           | 351         |
|    time_elapsed         | 901         |
|    total_timesteps      | 2875392     |
| train/                  |             |
|    approx_kl            | 0.015816787 |
|    clip_fraction        | 0.229       |
|    clip_range           | 0.2         |
|    entropy_loss         | -1.15       |
|    explained_variance   | 0.95        |
|    learning_rate        | 0.0003      |
|    loss                 | -0.00766    |
|    n_updates            | 3500        |
|    policy_gradient_loss | -0.00502    |
|    value_loss           | 0.000663    |
-----------------------------------------
-----------------------------------------
| rollout/                |             |
|    ep_len_mean          | 214         |
|    ep_rew_mean          | -213        |
| time/                   |             |
|    fps                  | 3189        |
|    iterations           | 352         |
|    time_elapsed         | 903         |
|    total_timesteps      | 2883584     |
| train/                  |             |
|    approx_kl            | 0.020672292 |
|    clip_fraction        | 0.21        |
|    clip_range           | 0.2         |
|    entropy_loss         | -1.12       |
|    explained_variance   | 0.946       |
|    learning_rate        | 0.0003      |
|    loss                 | -0.0159     |
|    n_updates            | 3510        |
|    policy_gradient_loss | -0.00394    |
|    value_loss           | 0.000994    |
-----------------------------------------
-----------------------------------------
| rollout/                |             |
|    ep_len_mean          | 197         |
|    ep_rew_mean          | -193        |
| time/                   |             |
|    fps                  | 3187        |
|    iterations           | 353         |
|    time_elapsed         | 907         |
|    total_timesteps      | 2891776     |
| train/                  |             |
|    approx_kl            | 0.012578424 |
|    clip_fraction        | 0.176       |
|    clip_range           | 0.2         |
|    entropy_loss         | -1.14       |
|    explained_variance   | 0.995       |
|    learning_rate        | 0.0003      |
|    loss                 | -0.0252     |
|    n_updates            | 3520        |
|    policy_gradient_loss | -0.0109     |
|    value_loss           | 2.68e-05    |
-----------------------------------------
-----------------------------------------
| rollout/                |             |
|    ep_len_mean          | 187         |
|    ep_rew_mean          | -181        |
| time/                   |             |
|    fps                  | 3184        |
|    iterations           | 354         |
|    time_elapsed         | 910         |
|    total_timesteps      | 2899968     |
| train/                  |             |
|    approx_kl            | 0.012797846 |
|    clip_fraction        | 0.125       |
|    clip_range           | 0.2         |
|    entropy_loss         | -1.13       |
|    explained_variance   | 0.998       |
|    learning_rate        | 0.0003      |
|    loss                 | -0.0184     |
|    n_updates            | 3530        |
|    policy_gradient_loss | -0.00753    |
|    value_loss           | 2.41e-05    |
-----------------------------------------
-----------------------------------------
| rollout/                |             |
|    ep_len_mean          | 185         |
|    ep_rew_mean          | -179        |
| time/                   |             |
|    fps                  | 3180        |
|    iterations           | 355         |
|    time_elapsed         | 914         |
|    total_timesteps      | 2908160     |
| train/                  |             |
|    approx_kl            | 0.011645302 |
|    clip_fraction        | 0.11        |
|    clip_range           | 0.2         |
|    entropy_loss         | -1.09       |
|    explained_variance   | 0.999       |
|    learning_rate        | 0.0003      |
|    loss                 | -0.021      |
|    n_updates            | 3540        |
|    policy_gradient_loss | -0.00577    |
|    value_loss           | 1.41e-05    |
-----------------------------------------
-----------------------------------------
| rollout/                |             |
|    ep_len_mean          | 198         |
|    ep_rew_mean          | -194        |
| time/                   |             |
|    fps                  | 3178        |
|    iterations           | 356         |
|    time_elapsed         | 917         |
|    total_timesteps      | 2916352     |
| train/                  |             |
|    approx_kl            | 0.012093156 |
|    clip_fraction        | 0.147       |
|    clip_range           | 0.2         |
|    entropy_loss         | -1.05       |
|    explained_variance   | 0.999       |
|    learning_rate        | 0.0003      |
|    loss                 | -0.0241     |
|    n_updates            | 3550        |
|    policy_gradient_loss | -0.00658    |
|    value_loss           | 1.28e-05    |
-----------------------------------------
-----------------------------------------
| rollout/                |             |
|    ep_len_mean          | 222         |
|    ep_rew_mean          | -217        |
| time/                   |             |
|    fps                  | 3177        |
|    iterations           | 357         |
|    time_elapsed         | 920         |
|    total_timesteps      | 2924544     |
| train/                  |             |
|    approx_kl            | 0.010884363 |
|    clip_fraction        | 0.148       |
|    clip_range           | 0.2         |
|    entropy_loss         | -1.11       |
|    explained_variance   | 0.983       |
|    learning_rate        | 0.0003      |
|    loss                 | -0.0115     |
|    n_updates            | 3560        |
|    policy_gradient_loss | -0.00921    |
|    value_loss           | 0.000198    |
-----------------------------------------
----------------------------------------
| rollout/                |            |
|    ep_len_mean          | 207        |
|    ep_rew_mean          | -203       |
| time/                   |            |
|    fps                  | 3174       |
|    iterations           | 358        |
|    time_elapsed         | 923        |
|    total_timesteps      | 2932736    |
| train/                  |            |
|    approx_kl            | 0.01155124 |
|    clip_fraction        | 0.135      |
|    clip_range           | 0.2        |
|    entropy_loss         | -1.06      |
|    explained_variance   | 0.998      |
|    learning_rate        | 0.0003     |
|    loss                 | -0.0261    |
|    n_updates            | 3570       |
|    policy_gradient_loss | -0.00696   |
|    value_loss           | 1.42e-05   |
----------------------------------------
-----------------------------------------
| rollout/                |             |
|    ep_len_mean          | 203         |
|    ep_rew_mean          | -199        |
| time/                   |             |
|    fps                  | 3173        |
|    iterations           | 359         |
|    time_elapsed         | 926         |
|    total_timesteps      | 2940928     |
| train/                  |             |
|    approx_kl            | 0.009734984 |
|    clip_fraction        | 0.0951      |
|    clip_range           | 0.2         |
|    entropy_loss         | -1.05       |
|    explained_variance   | 0.993       |
|    learning_rate        | 0.0003      |
|    loss                 | -0.017      |
|    n_updates            | 3580        |
|    policy_gradient_loss | -0.00506    |
|    value_loss           | 0.00012     |
-----------------------------------------
-----------------------------------------
| rollout/                |             |
|    ep_len_mean          | 217         |
|    ep_rew_mean          | -215        |
| time/                   |             |
|    fps                  | 3172        |
|    iterations           | 360         |
|    time_elapsed         | 929         |
|    total_timesteps      | 2949120     |
| train/                  |             |
|    approx_kl            | 0.012510277 |
|    clip_fraction        | 0.157       |
|    clip_range           | 0.2         |
|    entropy_loss         | -1.07       |
|    explained_variance   | 0.934       |
|    learning_rate        | 0.0003      |
|    loss                 | -0.0196     |
|    n_updates            | 3590        |
|    policy_gradient_loss | -0.00313    |
|    value_loss           | 0.000937    |
-----------------------------------------
-----------------------------------------
| rollout/                |             |
|    ep_len_mean          | 221         |
|    ep_rew_mean          | -218        |
| time/                   |             |
|    fps                  | 3167        |
|    iterations           | 361         |
|    time_elapsed         | 933         |
|    total_timesteps      | 2957312     |
| train/                  |             |
|    approx_kl            | 0.030297892 |
|    clip_fraction        | 0.217       |
|    clip_range           | 0.2         |
|    entropy_loss         | -1.06       |
|    explained_variance   | 0.999       |
|    learning_rate        | 0.0003      |
|    loss                 | -0.0064     |
|    n_updates            | 3600        |
|    policy_gradient_loss | -0.00893    |
|    value_loss           | 9.47e-06    |
-----------------------------------------
-----------------------------------------
| rollout/                |             |
|    ep_len_mean          | 193         |
|    ep_rew_mean          | -195        |
| time/                   |             |
|    fps                  | 3164        |
|    iterations           | 362         |
|    time_elapsed         | 937         |
|    total_timesteps      | 2965504     |
| train/                  |             |
|    approx_kl            | 0.020835202 |
|    clip_fraction        | 0.175       |
|    clip_range           | 0.2         |
|    entropy_loss         | -1.07       |
|    explained_variance   | 0.999       |
|    learning_rate        | 0.0003      |
|    loss                 | -0.0223     |
|    n_updates            | 3610        |
|    policy_gradient_loss | -0.00661    |
|    value_loss           | 7.88e-06    |
-----------------------------------------
-----------------------------------------
| rollout/                |             |
|    ep_len_mean          | 211         |
|    ep_rew_mean          | -219        |
| time/                   |             |
|    fps                  | 3163        |
|    iterations           | 363         |
|    time_elapsed         | 940         |
|    total_timesteps      | 2973696     |
| train/                  |             |
|    approx_kl            | 0.014174593 |
|    clip_fraction        | 0.0592      |
|    clip_range           | 0.2         |
|    entropy_loss         | -1.05       |
|    explained_variance   | 0.733       |
|    learning_rate        | 0.0003      |
|    loss                 | -0.0199     |
|    n_updates            | 3620        |
|    policy_gradient_loss | -0.00354    |
|    value_loss           | 0.00525     |
-----------------------------------------
-----------------------------------------
| rollout/                |             |
|    ep_len_mean          | 198         |
|    ep_rew_mean          | -206        |
| time/                   |             |
|    fps                  | 3160        |
|    iterations           | 364         |
|    time_elapsed         | 943         |
|    total_timesteps      | 2981888     |
| train/                  |             |
|    approx_kl            | 0.011878573 |
|    clip_fraction        | 0.159       |
|    clip_range           | 0.2         |
|    entropy_loss         | -1.12       |
|    explained_variance   | 0.69        |
|    learning_rate        | 0.0003      |
|    loss                 | -0.0169     |
|    n_updates            | 3630        |
|    policy_gradient_loss | -0.0062     |
|    value_loss           | 0.00349     |
-----------------------------------------
-----------------------------------------
| rollout/                |             |
|    ep_len_mean          | 235         |
|    ep_rew_mean          | -235        |
| time/                   |             |
|    fps                  | 3160        |
|    iterations           | 365         |
|    time_elapsed         | 946         |
|    total_timesteps      | 2990080     |
| train/                  |             |
|    approx_kl            | 0.012332315 |
|    clip_fraction        | 0.141       |
|    clip_range           | 0.2         |
|    entropy_loss         | -1.04       |
|    explained_variance   | 0.969       |
|    learning_rate        | 0.0003      |
|    loss                 | -0.00428    |
|    n_updates            | 3640        |
|    policy_gradient_loss | -0.00342    |
|    value_loss           | 9.23e-05    |
-----------------------------------------
-----------------------------------------
| rollout/                |             |
|    ep_len_mean          | 227         |
|    ep_rew_mean          | -224        |
| time/                   |             |
|    fps                  | 3156        |
|    iterations           | 366         |
|    time_elapsed         | 950         |
|    total_timesteps      | 2998272     |
| train/                  |             |
|    approx_kl            | 0.012993997 |
|    clip_fraction        | 0.183       |
|    clip_range           | 0.2         |
|    entropy_loss         | -1.13       |
|    explained_variance   | 0.996       |
|    learning_rate        | 0.0003      |
|    loss                 | -0.0266     |
|    n_updates            | 3650        |
|    policy_gradient_loss | -0.00703    |
|    value_loss           | 1.54e-05    |
-----------------------------------------
----------------------------------------
| rollout/                |            |
|    ep_len_mean          | 233        |
|    ep_rew_mean          | -230       |
| time/                   |            |
|    fps                  | 3155       |
|    iterations           | 367        |
|    time_elapsed         | 952        |
|    total_timesteps      | 3006464    |
| train/                  |            |
|    approx_kl            | 0.00820219 |
|    clip_fraction        | 0.0769     |
|    clip_range           | 0.2        |
|    entropy_loss         | -1.05      |
|    explained_variance   | 0.895      |
|    learning_rate        | 0.0003     |
|    loss                 | 0.00707    |
|    n_updates            | 3660       |
|    policy_gradient_loss | -0.00152   |
|    value_loss           | 0.002      |
----------------------------------------
pw1.json: -152.30 +/- 184.98
pw2.json: -60.85 +/- 101.49
pw3.json: -500.00 +/- 0.00
pw4.json: -500.00 +/- 0.00
pw5.json: -32.55 +/- 1.40
