/Users/ishaanratanshi/miniconda3/envs/puddle-world/lib/python3.10/site-packages/pygame/pkgdata.py:25: UserWarning: pkg_resources is deprecated as an API. See https://setuptools.pypa.io/en/latest/pkg_resources.html. The pkg_resources package is slated for removal as early as 2025-11-30. Refrain from using this package or pin to Setuptools<81.
  from pkg_resources import resource_stream, resource_exists
Using cpu device
----------------------------------
| rollout/           |           |
|    ep_len_mean     | 427       |
|    ep_rew_mean     | -1.09e+04 |
| time/              |           |
|    fps             | 4201      |
|    iterations      | 1         |
|    time_elapsed    | 1         |
|    total_timesteps | 8192      |
----------------------------------
-----------------------------------------
| rollout/                |             |
|    ep_len_mean          | 434         |
|    ep_rew_mean          | -1.27e+04   |
| time/                   |             |
|    fps                  | 4072        |
|    iterations           | 2           |
|    time_elapsed         | 4           |
|    total_timesteps      | 16384       |
| train/                  |             |
|    approx_kl            | 0.011254581 |
|    clip_fraction        | 0.0931      |
|    clip_range           | 0.2         |
|    entropy_loss         | -1.38       |
|    explained_variance   | 0.0253      |
|    learning_rate        | 0.0003      |
|    loss                 | 0.619       |
|    n_updates            | 10          |
|    policy_gradient_loss | -0.00347    |
|    value_loss           | 3.82        |
-----------------------------------------
----------------------------------------
| rollout/                |            |
|    ep_len_mean          | 409        |
|    ep_rew_mean          | -9.83e+03  |
| time/                   |            |
|    fps                  | 4006       |
|    iterations           | 3          |
|    time_elapsed         | 6          |
|    total_timesteps      | 24576      |
| train/                  |            |
|    approx_kl            | 0.01050732 |
|    clip_fraction        | 0.133      |
|    clip_range           | 0.2        |
|    entropy_loss         | -1.36      |
|    explained_variance   | 0.252      |
|    learning_rate        | 0.0003     |
|    loss                 | 0.00502    |
|    n_updates            | 20         |
|    policy_gradient_loss | -0.00665   |
|    value_loss           | 0.0562     |
----------------------------------------
-----------------------------------------
| rollout/                |             |
|    ep_len_mean          | 402         |
|    ep_rew_mean          | -7.98e+03   |
| time/                   |             |
|    fps                  | 4028        |
|    iterations           | 4           |
|    time_elapsed         | 8           |
|    total_timesteps      | 32768       |
| train/                  |             |
|    approx_kl            | 0.013933226 |
|    clip_fraction        | 0.206       |
|    clip_range           | 0.2         |
|    entropy_loss         | -1.32       |
|    explained_variance   | 0.724       |
|    learning_rate        | 0.0003      |
|    loss                 | -0.0176     |
|    n_updates            | 30          |
|    policy_gradient_loss | -0.0107     |
|    value_loss           | 0.02        |
-----------------------------------------
-----------------------------------------
| rollout/                |             |
|    ep_len_mean          | 409         |
|    ep_rew_mean          | -6.7e+03    |
| time/                   |             |
|    fps                  | 4056        |
|    iterations           | 5           |
|    time_elapsed         | 10          |
|    total_timesteps      | 40960       |
| train/                  |             |
|    approx_kl            | 0.024179395 |
|    clip_fraction        | 0.234       |
|    clip_range           | 0.2         |
|    entropy_loss         | -1.26       |
|    explained_variance   | 0.806       |
|    learning_rate        | 0.0003      |
|    loss                 | -0.011      |
|    n_updates            | 40          |
|    policy_gradient_loss | -0.0093     |
|    value_loss           | 0.0103      |
-----------------------------------------
-----------------------------------------
| rollout/                |             |
|    ep_len_mean          | 426         |
|    ep_rew_mean          | -5.61e+03   |
| time/                   |             |
|    fps                  | 4098        |
|    iterations           | 6           |
|    time_elapsed         | 11          |
|    total_timesteps      | 49152       |
| train/                  |             |
|    approx_kl            | 0.014051519 |
|    clip_fraction        | 0.174       |
|    clip_range           | 0.2         |
|    entropy_loss         | -1.2        |
|    explained_variance   | 0.863       |
|    learning_rate        | 0.0003      |
|    loss                 | -0.0226     |
|    n_updates            | 50          |
|    policy_gradient_loss | -0.00737    |
|    value_loss           | 0.00403     |
-----------------------------------------
----------------------------------------
| rollout/                |            |
|    ep_len_mean          | 431        |
|    ep_rew_mean          | -3.13e+03  |
| time/                   |            |
|    fps                  | 4124       |
|    iterations           | 7          |
|    time_elapsed         | 13         |
|    total_timesteps      | 57344      |
| train/                  |            |
|    approx_kl            | 0.02840003 |
|    clip_fraction        | 0.14       |
|    clip_range           | 0.2        |
|    entropy_loss         | -1.17      |
|    explained_variance   | 0.902      |
|    learning_rate        | 0.0003     |
|    loss                 | -0.0203    |
|    n_updates            | 60         |
|    policy_gradient_loss | -0.00826   |
|    value_loss           | 0.000895   |
----------------------------------------
-----------------------------------------
| rollout/                |             |
|    ep_len_mean          | 448         |
|    ep_rew_mean          | -1.85e+03   |
| time/                   |             |
|    fps                  | 4147        |
|    iterations           | 8           |
|    time_elapsed         | 15          |
|    total_timesteps      | 65536       |
| train/                  |             |
|    approx_kl            | 0.020512495 |
|    clip_fraction        | 0.133       |
|    clip_range           | 0.2         |
|    entropy_loss         | -1.08       |
|    explained_variance   | 0.899       |
|    learning_rate        | 0.0003      |
|    loss                 | -0.033      |
|    n_updates            | 70          |
|    policy_gradient_loss | -0.00845    |
|    value_loss           | 0.000299    |
-----------------------------------------
-----------------------------------------
| rollout/                |             |
|    ep_len_mean          | 468         |
|    ep_rew_mean          | -1.08e+03   |
| time/                   |             |
|    fps                  | 4121        |
|    iterations           | 9           |
|    time_elapsed         | 17          |
|    total_timesteps      | 73728       |
| train/                  |             |
|    approx_kl            | 0.009862497 |
|    clip_fraction        | 0.109       |
|    clip_range           | 0.2         |
|    entropy_loss         | -1.01       |
|    explained_variance   | 0.939       |
|    learning_rate        | 0.0003      |
|    loss                 | -0.00728    |
|    n_updates            | 80          |
|    policy_gradient_loss | -0.00487    |
|    value_loss           | 0.000167    |
-----------------------------------------
-----------------------------------------
| rollout/                |             |
|    ep_len_mean          | 479         |
|    ep_rew_mean          | -730        |
| time/                   |             |
|    fps                  | 4115        |
|    iterations           | 10          |
|    time_elapsed         | 19          |
|    total_timesteps      | 81920       |
| train/                  |             |
|    approx_kl            | 0.009245552 |
|    clip_fraction        | 0.0696      |
|    clip_range           | 0.2         |
|    entropy_loss         | -1.03       |
|    explained_variance   | 0.945       |
|    learning_rate        | 0.0003      |
|    loss                 | -0.0192     |
|    n_updates            | 90          |
|    policy_gradient_loss | -0.00344    |
|    value_loss           | 0.000156    |
-----------------------------------------
-----------------------------------------
| rollout/                |             |
|    ep_len_mean          | 469         |
|    ep_rew_mean          | -572        |
| time/                   |             |
|    fps                  | 4097        |
|    iterations           | 11          |
|    time_elapsed         | 21          |
|    total_timesteps      | 90112       |
| train/                  |             |
|    approx_kl            | 0.026868578 |
|    clip_fraction        | 0.0902      |
|    clip_range           | 0.2         |
|    entropy_loss         | -1.03       |
|    explained_variance   | 0.937       |
|    learning_rate        | 0.0003      |
|    loss                 | -0.0167     |
|    n_updates            | 100         |
|    policy_gradient_loss | -0.0074     |
|    value_loss           | 0.000162    |
-----------------------------------------
-----------------------------------------
| rollout/                |             |
|    ep_len_mean          | 469         |
|    ep_rew_mean          | -480        |
| time/                   |             |
|    fps                  | 4100        |
|    iterations           | 12          |
|    time_elapsed         | 23          |
|    total_timesteps      | 98304       |
| train/                  |             |
|    approx_kl            | 0.009016712 |
|    clip_fraction        | 0.139       |
|    clip_range           | 0.2         |
|    entropy_loss         | -1.01       |
|    explained_variance   | 0.896       |
|    learning_rate        | 0.0003      |
|    loss                 | -0.00779    |
|    n_updates            | 110         |
|    policy_gradient_loss | -0.00701    |
|    value_loss           | 0.00038     |
-----------------------------------------
-----------------------------------------
| rollout/                |             |
|    ep_len_mean          | 443         |
|    ep_rew_mean          | -471        |
| time/                   |             |
|    fps                  | 4073        |
|    iterations           | 13          |
|    time_elapsed         | 26          |
|    total_timesteps      | 106496      |
| train/                  |             |
|    approx_kl            | 0.014552439 |
|    clip_fraction        | 0.151       |
|    clip_range           | 0.2         |
|    entropy_loss         | -0.99       |
|    explained_variance   | 0.953       |
|    learning_rate        | 0.0003      |
|    loss                 | -0.00787    |
|    n_updates            | 120         |
|    policy_gradient_loss | -0.00493    |
|    value_loss           | 5.34e-05    |
-----------------------------------------
-----------------------------------------
| rollout/                |             |
|    ep_len_mean          | 428         |
|    ep_rew_mean          | -481        |
| time/                   |             |
|    fps                  | 4027        |
|    iterations           | 14          |
|    time_elapsed         | 28          |
|    total_timesteps      | 114688      |
| train/                  |             |
|    approx_kl            | 0.009210259 |
|    clip_fraction        | 0.0535      |
|    clip_range           | 0.2         |
|    entropy_loss         | -0.951      |
|    explained_variance   | 0.564       |
|    learning_rate        | 0.0003      |
|    loss                 | -0.0148     |
|    n_updates            | 130         |
|    policy_gradient_loss | -0.00748    |
|    value_loss           | 0.00276     |
-----------------------------------------
-----------------------------------------
| rollout/                |             |
|    ep_len_mean          | 399         |
|    ep_rew_mean          | -455        |
| time/                   |             |
|    fps                  | 4007        |
|    iterations           | 15          |
|    time_elapsed         | 30          |
|    total_timesteps      | 122880      |
| train/                  |             |
|    approx_kl            | 0.016059868 |
|    clip_fraction        | 0.0905      |
|    clip_range           | 0.2         |
|    entropy_loss         | -0.886      |
|    explained_variance   | 0.929       |
|    learning_rate        | 0.0003      |
|    loss                 | -0.0142     |
|    n_updates            | 140         |
|    policy_gradient_loss | -0.00598    |
|    value_loss           | 0.000125    |
-----------------------------------------
-----------------------------------------
| rollout/                |             |
|    ep_len_mean          | 378         |
|    ep_rew_mean          | -424        |
| time/                   |             |
|    fps                  | 3975        |
|    iterations           | 16          |
|    time_elapsed         | 32          |
|    total_timesteps      | 131072      |
| train/                  |             |
|    approx_kl            | 0.019097876 |
|    clip_fraction        | 0.123       |
|    clip_range           | 0.2         |
|    entropy_loss         | -0.736      |
|    explained_variance   | 0.96        |
|    learning_rate        | 0.0003      |
|    loss                 | -0.00118    |
|    n_updates            | 150         |
|    policy_gradient_loss | -0.00583    |
|    value_loss           | 0.000188    |
-----------------------------------------
-----------------------------------------
| rollout/                |             |
|    ep_len_mean          | 329         |
|    ep_rew_mean          | -362        |
| time/                   |             |
|    fps                  | 3913        |
|    iterations           | 17          |
|    time_elapsed         | 35          |
|    total_timesteps      | 139264      |
| train/                  |             |
|    approx_kl            | 0.008422711 |
|    clip_fraction        | 0.0685      |
|    clip_range           | 0.2         |
|    entropy_loss         | -0.781      |
|    explained_variance   | 0.958       |
|    learning_rate        | 0.0003      |
|    loss                 | -0.016      |
|    n_updates            | 160         |
|    policy_gradient_loss | -0.0019     |
|    value_loss           | 7.71e-05    |
-----------------------------------------
-----------------------------------------
| rollout/                |             |
|    ep_len_mean          | 308         |
|    ep_rew_mean          | -315        |
| time/                   |             |
|    fps                  | 3882        |
|    iterations           | 18          |
|    time_elapsed         | 37          |
|    total_timesteps      | 147456      |
| train/                  |             |
|    approx_kl            | 0.022859175 |
|    clip_fraction        | 0.0768      |
|    clip_range           | 0.2         |
|    entropy_loss         | -0.868      |
|    explained_variance   | 0.938       |
|    learning_rate        | 0.0003      |
|    loss                 | -0.0116     |
|    n_updates            | 170         |
|    policy_gradient_loss | -0.00511    |
|    value_loss           | 0.000162    |
-----------------------------------------
-----------------------------------------
| rollout/                |             |
|    ep_len_mean          | 298         |
|    ep_rew_mean          | -303        |
| time/                   |             |
|    fps                  | 3877        |
|    iterations           | 19          |
|    time_elapsed         | 40          |
|    total_timesteps      | 155648      |
| train/                  |             |
|    approx_kl            | 0.013894588 |
|    clip_fraction        | 0.109       |
|    clip_range           | 0.2         |
|    entropy_loss         | -0.845      |
|    explained_variance   | 0.957       |
|    learning_rate        | 0.0003      |
|    loss                 | -0.0106     |
|    n_updates            | 180         |
|    policy_gradient_loss | -0.00249    |
|    value_loss           | 3.99e-05    |
-----------------------------------------
-----------------------------------------
| rollout/                |             |
|    ep_len_mean          | 304         |
|    ep_rew_mean          | -309        |
| time/                   |             |
|    fps                  | 3855        |
|    iterations           | 20          |
|    time_elapsed         | 42          |
|    total_timesteps      | 163840      |
| train/                  |             |
|    approx_kl            | 0.024170175 |
|    clip_fraction        | 0.156       |
|    clip_range           | 0.2         |
|    entropy_loss         | -0.732      |
|    explained_variance   | 0.961       |
|    learning_rate        | 0.0003      |
|    loss                 | -0.0297     |
|    n_updates            | 190         |
|    policy_gradient_loss | -0.00642    |
|    value_loss           | 3.98e-05    |
-----------------------------------------
-----------------------------------------
| rollout/                |             |
|    ep_len_mean          | 304         |
|    ep_rew_mean          | -300        |
| time/                   |             |
|    fps                  | 3813        |
|    iterations           | 21          |
|    time_elapsed         | 45          |
|    total_timesteps      | 172032      |
| train/                  |             |
|    approx_kl            | 0.020316077 |
|    clip_fraction        | 0.204       |
|    clip_range           | 0.2         |
|    entropy_loss         | -0.701      |
|    explained_variance   | 0.965       |
|    learning_rate        | 0.0003      |
|    loss                 | -0.0111     |
|    n_updates            | 200         |
|    policy_gradient_loss | -0.00484    |
|    value_loss           | 3.54e-05    |
-----------------------------------------
-----------------------------------------
| rollout/                |             |
|    ep_len_mean          | 326         |
|    ep_rew_mean          | -322        |
| time/                   |             |
|    fps                  | 3812        |
|    iterations           | 22          |
|    time_elapsed         | 47          |
|    total_timesteps      | 180224      |
| train/                  |             |
|    approx_kl            | 0.011426544 |
|    clip_fraction        | 0.128       |
|    clip_range           | 0.2         |
|    entropy_loss         | -0.696      |
|    explained_variance   | 0.967       |
|    learning_rate        | 0.0003      |
|    loss                 | -0.00987    |
|    n_updates            | 210         |
|    policy_gradient_loss | -0.00214    |
|    value_loss           | 4.96e-05    |
-----------------------------------------
-----------------------------------------
| rollout/                |             |
|    ep_len_mean          | 324         |
|    ep_rew_mean          | -323        |
| time/                   |             |
|    fps                  | 3795        |
|    iterations           | 23          |
|    time_elapsed         | 49          |
|    total_timesteps      | 188416      |
| train/                  |             |
|    approx_kl            | 0.009233773 |
|    clip_fraction        | 0.0467      |
|    clip_range           | 0.2         |
|    entropy_loss         | -0.652      |
|    explained_variance   | 0.955       |
|    learning_rate        | 0.0003      |
|    loss                 | -0.0182     |
|    n_updates            | 220         |
|    policy_gradient_loss | -0.00135    |
|    value_loss           | 0.000164    |
-----------------------------------------
-----------------------------------------
| rollout/                |             |
|    ep_len_mean          | 321         |
|    ep_rew_mean          | -360        |
| time/                   |             |
|    fps                  | 3782        |
|    iterations           | 24          |
|    time_elapsed         | 51          |
|    total_timesteps      | 196608      |
| train/                  |             |
|    approx_kl            | 0.018949717 |
|    clip_fraction        | 0.0708      |
|    clip_range           | 0.2         |
|    entropy_loss         | -0.774      |
|    explained_variance   | 0.964       |
|    learning_rate        | 0.0003      |
|    loss                 | -0.015      |
|    n_updates            | 230         |
|    policy_gradient_loss | -0.00322    |
|    value_loss           | 4.01e-05    |
-----------------------------------------
-----------------------------------------
| rollout/                |             |
|    ep_len_mean          | 350         |
|    ep_rew_mean          | -612        |
| time/                   |             |
|    fps                  | 3776        |
|    iterations           | 25          |
|    time_elapsed         | 54          |
|    total_timesteps      | 204800      |
| train/                  |             |
|    approx_kl            | 0.007487066 |
|    clip_fraction        | 0.0817      |
|    clip_range           | 0.2         |
|    entropy_loss         | -0.707      |
|    explained_variance   | 0.0603      |
|    learning_rate        | 0.0003      |
|    loss                 | -0.00397    |
|    n_updates            | 240         |
|    policy_gradient_loss | -0.00817    |
|    value_loss           | 0.0311      |
-----------------------------------------
-----------------------------------------
| rollout/                |             |
|    ep_len_mean          | 327         |
|    ep_rew_mean          | -660        |
| time/                   |             |
|    fps                  | 3758        |
|    iterations           | 26          |
|    time_elapsed         | 56          |
|    total_timesteps      | 212992      |
| train/                  |             |
|    approx_kl            | 0.006960486 |
|    clip_fraction        | 0.112       |
|    clip_range           | 0.2         |
|    entropy_loss         | -0.718      |
|    explained_variance   | 0.501       |
|    learning_rate        | 0.0003      |
|    loss                 | -0.0137     |
|    n_updates            | 250         |
|    policy_gradient_loss | -0.00753    |
|    value_loss           | 0.0107      |
-----------------------------------------
-----------------------------------------
| rollout/                |             |
|    ep_len_mean          | 320         |
|    ep_rew_mean          | -665        |
| time/                   |             |
|    fps                  | 3707        |
|    iterations           | 27          |
|    time_elapsed         | 59          |
|    total_timesteps      | 221184      |
| train/                  |             |
|    approx_kl            | 0.018299993 |
|    clip_fraction        | 0.106       |
|    clip_range           | 0.2         |
|    entropy_loss         | -0.686      |
|    explained_variance   | 0.697       |
|    learning_rate        | 0.0003      |
|    loss                 | -0.0105     |
|    n_updates            | 260         |
|    policy_gradient_loss | -0.0112     |
|    value_loss           | 0.00223     |
-----------------------------------------
-----------------------------------------
| rollout/                |             |
|    ep_len_mean          | 333         |
|    ep_rew_mean          | -637        |
| time/                   |             |
|    fps                  | 3688        |
|    iterations           | 28          |
|    time_elapsed         | 62          |
|    total_timesteps      | 229376      |
| train/                  |             |
|    approx_kl            | 0.013852347 |
|    clip_fraction        | 0.111       |
|    clip_range           | 0.2         |
|    entropy_loss         | -0.874      |
|    explained_variance   | 0.89        |
|    learning_rate        | 0.0003      |
|    loss                 | -0.0066     |
|    n_updates            | 270         |
|    policy_gradient_loss | -0.00495    |
|    value_loss           | 0.000469    |
-----------------------------------------
-----------------------------------------
| rollout/                |             |
|    ep_len_mean          | 344         |
|    ep_rew_mean          | -454        |
| time/                   |             |
|    fps                  | 3686        |
|    iterations           | 29          |
|    time_elapsed         | 64          |
|    total_timesteps      | 237568      |
| train/                  |             |
|    approx_kl            | 0.017446179 |
|    clip_fraction        | 0.158       |
|    clip_range           | 0.2         |
|    entropy_loss         | -0.836      |
|    explained_variance   | 0.89        |
|    learning_rate        | 0.0003      |
|    loss                 | -0.00988    |
|    n_updates            | 280         |
|    policy_gradient_loss | -0.0076     |
|    value_loss           | 0.00123     |
-----------------------------------------
----------------------------------------
| rollout/                |            |
|    ep_len_mean          | 316        |
|    ep_rew_mean          | -367       |
| time/                   |            |
|    fps                  | 3652       |
|    iterations           | 30         |
|    time_elapsed         | 67         |
|    total_timesteps      | 245760     |
| train/                  |            |
|    approx_kl            | 0.03713136 |
|    clip_fraction        | 0.0661     |
|    clip_range           | 0.2        |
|    entropy_loss         | -0.757     |
|    explained_variance   | 0.954      |
|    learning_rate        | 0.0003     |
|    loss                 | -0.00276   |
|    n_updates            | 290        |
|    policy_gradient_loss | -0.00506   |
|    value_loss           | 0.000111   |
----------------------------------------
-----------------------------------------
| rollout/                |             |
|    ep_len_mean          | 269         |
|    ep_rew_mean          | -439        |
| time/                   |             |
|    fps                  | 3628        |
|    iterations           | 31          |
|    time_elapsed         | 69          |
|    total_timesteps      | 253952      |
| train/                  |             |
|    approx_kl            | 0.007533912 |
|    clip_fraction        | 0.053       |
|    clip_range           | 0.2         |
|    entropy_loss         | -0.711      |
|    explained_variance   | 0.203       |
|    learning_rate        | 0.0003      |
|    loss                 | -0.0177     |
|    n_updates            | 300         |
|    policy_gradient_loss | -0.00526    |
|    value_loss           | 0.0051      |
-----------------------------------------
-----------------------------------------
| rollout/                |             |
|    ep_len_mean          | 233         |
|    ep_rew_mean          | -490        |
| time/                   |             |
|    fps                  | 3596        |
|    iterations           | 32          |
|    time_elapsed         | 72          |
|    total_timesteps      | 262144      |
| train/                  |             |
|    approx_kl            | 0.010399768 |
|    clip_fraction        | 0.162       |
|    clip_range           | 0.2         |
|    entropy_loss         | -0.754      |
|    explained_variance   | 0.19        |
|    learning_rate        | 0.0003      |
|    loss                 | -0.00246    |
|    n_updates            | 310         |
|    policy_gradient_loss | -0.00446    |
|    value_loss           | 0.0103      |
-----------------------------------------
-----------------------------------------
| rollout/                |             |
|    ep_len_mean          | 250         |
|    ep_rew_mean          | -488        |
| time/                   |             |
|    fps                  | 3583        |
|    iterations           | 33          |
|    time_elapsed         | 75          |
|    total_timesteps      | 270336      |
| train/                  |             |
|    approx_kl            | 0.015456298 |
|    clip_fraction        | 0.117       |
|    clip_range           | 0.2         |
|    entropy_loss         | -0.745      |
|    explained_variance   | 0.805       |
|    learning_rate        | 0.0003      |
|    loss                 | -0.0106     |
|    n_updates            | 320         |
|    policy_gradient_loss | -0.00485    |
|    value_loss           | 0.0112      |
-----------------------------------------
-----------------------------------------
| rollout/                |             |
|    ep_len_mean          | 269         |
|    ep_rew_mean          | -455        |
| time/                   |             |
|    fps                  | 3576        |
|    iterations           | 34          |
|    time_elapsed         | 77          |
|    total_timesteps      | 278528      |
| train/                  |             |
|    approx_kl            | 0.021598626 |
|    clip_fraction        | 0.0993      |
|    clip_range           | 0.2         |
|    entropy_loss         | -0.694      |
|    explained_variance   | 0.841       |
|    learning_rate        | 0.0003      |
|    loss                 | -0.0104     |
|    n_updates            | 330         |
|    policy_gradient_loss | -0.00361    |
|    value_loss           | 0.000958    |
-----------------------------------------
-----------------------------------------
| rollout/                |             |
|    ep_len_mean          | 295         |
|    ep_rew_mean          | -459        |
| time/                   |             |
|    fps                  | 3577        |
|    iterations           | 35          |
|    time_elapsed         | 80          |
|    total_timesteps      | 286720      |
| train/                  |             |
|    approx_kl            | 0.040481478 |
|    clip_fraction        | 0.163       |
|    clip_range           | 0.2         |
|    entropy_loss         | -0.967      |
|    explained_variance   | 0.768       |
|    learning_rate        | 0.0003      |
|    loss                 | -0.0159     |
|    n_updates            | 340         |
|    policy_gradient_loss | -0.00237    |
|    value_loss           | 0.00103     |
-----------------------------------------
------------------------------------------
| rollout/                |              |
|    ep_len_mean          | 308          |
|    ep_rew_mean          | -399         |
| time/                   |              |
|    fps                  | 3556         |
|    iterations           | 36           |
|    time_elapsed         | 82           |
|    total_timesteps      | 294912       |
| train/                  |              |
|    approx_kl            | 0.0077257263 |
|    clip_fraction        | 0.0833       |
|    clip_range           | 0.2          |
|    entropy_loss         | -0.968       |
|    explained_variance   | 0.885        |
|    learning_rate        | 0.0003       |
|    loss                 | -0.0183      |
|    n_updates            | 350          |
|    policy_gradient_loss | -0.00313     |
|    value_loss           | 0.00079      |
------------------------------------------
----------------------------------------
| rollout/                |            |
|    ep_len_mean          | 290        |
|    ep_rew_mean          | -391       |
| time/                   |            |
|    fps                  | 3535       |
|    iterations           | 37         |
|    time_elapsed         | 85         |
|    total_timesteps      | 303104     |
| train/                  |            |
|    approx_kl            | 0.02039273 |
|    clip_fraction        | 0.137      |
|    clip_range           | 0.2        |
|    entropy_loss         | -1.07      |
|    explained_variance   | 0.641      |
|    learning_rate        | 0.0003     |
|    loss                 | -0.00162   |
|    n_updates            | 360        |
|    policy_gradient_loss | -0.00485   |
|    value_loss           | 0.00221    |
----------------------------------------
-----------------------------------------
| rollout/                |             |
|    ep_len_mean          | 251         |
|    ep_rew_mean          | -329        |
| time/                   |             |
|    fps                  | 3514        |
|    iterations           | 38          |
|    time_elapsed         | 88          |
|    total_timesteps      | 311296      |
| train/                  |             |
|    approx_kl            | 0.011192618 |
|    clip_fraction        | 0.0805      |
|    clip_range           | 0.2         |
|    entropy_loss         | -1.05       |
|    explained_variance   | 0.585       |
|    learning_rate        | 0.0003      |
|    loss                 | -0.0157     |
|    n_updates            | 370         |
|    policy_gradient_loss | -0.00408    |
|    value_loss           | 0.00155     |
-----------------------------------------
-----------------------------------------
| rollout/                |             |
|    ep_len_mean          | 241         |
|    ep_rew_mean          | -301        |
| time/                   |             |
|    fps                  | 3503        |
|    iterations           | 39          |
|    time_elapsed         | 91          |
|    total_timesteps      | 319488      |
| train/                  |             |
|    approx_kl            | 0.010577962 |
|    clip_fraction        | 0.12        |
|    clip_range           | 0.2         |
|    entropy_loss         | -1.06       |
|    explained_variance   | 0.488       |
|    learning_rate        | 0.0003      |
|    loss                 | -0.00832    |
|    n_updates            | 380         |
|    policy_gradient_loss | -0.00351    |
|    value_loss           | 0.00237     |
-----------------------------------------
-----------------------------------------
| rollout/                |             |
|    ep_len_mean          | 214         |
|    ep_rew_mean          | -273        |
| time/                   |             |
|    fps                  | 3456        |
|    iterations           | 40          |
|    time_elapsed         | 94          |
|    total_timesteps      | 327680      |
| train/                  |             |
|    approx_kl            | 0.008855692 |
|    clip_fraction        | 0.117       |
|    clip_range           | 0.2         |
|    entropy_loss         | -1.05       |
|    explained_variance   | 0.433       |
|    learning_rate        | 0.0003      |
|    loss                 | -0.0134     |
|    n_updates            | 390         |
|    policy_gradient_loss | -0.00663    |
|    value_loss           | 0.00215     |
-----------------------------------------
-----------------------------------------
| rollout/                |             |
|    ep_len_mean          | 203         |
|    ep_rew_mean          | -249        |
| time/                   |             |
|    fps                  | 3426        |
|    iterations           | 41          |
|    time_elapsed         | 98          |
|    total_timesteps      | 335872      |
| train/                  |             |
|    approx_kl            | 0.015704334 |
|    clip_fraction        | 0.121       |
|    clip_range           | 0.2         |
|    entropy_loss         | -0.99       |
|    explained_variance   | 0.597       |
|    learning_rate        | 0.0003      |
|    loss                 | -0.0305     |
|    n_updates            | 400         |
|    policy_gradient_loss | -0.00895    |
|    value_loss           | 0.00192     |
-----------------------------------------
-----------------------------------------
| rollout/                |             |
|    ep_len_mean          | 177         |
|    ep_rew_mean          | -198        |
| time/                   |             |
|    fps                  | 3388        |
|    iterations           | 42          |
|    time_elapsed         | 101         |
|    total_timesteps      | 344064      |
| train/                  |             |
|    approx_kl            | 0.012772691 |
|    clip_fraction        | 0.0997      |
|    clip_range           | 0.2         |
|    entropy_loss         | -0.959      |
|    explained_variance   | 0.728       |
|    learning_rate        | 0.0003      |
|    loss                 | -0.0223     |
|    n_updates            | 410         |
|    policy_gradient_loss | -0.00463    |
|    value_loss           | 0.00084     |
-----------------------------------------
-----------------------------------------
| rollout/                |             |
|    ep_len_mean          | 134         |
|    ep_rew_mean          | -141        |
| time/                   |             |
|    fps                  | 3342        |
|    iterations           | 43          |
|    time_elapsed         | 105         |
|    total_timesteps      | 352256      |
| train/                  |             |
|    approx_kl            | 0.011163995 |
|    clip_fraction        | 0.108       |
|    clip_range           | 0.2         |
|    entropy_loss         | -0.941      |
|    explained_variance   | 0.608       |
|    learning_rate        | 0.0003      |
|    loss                 | -0.0243     |
|    n_updates            | 420         |
|    policy_gradient_loss | -0.00813    |
|    value_loss           | 0.00144     |
-----------------------------------------
-----------------------------------------
| rollout/                |             |
|    ep_len_mean          | 137         |
|    ep_rew_mean          | -138        |
| time/                   |             |
|    fps                  | 3307        |
|    iterations           | 44          |
|    time_elapsed         | 108         |
|    total_timesteps      | 360448      |
| train/                  |             |
|    approx_kl            | 0.010979033 |
|    clip_fraction        | 0.131       |
|    clip_range           | 0.2         |
|    entropy_loss         | -0.897      |
|    explained_variance   | 0.911       |
|    learning_rate        | 0.0003      |
|    loss                 | -0.0109     |
|    n_updates            | 430         |
|    policy_gradient_loss | -0.00718    |
|    value_loss           | 0.000211    |
-----------------------------------------
----------------------------------------
| rollout/                |            |
|    ep_len_mean          | 139        |
|    ep_rew_mean          | -138       |
| time/                   |            |
|    fps                  | 3252       |
|    iterations           | 45         |
|    time_elapsed         | 113        |
|    total_timesteps      | 368640     |
| train/                  |            |
|    approx_kl            | 0.00974541 |
|    clip_fraction        | 0.159      |
|    clip_range           | 0.2        |
|    entropy_loss         | -0.823     |
|    explained_variance   | 0.97       |
|    learning_rate        | 0.0003     |
|    loss                 | -0.0242    |
|    n_updates            | 440        |
|    policy_gradient_loss | -0.00661   |
|    value_loss           | 9.62e-05   |
----------------------------------------
----------------------------------------
| rollout/                |            |
|    ep_len_mean          | 141        |
|    ep_rew_mean          | -138       |
| time/                   |            |
|    fps                  | 3234       |
|    iterations           | 46         |
|    time_elapsed         | 116        |
|    total_timesteps      | 376832     |
| train/                  |            |
|    approx_kl            | 0.01248328 |
|    clip_fraction        | 0.115      |
|    clip_range           | 0.2        |
|    entropy_loss         | -0.796     |
|    explained_variance   | 0.977      |
|    learning_rate        | 0.0003     |
|    loss                 | -0.019     |
|    n_updates            | 450        |
|    policy_gradient_loss | -0.0118    |
|    value_loss           | 5.43e-05   |
----------------------------------------
-----------------------------------------
| rollout/                |             |
|    ep_len_mean          | 150         |
|    ep_rew_mean          | -182        |
| time/                   |             |
|    fps                  | 3195        |
|    iterations           | 47          |
|    time_elapsed         | 120         |
|    total_timesteps      | 385024      |
| train/                  |             |
|    approx_kl            | 0.006711474 |
|    clip_fraction        | 0.0632      |
|    clip_range           | 0.2         |
|    entropy_loss         | -0.756      |
|    explained_variance   | 0.885       |
|    learning_rate        | 0.0003      |
|    loss                 | -0.0054     |
|    n_updates            | 460         |
|    policy_gradient_loss | -0.00354    |
|    value_loss           | 0.00112     |
-----------------------------------------
-----------------------------------------
| rollout/                |             |
|    ep_len_mean          | 161         |
|    ep_rew_mean          | -196        |
| time/                   |             |
|    fps                  | 3184        |
|    iterations           | 48          |
|    time_elapsed         | 123         |
|    total_timesteps      | 393216      |
| train/                  |             |
|    approx_kl            | 0.021183416 |
|    clip_fraction        | 0.0469      |
|    clip_range           | 0.2         |
|    entropy_loss         | -0.757      |
|    explained_variance   | 0.386       |
|    learning_rate        | 0.0003      |
|    loss                 | 0.184       |
|    n_updates            | 470         |
|    policy_gradient_loss | -0.00236    |
|    value_loss           | 0.00391     |
-----------------------------------------
-----------------------------------------
| rollout/                |             |
|    ep_len_mean          | 189         |
|    ep_rew_mean          | -196        |
| time/                   |             |
|    fps                  | 3170        |
|    iterations           | 49          |
|    time_elapsed         | 126         |
|    total_timesteps      | 401408      |
| train/                  |             |
|    approx_kl            | 0.008323084 |
|    clip_fraction        | 0.123       |
|    clip_range           | 0.2         |
|    entropy_loss         | -0.665      |
|    explained_variance   | 0.943       |
|    learning_rate        | 0.0003      |
|    loss                 | -0.0134     |
|    n_updates            | 480         |
|    policy_gradient_loss | -0.0023     |
|    value_loss           | 0.000136    |
-----------------------------------------
-----------------------------------------
| rollout/                |             |
|    ep_len_mean          | 200         |
|    ep_rew_mean          | -202        |
| time/                   |             |
|    fps                  | 3161        |
|    iterations           | 50          |
|    time_elapsed         | 129         |
|    total_timesteps      | 409600      |
| train/                  |             |
|    approx_kl            | 0.036494315 |
|    clip_fraction        | 0.0987      |
|    clip_range           | 0.2         |
|    entropy_loss         | -0.571      |
|    explained_variance   | 0.949       |
|    learning_rate        | 0.0003      |
|    loss                 | 0.00492     |
|    n_updates            | 490         |
|    policy_gradient_loss | -0.00342    |
|    value_loss           | 0.000123    |
-----------------------------------------
----------------------------------------
| rollout/                |            |
|    ep_len_mean          | 209        |
|    ep_rew_mean          | -209       |
| time/                   |            |
|    fps                  | 3160       |
|    iterations           | 51         |
|    time_elapsed         | 132        |
|    total_timesteps      | 417792     |
| train/                  |            |
|    approx_kl            | 0.04800456 |
|    clip_fraction        | 0.146      |
|    clip_range           | 0.2        |
|    entropy_loss         | -0.706     |
|    explained_variance   | 0.948      |
|    learning_rate        | 0.0003     |
|    loss                 | -0.096     |
|    n_updates            | 500        |
|    policy_gradient_loss | -0.0132    |
|    value_loss           | 0.000151   |
----------------------------------------
-----------------------------------------
| rollout/                |             |
|    ep_len_mean          | 227         |
|    ep_rew_mean          | -227        |
| time/                   |             |
|    fps                  | 3157        |
|    iterations           | 52          |
|    time_elapsed         | 134         |
|    total_timesteps      | 425984      |
| train/                  |             |
|    approx_kl            | 0.004830031 |
|    clip_fraction        | 0.0518      |
|    clip_range           | 0.2         |
|    entropy_loss         | -0.753      |
|    explained_variance   | 0.966       |
|    learning_rate        | 0.0003      |
|    loss                 | -0.0108     |
|    n_updates            | 510         |
|    policy_gradient_loss | -0.00307    |
|    value_loss           | 3.35e-05    |
-----------------------------------------
-----------------------------------------
| rollout/                |             |
|    ep_len_mean          | 241         |
|    ep_rew_mean          | -242        |
| time/                   |             |
|    fps                  | 3148        |
|    iterations           | 53          |
|    time_elapsed         | 137         |
|    total_timesteps      | 434176      |
| train/                  |             |
|    approx_kl            | 0.019570969 |
|    clip_fraction        | 0.114       |
|    clip_range           | 0.2         |
|    entropy_loss         | -0.812      |
|    explained_variance   | 0.956       |
|    learning_rate        | 0.0003      |
|    loss                 | -0.0148     |
|    n_updates            | 520         |
|    policy_gradient_loss | -0.00433    |
|    value_loss           | 7.54e-05    |
-----------------------------------------
-----------------------------------------
| rollout/                |             |
|    ep_len_mean          | 250         |
|    ep_rew_mean          | -251        |
| time/                   |             |
|    fps                  | 3146        |
|    iterations           | 54          |
|    time_elapsed         | 140         |
|    total_timesteps      | 442368      |
| train/                  |             |
|    approx_kl            | 0.030255591 |
|    clip_fraction        | 0.127       |
|    clip_range           | 0.2         |
|    entropy_loss         | -0.724      |
|    explained_variance   | 0.905       |
|    learning_rate        | 0.0003      |
|    loss                 | -0.0187     |
|    n_updates            | 530         |
|    policy_gradient_loss | -0.00466    |
|    value_loss           | 0.000298    |
-----------------------------------------
-----------------------------------------
| rollout/                |             |
|    ep_len_mean          | 246         |
|    ep_rew_mean          | -252        |
| time/                   |             |
|    fps                  | 3144        |
|    iterations           | 55          |
|    time_elapsed         | 143         |
|    total_timesteps      | 450560      |
| train/                  |             |
|    approx_kl            | 0.012579836 |
|    clip_fraction        | 0.0599      |
|    clip_range           | 0.2         |
|    entropy_loss         | -0.701      |
|    explained_variance   | 0.961       |
|    learning_rate        | 0.0003      |
|    loss                 | -0.0143     |
|    n_updates            | 540         |
|    policy_gradient_loss | -0.0031     |
|    value_loss           | 6.88e-05    |
-----------------------------------------
----------------------------------------
| rollout/                |            |
|    ep_len_mean          | 235        |
|    ep_rew_mean          | -239       |
| time/                   |            |
|    fps                  | 3136       |
|    iterations           | 56         |
|    time_elapsed         | 146        |
|    total_timesteps      | 458752     |
| train/                  |            |
|    approx_kl            | 0.01285355 |
|    clip_fraction        | 0.106      |
|    clip_range           | 0.2        |
|    entropy_loss         | -0.687     |
|    explained_variance   | 0.924      |
|    learning_rate        | 0.0003     |
|    loss                 | -0.0145    |
|    n_updates            | 550        |
|    policy_gradient_loss | -0.00458   |
|    value_loss           | 0.000183   |
----------------------------------------
-----------------------------------------
| rollout/                |             |
|    ep_len_mean          | 224         |
|    ep_rew_mean          | -228        |
| time/                   |             |
|    fps                  | 3130        |
|    iterations           | 57          |
|    time_elapsed         | 149         |
|    total_timesteps      | 466944      |
| train/                  |             |
|    approx_kl            | 0.005872995 |
|    clip_fraction        | 0.0832      |
|    clip_range           | 0.2         |
|    entropy_loss         | -0.457      |
|    explained_variance   | 0.979       |
|    learning_rate        | 0.0003      |
|    loss                 | -0.00595    |
|    n_updates            | 560         |
|    policy_gradient_loss | -0.00691    |
|    value_loss           | 3.28e-05    |
-----------------------------------------
-----------------------------------------
| rollout/                |             |
|    ep_len_mean          | 204         |
|    ep_rew_mean          | -204        |
| time/                   |             |
|    fps                  | 3119        |
|    iterations           | 58          |
|    time_elapsed         | 152         |
|    total_timesteps      | 475136      |
| train/                  |             |
|    approx_kl            | 0.011271464 |
|    clip_fraction        | 0.119       |
|    clip_range           | 0.2         |
|    entropy_loss         | -0.678      |
|    explained_variance   | 0.943       |
|    learning_rate        | 0.0003      |
|    loss                 | -0.00951    |
|    n_updates            | 570         |
|    policy_gradient_loss | -0.00458    |
|    value_loss           | 0.000125    |
-----------------------------------------
-----------------------------------------
| rollout/                |             |
|    ep_len_mean          | 211         |
|    ep_rew_mean          | -217        |
| time/                   |             |
|    fps                  | 3121        |
|    iterations           | 59          |
|    time_elapsed         | 154         |
|    total_timesteps      | 483328      |
| train/                  |             |
|    approx_kl            | 0.013067954 |
|    clip_fraction        | 0.0815      |
|    clip_range           | 0.2         |
|    entropy_loss         | -0.583      |
|    explained_variance   | 0.894       |
|    learning_rate        | 0.0003      |
|    loss                 | -0.00575    |
|    n_updates            | 580         |
|    policy_gradient_loss | -0.00318    |
|    value_loss           | 0.000442    |
-----------------------------------------
------------------------------------------
| rollout/                |              |
|    ep_len_mean          | 224          |
|    ep_rew_mean          | -242         |
| time/                   |              |
|    fps                  | 3112         |
|    iterations           | 60           |
|    time_elapsed         | 157          |
|    total_timesteps      | 491520       |
| train/                  |              |
|    approx_kl            | 0.0065876017 |
|    clip_fraction        | 0.0927       |
|    clip_range           | 0.2          |
|    entropy_loss         | -0.605       |
|    explained_variance   | 0.93         |
|    learning_rate        | 0.0003       |
|    loss                 | -0.00765     |
|    n_updates            | 590          |
|    policy_gradient_loss | -0.00464     |
|    value_loss           | 0.000223     |
------------------------------------------
------------------------------------------
| rollout/                |              |
|    ep_len_mean          | 212          |
|    ep_rew_mean          | -243         |
| time/                   |              |
|    fps                  | 3095         |
|    iterations           | 61           |
|    time_elapsed         | 161          |
|    total_timesteps      | 499712       |
| train/                  |              |
|    approx_kl            | 0.0070420755 |
|    clip_fraction        | 0.0729       |
|    clip_range           | 0.2          |
|    entropy_loss         | -0.548       |
|    explained_variance   | 0.701        |
|    learning_rate        | 0.0003       |
|    loss                 | -0.0103      |
|    n_updates            | 600          |
|    policy_gradient_loss | -0.00509     |
|    value_loss           | 0.00265      |
------------------------------------------
-----------------------------------------
| rollout/                |             |
|    ep_len_mean          | 154         |
|    ep_rew_mean          | -178        |
| time/                   |             |
|    fps                  | 3066        |
|    iterations           | 62          |
|    time_elapsed         | 165         |
|    total_timesteps      | 507904      |
| train/                  |             |
|    approx_kl            | 0.005014173 |
|    clip_fraction        | 0.0525      |
|    clip_range           | 0.2         |
|    entropy_loss         | -0.588      |
|    explained_variance   | 0.686       |
|    learning_rate        | 0.0003      |
|    loss                 | -0.0131     |
|    n_updates            | 610         |
|    policy_gradient_loss | -0.00513    |
|    value_loss           | 0.00233     |
-----------------------------------------
-----------------------------------------
| rollout/                |             |
|    ep_len_mean          | 173         |
|    ep_rew_mean          | -199        |
| time/                   |             |
|    fps                  | 3062        |
|    iterations           | 63          |
|    time_elapsed         | 168         |
|    total_timesteps      | 516096      |
| train/                  |             |
|    approx_kl            | 0.005973284 |
|    clip_fraction        | 0.0441      |
|    clip_range           | 0.2         |
|    entropy_loss         | -0.47       |
|    explained_variance   | 0.867       |
|    learning_rate        | 0.0003      |
|    loss                 | -0.00387    |
|    n_updates            | 620         |
|    policy_gradient_loss | -0.00218    |
|    value_loss           | 0.000408    |
-----------------------------------------
-----------------------------------------
| rollout/                |             |
|    ep_len_mean          | 154         |
|    ep_rew_mean          | -181        |
| time/                   |             |
|    fps                  | 3041        |
|    iterations           | 64          |
|    time_elapsed         | 172         |
|    total_timesteps      | 524288      |
| train/                  |             |
|    approx_kl            | 0.011550305 |
|    clip_fraction        | 0.0863      |
|    clip_range           | 0.2         |
|    entropy_loss         | -0.373      |
|    explained_variance   | 0.416       |
|    learning_rate        | 0.0003      |
|    loss                 | -0.0122     |
|    n_updates            | 630         |
|    policy_gradient_loss | -0.00879    |
|    value_loss           | 0.0037      |
-----------------------------------------
-----------------------------------------
| rollout/                |             |
|    ep_len_mean          | 120         |
|    ep_rew_mean          | -128        |
| time/                   |             |
|    fps                  | 3015        |
|    iterations           | 65          |
|    time_elapsed         | 176         |
|    total_timesteps      | 532480      |
| train/                  |             |
|    approx_kl            | 0.007812802 |
|    clip_fraction        | 0.0499      |
|    clip_range           | 0.2         |
|    entropy_loss         | -0.279      |
|    explained_variance   | 0.868       |
|    learning_rate        | 0.0003      |
|    loss                 | -0.00778    |
|    n_updates            | 640         |
|    policy_gradient_loss | -0.00684    |
|    value_loss           | 0.000191    |
-----------------------------------------
----------------------------------------
| rollout/                |            |
|    ep_len_mean          | 118        |
|    ep_rew_mean          | -117       |
| time/                   |            |
|    fps                  | 2990       |
|    iterations           | 66         |
|    time_elapsed         | 180        |
|    total_timesteps      | 540672     |
| train/                  |            |
|    approx_kl            | 0.00864081 |
|    clip_fraction        | 0.0557     |
|    clip_range           | 0.2        |
|    entropy_loss         | -0.276     |
|    explained_variance   | 0.576      |
|    learning_rate        | 0.0003     |
|    loss                 | 0.00174    |
|    n_updates            | 650        |
|    policy_gradient_loss | -0.00529   |
|    value_loss           | 0.00283    |
----------------------------------------
-----------------------------------------
| rollout/                |             |
|    ep_len_mean          | 126         |
|    ep_rew_mean          | -127        |
| time/                   |             |
|    fps                  | 2961        |
|    iterations           | 67          |
|    time_elapsed         | 185         |
|    total_timesteps      | 548864      |
| train/                  |             |
|    approx_kl            | 0.005252106 |
|    clip_fraction        | 0.0494      |
|    clip_range           | 0.2         |
|    entropy_loss         | -0.296      |
|    explained_variance   | 0.918       |
|    learning_rate        | 0.0003      |
|    loss                 | -0.0111     |
|    n_updates            | 660         |
|    policy_gradient_loss | -0.00626    |
|    value_loss           | 0.000172    |
-----------------------------------------
------------------------------------------
| rollout/                |              |
|    ep_len_mean          | 174          |
|    ep_rew_mean          | -175         |
| time/                   |              |
|    fps                  | 2963         |
|    iterations           | 68           |
|    time_elapsed         | 187          |
|    total_timesteps      | 557056       |
| train/                  |              |
|    approx_kl            | 0.0057858764 |
|    clip_fraction        | 0.0533       |
|    clip_range           | 0.2          |
|    entropy_loss         | -0.267       |
|    explained_variance   | 0.913        |
|    learning_rate        | 0.0003       |
|    loss                 | -0.0127      |
|    n_updates            | 670          |
|    policy_gradient_loss | -0.00608     |
|    value_loss           | 0.000342     |
------------------------------------------
-----------------------------------------
| rollout/                |             |
|    ep_len_mean          | 159         |
|    ep_rew_mean          | -157        |
| time/                   |             |
|    fps                  | 2943        |
|    iterations           | 69          |
|    time_elapsed         | 192         |
|    total_timesteps      | 565248      |
| train/                  |             |
|    approx_kl            | 0.109209575 |
|    clip_fraction        | 0.246       |
|    clip_range           | 0.2         |
|    entropy_loss         | -0.456      |
|    explained_variance   | 0.977       |
|    learning_rate        | 0.0003      |
|    loss                 | -0.037      |
|    n_updates            | 680         |
|    policy_gradient_loss | -0.00936    |
|    value_loss           | 1.39e-05    |
-----------------------------------------
-----------------------------------------
| rollout/                |             |
|    ep_len_mean          | 126         |
|    ep_rew_mean          | -123        |
| time/                   |             |
|    fps                  | 2923        |
|    iterations           | 70          |
|    time_elapsed         | 196         |
|    total_timesteps      | 573440      |
| train/                  |             |
|    approx_kl            | 0.015596872 |
|    clip_fraction        | 0.155       |
|    clip_range           | 0.2         |
|    entropy_loss         | -0.829      |
|    explained_variance   | 0.988       |
|    learning_rate        | 0.0003      |
|    loss                 | -0.015      |
|    n_updates            | 690         |
|    policy_gradient_loss | -0.00449    |
|    value_loss           | 1.53e-05    |
-----------------------------------------
-----------------------------------------
| rollout/                |             |
|    ep_len_mean          | 122         |
|    ep_rew_mean          | -144        |
| time/                   |             |
|    fps                  | 2904        |
|    iterations           | 71          |
|    time_elapsed         | 200         |
|    total_timesteps      | 581632      |
| train/                  |             |
|    approx_kl            | 0.036034502 |
|    clip_fraction        | 0.206       |
|    clip_range           | 0.2         |
|    entropy_loss         | -0.884      |
|    explained_variance   | 0.986       |
|    learning_rate        | 0.0003      |
|    loss                 | -0.0246     |
|    n_updates            | 700         |
|    policy_gradient_loss | -0.00813    |
|    value_loss           | 0.000103    |
-----------------------------------------
----------------------------------------
| rollout/                |            |
|    ep_len_mean          | 126        |
|    ep_rew_mean          | -146       |
| time/                   |            |
|    fps                  | 2892       |
|    iterations           | 72         |
|    time_elapsed         | 203        |
|    total_timesteps      | 589824     |
| train/                  |            |
|    approx_kl            | 0.01047426 |
|    clip_fraction        | 0.0906     |
|    clip_range           | 0.2        |
|    entropy_loss         | -0.936     |
|    explained_variance   | 0.383      |
|    learning_rate        | 0.0003     |
|    loss                 | -0.0207    |
|    n_updates            | 710        |
|    policy_gradient_loss | -0.00526   |
|    value_loss           | 0.00559    |
----------------------------------------
-----------------------------------------
| rollout/                |             |
|    ep_len_mean          | 138         |
|    ep_rew_mean          | -134        |
| time/                   |             |
|    fps                  | 2879        |
|    iterations           | 73          |
|    time_elapsed         | 207         |
|    total_timesteps      | 598016      |
| train/                  |             |
|    approx_kl            | 0.011415146 |
|    clip_fraction        | 0.0588      |
|    clip_range           | 0.2         |
|    entropy_loss         | -0.959      |
|    explained_variance   | 0.926       |
|    learning_rate        | 0.0003      |
|    loss                 | -0.0284     |
|    n_updates            | 720         |
|    policy_gradient_loss | -0.00415    |
|    value_loss           | 0.000192    |
-----------------------------------------
-----------------------------------------
| rollout/                |             |
|    ep_len_mean          | 148         |
|    ep_rew_mean          | -147        |
| time/                   |             |
|    fps                  | 2870        |
|    iterations           | 74          |
|    time_elapsed         | 211         |
|    total_timesteps      | 606208      |
| train/                  |             |
|    approx_kl            | 0.014051961 |
|    clip_fraction        | 0.149       |
|    clip_range           | 0.2         |
|    entropy_loss         | -0.951      |
|    explained_variance   | 0.984       |
|    learning_rate        | 0.0003      |
|    loss                 | -0.0303     |
|    n_updates            | 730         |
|    policy_gradient_loss | -0.00579    |
|    value_loss           | 3.37e-05    |
-----------------------------------------
----------------------------------------
| rollout/                |            |
|    ep_len_mean          | 167        |
|    ep_rew_mean          | -165       |
| time/                   |            |
|    fps                  | 2864       |
|    iterations           | 75         |
|    time_elapsed         | 214        |
|    total_timesteps      | 614400     |
| train/                  |            |
|    approx_kl            | 0.01055708 |
|    clip_fraction        | 0.123      |
|    clip_range           | 0.2        |
|    entropy_loss         | -0.998     |
|    explained_variance   | 0.956      |
|    learning_rate        | 0.0003     |
|    loss                 | -0.00946   |
|    n_updates            | 740        |
|    policy_gradient_loss | -0.00401   |
|    value_loss           | 0.00014    |
----------------------------------------
------------------------------------------
| rollout/                |              |
|    ep_len_mean          | 186          |
|    ep_rew_mean          | -181         |
| time/                   |              |
|    fps                  | 2863         |
|    iterations           | 76           |
|    time_elapsed         | 217          |
|    total_timesteps      | 622592       |
| train/                  |              |
|    approx_kl            | 0.0100509245 |
|    clip_fraction        | 0.102        |
|    clip_range           | 0.2          |
|    entropy_loss         | -1.05        |
|    explained_variance   | 0.995        |
|    learning_rate        | 0.0003       |
|    loss                 | -0.019       |
|    n_updates            | 750          |
|    policy_gradient_loss | -0.00381     |
|    value_loss           | 8.93e-06     |
------------------------------------------
-----------------------------------------
| rollout/                |             |
|    ep_len_mean          | 149         |
|    ep_rew_mean          | -153        |
| time/                   |             |
|    fps                  | 2845        |
|    iterations           | 77          |
|    time_elapsed         | 221         |
|    total_timesteps      | 630784      |
| train/                  |             |
|    approx_kl            | 0.012063477 |
|    clip_fraction        | 0.188       |
|    clip_range           | 0.2         |
|    entropy_loss         | -1.01       |
|    explained_variance   | 0.976       |
|    learning_rate        | 0.0003      |
|    loss                 | -0.0184     |
|    n_updates            | 760         |
|    policy_gradient_loss | -0.00533    |
|    value_loss           | 8.71e-05    |
-----------------------------------------
-----------------------------------------
| rollout/                |             |
|    ep_len_mean          | 109         |
|    ep_rew_mean          | -120        |
| time/                   |             |
|    fps                  | 2837        |
|    iterations           | 78          |
|    time_elapsed         | 225         |
|    total_timesteps      | 638976      |
| train/                  |             |
|    approx_kl            | 0.008817887 |
|    clip_fraction        | 0.12        |
|    clip_range           | 0.2         |
|    entropy_loss         | -0.932      |
|    explained_variance   | 0.648       |
|    learning_rate        | 0.0003      |
|    loss                 | -0.0215     |
|    n_updates            | 770         |
|    policy_gradient_loss | -0.00358    |
|    value_loss           | 0.00246     |
-----------------------------------------
-----------------------------------------
| rollout/                |             |
|    ep_len_mean          | 130         |
|    ep_rew_mean          | -129        |
| time/                   |             |
|    fps                  | 2819        |
|    iterations           | 79          |
|    time_elapsed         | 229         |
|    total_timesteps      | 647168      |
| train/                  |             |
|    approx_kl            | 0.008323049 |
|    clip_fraction        | 0.12        |
|    clip_range           | 0.2         |
|    entropy_loss         | -0.99       |
|    explained_variance   | 0.935       |
|    learning_rate        | 0.0003      |
|    loss                 | -0.0225     |
|    n_updates            | 780         |
|    policy_gradient_loss | -0.00498    |
|    value_loss           | 0.000228    |
-----------------------------------------
----------------------------------------
| rollout/                |            |
|    ep_len_mean          | 99.8       |
|    ep_rew_mean          | -97.5      |
| time/                   |            |
|    fps                  | 2802       |
|    iterations           | 80         |
|    time_elapsed         | 233        |
|    total_timesteps      | 655360     |
| train/                  |            |
|    approx_kl            | 0.07622637 |
|    clip_fraction        | 0.185      |
|    clip_range           | 0.2        |
|    entropy_loss         | -1.02      |
|    explained_variance   | 0.984      |
|    learning_rate        | 0.0003     |
|    loss                 | -0.0231    |
|    n_updates            | 790        |
|    policy_gradient_loss | -0.00765   |
|    value_loss           | 3.67e-05   |
----------------------------------------
-----------------------------------------
| rollout/                |             |
|    ep_len_mean          | 130         |
|    ep_rew_mean          | -137        |
| time/                   |             |
|    fps                  | 2794        |
|    iterations           | 81          |
|    time_elapsed         | 237         |
|    total_timesteps      | 663552      |
| train/                  |             |
|    approx_kl            | 0.014363384 |
|    clip_fraction        | 0.105       |
|    clip_range           | 0.2         |
|    entropy_loss         | -0.997      |
|    explained_variance   | 0.987       |
|    learning_rate        | 0.0003      |
|    loss                 | -0.0254     |
|    n_updates            | 800         |
|    policy_gradient_loss | -0.0037     |
|    value_loss           | 6.32e-05    |
-----------------------------------------
-----------------------------------------
| rollout/                |             |
|    ep_len_mean          | 144         |
|    ep_rew_mean          | -151        |
| time/                   |             |
|    fps                  | 2787        |
|    iterations           | 82          |
|    time_elapsed         | 241         |
|    total_timesteps      | 671744      |
| train/                  |             |
|    approx_kl            | 0.011880926 |
|    clip_fraction        | 0.173       |
|    clip_range           | 0.2         |
|    entropy_loss         | -1.11       |
|    explained_variance   | 0.695       |
|    learning_rate        | 0.0003      |
|    loss                 | -0.0187     |
|    n_updates            | 810         |
|    policy_gradient_loss | -0.0063     |
|    value_loss           | 0.00161     |
-----------------------------------------
----------------------------------------
| rollout/                |            |
|    ep_len_mean          | 136        |
|    ep_rew_mean          | -142       |
| time/                   |            |
|    fps                  | 2775       |
|    iterations           | 83         |
|    time_elapsed         | 245        |
|    total_timesteps      | 679936     |
| train/                  |            |
|    approx_kl            | 0.01692999 |
|    clip_fraction        | 0.276      |
|    clip_range           | 0.2        |
|    entropy_loss         | -1.06      |
|    explained_variance   | 0.961      |
|    learning_rate        | 0.0003     |
|    loss                 | -0.0289    |
|    n_updates            | 820        |
|    policy_gradient_loss | -0.00598   |
|    value_loss           | 0.000126   |
----------------------------------------
-----------------------------------------
| rollout/                |             |
|    ep_len_mean          | 137         |
|    ep_rew_mean          | -151        |
| time/                   |             |
|    fps                  | 2768        |
|    iterations           | 84          |
|    time_elapsed         | 248         |
|    total_timesteps      | 688128      |
| train/                  |             |
|    approx_kl            | 0.012679078 |
|    clip_fraction        | 0.146       |
|    clip_range           | 0.2         |
|    entropy_loss         | -1.01       |
|    explained_variance   | 0.844       |
|    learning_rate        | 0.0003      |
|    loss                 | -0.0221     |
|    n_updates            | 830         |
|    policy_gradient_loss | -0.00116    |
|    value_loss           | 0.000991    |
-----------------------------------------
-----------------------------------------
| rollout/                |             |
|    ep_len_mean          | 139         |
|    ep_rew_mean          | -147        |
| time/                   |             |
|    fps                  | 2753        |
|    iterations           | 85          |
|    time_elapsed         | 252         |
|    total_timesteps      | 696320      |
| train/                  |             |
|    approx_kl            | 0.009590993 |
|    clip_fraction        | 0.107       |
|    clip_range           | 0.2         |
|    entropy_loss         | -1.08       |
|    explained_variance   | 0.726       |
|    learning_rate        | 0.0003      |
|    loss                 | -0.0293     |
|    n_updates            | 840         |
|    policy_gradient_loss | -0.00564    |
|    value_loss           | 0.00164     |
-----------------------------------------
-----------------------------------------
| rollout/                |             |
|    ep_len_mean          | 94.4        |
|    ep_rew_mean          | -104        |
| time/                   |             |
|    fps                  | 2740        |
|    iterations           | 86          |
|    time_elapsed         | 257         |
|    total_timesteps      | 704512      |
| train/                  |             |
|    approx_kl            | 0.024187531 |
|    clip_fraction        | 0.219       |
|    clip_range           | 0.2         |
|    entropy_loss         | -0.993      |
|    explained_variance   | 0.947       |
|    learning_rate        | 0.0003      |
|    loss                 | -0.0095     |
|    n_updates            | 850         |
|    policy_gradient_loss | -0.00323    |
|    value_loss           | 0.000154    |
-----------------------------------------
-----------------------------------------
| rollout/                |             |
|    ep_len_mean          | 130         |
|    ep_rew_mean          | -140        |
| time/                   |             |
|    fps                  | 2732        |
|    iterations           | 87          |
|    time_elapsed         | 260         |
|    total_timesteps      | 712704      |
| train/                  |             |
|    approx_kl            | 0.009676131 |
|    clip_fraction        | 0.171       |
|    clip_range           | 0.2         |
|    entropy_loss         | -0.973      |
|    explained_variance   | 0.75        |
|    learning_rate        | 0.0003      |
|    loss                 | -0.0161     |
|    n_updates            | 860         |
|    policy_gradient_loss | -0.00444    |
|    value_loss           | 0.00184     |
-----------------------------------------
-----------------------------------------
| rollout/                |             |
|    ep_len_mean          | 171         |
|    ep_rew_mean          | -169        |
| time/                   |             |
|    fps                  | 2731        |
|    iterations           | 88          |
|    time_elapsed         | 263         |
|    total_timesteps      | 720896      |
| train/                  |             |
|    approx_kl            | 0.009238594 |
|    clip_fraction        | 0.0939      |
|    clip_range           | 0.2         |
|    entropy_loss         | -1.05       |
|    explained_variance   | 0.964       |
|    learning_rate        | 0.0003      |
|    loss                 | -0.00824    |
|    n_updates            | 870         |
|    policy_gradient_loss | -0.000769   |
|    value_loss           | 2.44e-05    |
-----------------------------------------
-----------------------------------------
| rollout/                |             |
|    ep_len_mean          | 133         |
|    ep_rew_mean          | -129        |
| time/                   |             |
|    fps                  | 2720        |
|    iterations           | 89          |
|    time_elapsed         | 267         |
|    total_timesteps      | 729088      |
| train/                  |             |
|    approx_kl            | 0.012350718 |
|    clip_fraction        | 0.129       |
|    clip_range           | 0.2         |
|    entropy_loss         | -1.06       |
|    explained_variance   | 0.997       |
|    learning_rate        | 0.0003      |
|    loss                 | -0.0162     |
|    n_updates            | 880         |
|    policy_gradient_loss | -0.00298    |
|    value_loss           | 7.63e-06    |
-----------------------------------------
-----------------------------------------
| rollout/                |             |
|    ep_len_mean          | 134         |
|    ep_rew_mean          | -130        |
| time/                   |             |
|    fps                  | 2712        |
|    iterations           | 90          |
|    time_elapsed         | 271         |
|    total_timesteps      | 737280      |
| train/                  |             |
|    approx_kl            | 0.011615181 |
|    clip_fraction        | 0.0882      |
|    clip_range           | 0.2         |
|    entropy_loss         | -0.953      |
|    explained_variance   | 0.998       |
|    learning_rate        | 0.0003      |
|    loss                 | -0.0135     |
|    n_updates            | 890         |
|    policy_gradient_loss | -0.00355    |
|    value_loss           | 8.85e-06    |
-----------------------------------------
-----------------------------------------
| rollout/                |             |
|    ep_len_mean          | 119         |
|    ep_rew_mean          | -115        |
| time/                   |             |
|    fps                  | 2706        |
|    iterations           | 91          |
|    time_elapsed         | 275         |
|    total_timesteps      | 745472      |
| train/                  |             |
|    approx_kl            | 0.006017591 |
|    clip_fraction        | 0.0825      |
|    clip_range           | 0.2         |
|    entropy_loss         | -0.96       |
|    explained_variance   | 0.998       |
|    learning_rate        | 0.0003      |
|    loss                 | -0.019      |
|    n_updates            | 900         |
|    policy_gradient_loss | -0.00337    |
|    value_loss           | 8.35e-06    |
-----------------------------------------
-----------------------------------------
| rollout/                |             |
|    ep_len_mean          | 147         |
|    ep_rew_mean          | -143        |
| time/                   |             |
|    fps                  | 2697        |
|    iterations           | 92          |
|    time_elapsed         | 279         |
|    total_timesteps      | 753664      |
| train/                  |             |
|    approx_kl            | 0.007778521 |
|    clip_fraction        | 0.0866      |
|    clip_range           | 0.2         |
|    entropy_loss         | -0.986      |
|    explained_variance   | 0.998       |
|    learning_rate        | 0.0003      |
|    loss                 | -0.0108     |
|    n_updates            | 910         |
|    policy_gradient_loss | -0.00192    |
|    value_loss           | 6.08e-06    |
-----------------------------------------
-----------------------------------------
| rollout/                |             |
|    ep_len_mean          | 109         |
|    ep_rew_mean          | -108        |
| time/                   |             |
|    fps                  | 2685        |
|    iterations           | 93          |
|    time_elapsed         | 283         |
|    total_timesteps      | 761856      |
| train/                  |             |
|    approx_kl            | 0.010465348 |
|    clip_fraction        | 0.0912      |
|    clip_range           | 0.2         |
|    entropy_loss         | -0.977      |
|    explained_variance   | 0.998       |
|    learning_rate        | 0.0003      |
|    loss                 | -0.00871    |
|    n_updates            | 920         |
|    policy_gradient_loss | -0.00372    |
|    value_loss           | 8.16e-06    |
-----------------------------------------
-----------------------------------------
| rollout/                |             |
|    ep_len_mean          | 127         |
|    ep_rew_mean          | -124        |
| time/                   |             |
|    fps                  | 2675        |
|    iterations           | 94          |
|    time_elapsed         | 287         |
|    total_timesteps      | 770048      |
| train/                  |             |
|    approx_kl            | 0.025189795 |
|    clip_fraction        | 0.203       |
|    clip_range           | 0.2         |
|    entropy_loss         | -0.941      |
|    explained_variance   | 0.967       |
|    learning_rate        | 0.0003      |
|    loss                 | -0.0173     |
|    n_updates            | 930         |
|    policy_gradient_loss | -0.000482   |
|    value_loss           | 0.000738    |
-----------------------------------------
-----------------------------------------
| rollout/                |             |
|    ep_len_mean          | 123         |
|    ep_rew_mean          | -136        |
| time/                   |             |
|    fps                  | 2668        |
|    iterations           | 95          |
|    time_elapsed         | 291         |
|    total_timesteps      | 778240      |
| train/                  |             |
|    approx_kl            | 0.013195752 |
|    clip_fraction        | 0.127       |
|    clip_range           | 0.2         |
|    entropy_loss         | -0.929      |
|    explained_variance   | 0.999       |
|    learning_rate        | 0.0003      |
|    loss                 | -0.00431    |
|    n_updates            | 940         |
|    policy_gradient_loss | -0.00585    |
|    value_loss           | 1.68e-05    |
-----------------------------------------
------------------------------------------
| rollout/                |              |
|    ep_len_mean          | 133          |
|    ep_rew_mean          | -146         |
| time/                   |              |
|    fps                  | 2664         |
|    iterations           | 96           |
|    time_elapsed         | 295          |
|    total_timesteps      | 786432       |
| train/                  |              |
|    approx_kl            | 0.0077742087 |
|    clip_fraction        | 0.047        |
|    clip_range           | 0.2          |
|    entropy_loss         | -0.994       |
|    explained_variance   | 0.317        |
|    learning_rate        | 0.0003       |
|    loss                 | -0.0181      |
|    n_updates            | 950          |
|    policy_gradient_loss | -0.00221     |
|    value_loss           | 0.0082       |
------------------------------------------
-----------------------------------------
| rollout/                |             |
|    ep_len_mean          | 140         |
|    ep_rew_mean          | -141        |
| time/                   |             |
|    fps                  | 2654        |
|    iterations           | 97          |
|    time_elapsed         | 299         |
|    total_timesteps      | 794624      |
| train/                  |             |
|    approx_kl            | 0.024548803 |
|    clip_fraction        | 0.332       |
|    clip_range           | 0.2         |
|    entropy_loss         | -1.01       |
|    explained_variance   | 0.933       |
|    learning_rate        | 0.0003      |
|    loss                 | -0.0225     |
|    n_updates            | 960         |
|    policy_gradient_loss | -0.00605    |
|    value_loss           | 0.000161    |
-----------------------------------------
-----------------------------------------
| rollout/                |             |
|    ep_len_mean          | 112         |
|    ep_rew_mean          | -126        |
| time/                   |             |
|    fps                  | 2645        |
|    iterations           | 98          |
|    time_elapsed         | 303         |
|    total_timesteps      | 802816      |
| train/                  |             |
|    approx_kl            | 0.011926697 |
|    clip_fraction        | 0.114       |
|    clip_range           | 0.2         |
|    entropy_loss         | -1.03       |
|    explained_variance   | 0.916       |
|    learning_rate        | 0.0003      |
|    loss                 | -0.0143     |
|    n_updates            | 970         |
|    policy_gradient_loss | -0.00272    |
|    value_loss           | 0.000446    |
-----------------------------------------
----------------------------------------
| rollout/                |            |
|    ep_len_mean          | 123        |
|    ep_rew_mean          | -138       |
| time/                   |            |
|    fps                  | 2639       |
|    iterations           | 99         |
|    time_elapsed         | 307        |
|    total_timesteps      | 811008     |
| train/                  |            |
|    approx_kl            | 0.01696594 |
|    clip_fraction        | 0.188      |
|    clip_range           | 0.2        |
|    entropy_loss         | -1.02      |
|    explained_variance   | 0.54       |
|    learning_rate        | 0.0003     |
|    loss                 | 0.0108     |
|    n_updates            | 980        |
|    policy_gradient_loss | -0.000959  |
|    value_loss           | 0.00391    |
----------------------------------------
---------------------------------------
| rollout/                |           |
|    ep_len_mean          | 128       |
|    ep_rew_mean          | -141      |
| time/                   |           |
|    fps                  | 2630      |
|    iterations           | 100       |
|    time_elapsed         | 311       |
|    total_timesteps      | 819200    |
| train/                  |           |
|    approx_kl            | 0.0238728 |
|    clip_fraction        | 0.209     |
|    clip_range           | 0.2       |
|    entropy_loss         | -1.06     |
|    explained_variance   | 0.811     |
|    learning_rate        | 0.0003    |
|    loss                 | -0.0223   |
|    n_updates            | 990       |
|    policy_gradient_loss | -0.00372  |
|    value_loss           | 0.00112   |
---------------------------------------
----------------------------------------
| rollout/                |            |
|    ep_len_mean          | 126        |
|    ep_rew_mean          | -133       |
| time/                   |            |
|    fps                  | 2624       |
|    iterations           | 101        |
|    time_elapsed         | 315        |
|    total_timesteps      | 827392     |
| train/                  |            |
|    approx_kl            | 0.00413289 |
|    clip_fraction        | 0.0425     |
|    clip_range           | 0.2        |
|    entropy_loss         | -1.02      |
|    explained_variance   | 0.659      |
|    learning_rate        | 0.0003     |
|    loss                 | -0.00333   |
|    n_updates            | 1000       |
|    policy_gradient_loss | -0.00121   |
|    value_loss           | 0.00338    |
----------------------------------------
-----------------------------------------
| rollout/                |             |
|    ep_len_mean          | 131         |
|    ep_rew_mean          | -132        |
| time/                   |             |
|    fps                  | 2616        |
|    iterations           | 102         |
|    time_elapsed         | 319         |
|    total_timesteps      | 835584      |
| train/                  |             |
|    approx_kl            | 0.020125572 |
|    clip_fraction        | 0.223       |
|    clip_range           | 0.2         |
|    entropy_loss         | -1.09       |
|    explained_variance   | 0.922       |
|    learning_rate        | 0.0003      |
|    loss                 | -0.0281     |
|    n_updates            | 1010        |
|    policy_gradient_loss | -0.00502    |
|    value_loss           | 0.000326    |
-----------------------------------------
-----------------------------------------
| rollout/                |             |
|    ep_len_mean          | 121         |
|    ep_rew_mean          | -123        |
| time/                   |             |
|    fps                  | 2607        |
|    iterations           | 103         |
|    time_elapsed         | 323         |
|    total_timesteps      | 843776      |
| train/                  |             |
|    approx_kl            | 0.018255144 |
|    clip_fraction        | 0.181       |
|    clip_range           | 0.2         |
|    entropy_loss         | -0.964      |
|    explained_variance   | 0.962       |
|    learning_rate        | 0.0003      |
|    loss                 | -0.0121     |
|    n_updates            | 1020        |
|    policy_gradient_loss | -0.00355    |
|    value_loss           | 0.000208    |
-----------------------------------------
-----------------------------------------
| rollout/                |             |
|    ep_len_mean          | 140         |
|    ep_rew_mean          | -139        |
| time/                   |             |
|    fps                  | 2602        |
|    iterations           | 104         |
|    time_elapsed         | 327         |
|    total_timesteps      | 851968      |
| train/                  |             |
|    approx_kl            | 0.011407553 |
|    clip_fraction        | 0.075       |
|    clip_range           | 0.2         |
|    entropy_loss         | -0.957      |
|    explained_variance   | 0.958       |
|    learning_rate        | 0.0003      |
|    loss                 | -0.0111     |
|    n_updates            | 1030        |
|    policy_gradient_loss | -0.00136    |
|    value_loss           | 0.000292    |
-----------------------------------------
-----------------------------------------
| rollout/                |             |
|    ep_len_mean          | 124         |
|    ep_rew_mean          | -120        |
| time/                   |             |
|    fps                  | 2591        |
|    iterations           | 105         |
|    time_elapsed         | 331         |
|    total_timesteps      | 860160      |
| train/                  |             |
|    approx_kl            | 0.011929404 |
|    clip_fraction        | 0.0945      |
|    clip_range           | 0.2         |
|    entropy_loss         | -0.975      |
|    explained_variance   | 0.998       |
|    learning_rate        | 0.0003      |
|    loss                 | -0.0172     |
|    n_updates            | 1040        |
|    policy_gradient_loss | -0.00426    |
|    value_loss           | 5.59e-06    |
-----------------------------------------
-----------------------------------------
| rollout/                |             |
|    ep_len_mean          | 114         |
|    ep_rew_mean          | -126        |
| time/                   |             |
|    fps                  | 2586        |
|    iterations           | 106         |
|    time_elapsed         | 335         |
|    total_timesteps      | 868352      |
| train/                  |             |
|    approx_kl            | 0.012314392 |
|    clip_fraction        | 0.0865      |
|    clip_range           | 0.2         |
|    entropy_loss         | -0.903      |
|    explained_variance   | 0.999       |
|    learning_rate        | 0.0003      |
|    loss                 | -0.0198     |
|    n_updates            | 1050        |
|    policy_gradient_loss | -0.00568    |
|    value_loss           | 7.09e-06    |
-----------------------------------------
----------------------------------------
| rollout/                |            |
|    ep_len_mean          | 142        |
|    ep_rew_mean          | -153       |
| time/                   |            |
|    fps                  | 2584       |
|    iterations           | 107        |
|    time_elapsed         | 339        |
|    total_timesteps      | 876544     |
| train/                  |            |
|    approx_kl            | 0.00737973 |
|    clip_fraction        | 0.0747     |
|    clip_range           | 0.2        |
|    entropy_loss         | -0.944     |
|    explained_variance   | 0.649      |
|    learning_rate        | 0.0003     |
|    loss                 | -0.0112    |
|    n_updates            | 1060       |
|    policy_gradient_loss | -0.00413   |
|    value_loss           | 0.00301    |
----------------------------------------
-----------------------------------------
| rollout/                |             |
|    ep_len_mean          | 124         |
|    ep_rew_mean          | -120        |
| time/                   |             |
|    fps                  | 2577        |
|    iterations           | 108         |
|    time_elapsed         | 343         |
|    total_timesteps      | 884736      |
| train/                  |             |
|    approx_kl            | 0.022008818 |
|    clip_fraction        | 0.212       |
|    clip_range           | 0.2         |
|    entropy_loss         | -1.05       |
|    explained_variance   | 0.917       |
|    learning_rate        | 0.0003      |
|    loss                 | -0.0212     |
|    n_updates            | 1070        |
|    policy_gradient_loss | -0.00404    |
|    value_loss           | 4.7e-05     |
-----------------------------------------
-----------------------------------------
| rollout/                |             |
|    ep_len_mean          | 115         |
|    ep_rew_mean          | -111        |
| time/                   |             |
|    fps                  | 2566        |
|    iterations           | 109         |
|    time_elapsed         | 347         |
|    total_timesteps      | 892928      |
| train/                  |             |
|    approx_kl            | 0.022803694 |
|    clip_fraction        | 0.152       |
|    clip_range           | 0.2         |
|    entropy_loss         | -0.987      |
|    explained_variance   | 0.989       |
|    learning_rate        | 0.0003      |
|    loss                 | -0.0135     |
|    n_updates            | 1080        |
|    policy_gradient_loss | -0.0012     |
|    value_loss           | 2.34e-05    |
-----------------------------------------
-----------------------------------------
| rollout/                |             |
|    ep_len_mean          | 119         |
|    ep_rew_mean          | -119        |
| time/                   |             |
|    fps                  | 2563        |
|    iterations           | 110         |
|    time_elapsed         | 351         |
|    total_timesteps      | 901120      |
| train/                  |             |
|    approx_kl            | 0.008606883 |
|    clip_fraction        | 0.151       |
|    clip_range           | 0.2         |
|    entropy_loss         | -0.921      |
|    explained_variance   | 0.985       |
|    learning_rate        | 0.0003      |
|    loss                 | -0.0112     |
|    n_updates            | 1090        |
|    policy_gradient_loss | 0.000563    |
|    value_loss           | 8.62e-05    |
-----------------------------------------
-----------------------------------------
| rollout/                |             |
|    ep_len_mean          | 150         |
|    ep_rew_mean          | -163        |
| time/                   |             |
|    fps                  | 2555        |
|    iterations           | 111         |
|    time_elapsed         | 355         |
|    total_timesteps      | 909312      |
| train/                  |             |
|    approx_kl            | 0.006876763 |
|    clip_fraction        | 0.0763      |
|    clip_range           | 0.2         |
|    entropy_loss         | -0.889      |
|    explained_variance   | 0.971       |
|    learning_rate        | 0.0003      |
|    loss                 | -0.0142     |
|    n_updates            | 1100        |
|    policy_gradient_loss | -0.00437    |
|    value_loss           | 0.000154    |
-----------------------------------------
-----------------------------------------
| rollout/                |             |
|    ep_len_mean          | 126         |
|    ep_rew_mean          | -146        |
| time/                   |             |
|    fps                  | 2549        |
|    iterations           | 112         |
|    time_elapsed         | 359         |
|    total_timesteps      | 917504      |
| train/                  |             |
|    approx_kl            | 0.008259567 |
|    clip_fraction        | 0.0732      |
|    clip_range           | 0.2         |
|    entropy_loss         | -0.869      |
|    explained_variance   | 0.512       |
|    learning_rate        | 0.0003      |
|    loss                 | -0.0164     |
|    n_updates            | 1110        |
|    policy_gradient_loss | -0.00451    |
|    value_loss           | 0.00565     |
-----------------------------------------
-----------------------------------------
| rollout/                |             |
|    ep_len_mean          | 109         |
|    ep_rew_mean          | -106        |
| time/                   |             |
|    fps                  | 2541        |
|    iterations           | 113         |
|    time_elapsed         | 364         |
|    total_timesteps      | 925696      |
| train/                  |             |
|    approx_kl            | 0.021467682 |
|    clip_fraction        | 0.204       |
|    clip_range           | 0.2         |
|    entropy_loss         | -0.973      |
|    explained_variance   | 0.758       |
|    learning_rate        | 0.0003      |
|    loss                 | -0.0153     |
|    n_updates            | 1120        |
|    policy_gradient_loss | -0.00556    |
|    value_loss           | 0.00169     |
-----------------------------------------
-----------------------------------------
| rollout/                |             |
|    ep_len_mean          | 124         |
|    ep_rew_mean          | -121        |
| time/                   |             |
|    fps                  | 2537        |
|    iterations           | 114         |
|    time_elapsed         | 368         |
|    total_timesteps      | 933888      |
| train/                  |             |
|    approx_kl            | 0.042802878 |
|    clip_fraction        | 0.167       |
|    clip_range           | 0.2         |
|    entropy_loss         | -0.768      |
|    explained_variance   | 0.964       |
|    learning_rate        | 0.0003      |
|    loss                 | -0.0102     |
|    n_updates            | 1130        |
|    policy_gradient_loss | -0.000104   |
|    value_loss           | 0.000121    |
-----------------------------------------
-----------------------------------------
| rollout/                |             |
|    ep_len_mean          | 140         |
|    ep_rew_mean          | -150        |
| time/                   |             |
|    fps                  | 2533        |
|    iterations           | 115         |
|    time_elapsed         | 371         |
|    total_timesteps      | 942080      |
| train/                  |             |
|    approx_kl            | 0.020125821 |
|    clip_fraction        | 0.238       |
|    clip_range           | 0.2         |
|    entropy_loss         | -0.955      |
|    explained_variance   | 0.972       |
|    learning_rate        | 0.0003      |
|    loss                 | -0.0162     |
|    n_updates            | 1140        |
|    policy_gradient_loss | -0.00164    |
|    value_loss           | 0.000164    |
-----------------------------------------
-----------------------------------------
| rollout/                |             |
|    ep_len_mean          | 121         |
|    ep_rew_mean          | -132        |
| time/                   |             |
|    fps                  | 2525        |
|    iterations           | 116         |
|    time_elapsed         | 376         |
|    total_timesteps      | 950272      |
| train/                  |             |
|    approx_kl            | 0.011686735 |
|    clip_fraction        | 0.142       |
|    clip_range           | 0.2         |
|    entropy_loss         | -0.945      |
|    explained_variance   | 0.701       |
|    learning_rate        | 0.0003      |
|    loss                 | 0.00965     |
|    n_updates            | 1150        |
|    policy_gradient_loss | -0.00615    |
|    value_loss           | 0.0023      |
-----------------------------------------
-----------------------------------------
| rollout/                |             |
|    ep_len_mean          | 93.9        |
|    ep_rew_mean          | -91.9       |
| time/                   |             |
|    fps                  | 2519        |
|    iterations           | 117         |
|    time_elapsed         | 380         |
|    total_timesteps      | 958464      |
| train/                  |             |
|    approx_kl            | 0.011753365 |
|    clip_fraction        | 0.113       |
|    clip_range           | 0.2         |
|    entropy_loss         | -0.843      |
|    explained_variance   | 0.864       |
|    learning_rate        | 0.0003      |
|    loss                 | -0.0132     |
|    n_updates            | 1160        |
|    policy_gradient_loss | -0.00269    |
|    value_loss           | 0.00112     |
-----------------------------------------
-----------------------------------------
| rollout/                |             |
|    ep_len_mean          | 125         |
|    ep_rew_mean          | -122        |
| time/                   |             |
|    fps                  | 2516        |
|    iterations           | 118         |
|    time_elapsed         | 384         |
|    total_timesteps      | 966656      |
| train/                  |             |
|    approx_kl            | 0.019833352 |
|    clip_fraction        | 0.264       |
|    clip_range           | 0.2         |
|    entropy_loss         | -0.864      |
|    explained_variance   | 0.982       |
|    learning_rate        | 0.0003      |
|    loss                 | -0.019      |
|    n_updates            | 1170        |
|    policy_gradient_loss | -0.00425    |
|    value_loss           | 3.34e-05    |
-----------------------------------------
---------------------------------------
| rollout/                |           |
|    ep_len_mean          | 138       |
|    ep_rew_mean          | -136      |
| time/                   |           |
|    fps                  | 2510      |
|    iterations           | 119       |
|    time_elapsed         | 388       |
|    total_timesteps      | 974848    |
| train/                  |           |
|    approx_kl            | 0.0177311 |
|    clip_fraction        | 0.261     |
|    clip_range           | 0.2       |
|    entropy_loss         | -0.914    |
|    explained_variance   | 0.995     |
|    learning_rate        | 0.0003    |
|    loss                 | 0.00153   |
|    n_updates            | 1180      |
|    policy_gradient_loss | -0.00177  |
|    value_loss           | 1.38e-05  |
---------------------------------------
-----------------------------------------
| rollout/                |             |
|    ep_len_mean          | 110         |
|    ep_rew_mean          | -106        |
| time/                   |             |
|    fps                  | 2505        |
|    iterations           | 120         |
|    time_elapsed         | 392         |
|    total_timesteps      | 983040      |
| train/                  |             |
|    approx_kl            | 0.010521264 |
|    clip_fraction        | 0.163       |
|    clip_range           | 0.2         |
|    entropy_loss         | -0.868      |
|    explained_variance   | 0.967       |
|    learning_rate        | 0.0003      |
|    loss                 | -0.011      |
|    n_updates            | 1190        |
|    policy_gradient_loss | -0.00206    |
|    value_loss           | 0.00023     |
-----------------------------------------
-----------------------------------------
| rollout/                |             |
|    ep_len_mean          | 120         |
|    ep_rew_mean          | -116        |
| time/                   |             |
|    fps                  | 2500        |
|    iterations           | 121         |
|    time_elapsed         | 396         |
|    total_timesteps      | 991232      |
| train/                  |             |
|    approx_kl            | 0.019150395 |
|    clip_fraction        | 0.139       |
|    clip_range           | 0.2         |
|    entropy_loss         | -0.85       |
|    explained_variance   | 0.998       |
|    learning_rate        | 0.0003      |
|    loss                 | -0.00611    |
|    n_updates            | 1200        |
|    policy_gradient_loss | -0.00289    |
|    value_loss           | 9.73e-06    |
-----------------------------------------
----------------------------------------
| rollout/                |            |
|    ep_len_mean          | 158        |
|    ep_rew_mean          | -153       |
| time/                   |            |
|    fps                  | 2502       |
|    iterations           | 122        |
|    time_elapsed         | 399        |
|    total_timesteps      | 999424     |
| train/                  |            |
|    approx_kl            | 0.01748151 |
|    clip_fraction        | 0.101      |
|    clip_range           | 0.2        |
|    entropy_loss         | -0.853     |
|    explained_variance   | 0.999      |
|    learning_rate        | 0.0003     |
|    loss                 | -0.0231    |
|    n_updates            | 1210       |
|    policy_gradient_loss | -0.0119    |
|    value_loss           | 8.02e-06   |
----------------------------------------
-----------------------------------------
| rollout/                |             |
|    ep_len_mean          | 195         |
|    ep_rew_mean          | -190        |
| time/                   |             |
|    fps                  | 2504        |
|    iterations           | 123         |
|    time_elapsed         | 402         |
|    total_timesteps      | 1007616     |
| train/                  |             |
|    approx_kl            | 0.011426369 |
|    clip_fraction        | 0.156       |
|    clip_range           | 0.2         |
|    entropy_loss         | -0.874      |
|    explained_variance   | 0.976       |
|    learning_rate        | 0.0003      |
|    loss                 | -0.0142     |
|    n_updates            | 1220        |
|    policy_gradient_loss | -0.00162    |
|    value_loss           | 0.000252    |
-----------------------------------------
-----------------------------------------
| rollout/                |             |
|    ep_len_mean          | 226         |
|    ep_rew_mean          | -221        |
| time/                   |             |
|    fps                  | 2507        |
|    iterations           | 124         |
|    time_elapsed         | 405         |
|    total_timesteps      | 1015808     |
| train/                  |             |
|    approx_kl            | 0.030873546 |
|    clip_fraction        | 0.0906      |
|    clip_range           | 0.2         |
|    entropy_loss         | -0.887      |
|    explained_variance   | 0.976       |
|    learning_rate        | 0.0003      |
|    loss                 | -0.0273     |
|    n_updates            | 1230        |
|    policy_gradient_loss | -0.00128    |
|    value_loss           | 0.000151    |
-----------------------------------------
----------------------------------------
| rollout/                |            |
|    ep_len_mean          | 185        |
|    ep_rew_mean          | -180       |
| time/                   |            |
|    fps                  | 2506       |
|    iterations           | 125        |
|    time_elapsed         | 408        |
|    total_timesteps      | 1024000    |
| train/                  |            |
|    approx_kl            | 0.06509257 |
|    clip_fraction        | 0.216      |
|    clip_range           | 0.2        |
|    entropy_loss         | -1         |
|    explained_variance   | 0.972      |
|    learning_rate        | 0.0003     |
|    loss                 | -0.0973    |
|    n_updates            | 1240       |
|    policy_gradient_loss | -0.0129    |
|    value_loss           | 0.000169   |
----------------------------------------
-----------------------------------------
| rollout/                |             |
|    ep_len_mean          | 173         |
|    ep_rew_mean          | -177        |
| time/                   |             |
|    fps                  | 2508        |
|    iterations           | 126         |
|    time_elapsed         | 411         |
|    total_timesteps      | 1032192     |
| train/                  |             |
|    approx_kl            | 0.019124923 |
|    clip_fraction        | 0.138       |
|    clip_range           | 0.2         |
|    entropy_loss         | -1.02       |
|    explained_variance   | 0.865       |
|    learning_rate        | 0.0003      |
|    loss                 | -0.0117     |
|    n_updates            | 1250        |
|    policy_gradient_loss | -0.00368    |
|    value_loss           | 0.000726    |
-----------------------------------------
-----------------------------------------
| rollout/                |             |
|    ep_len_mean          | 185         |
|    ep_rew_mean          | -189        |
| time/                   |             |
|    fps                  | 2507        |
|    iterations           | 127         |
|    time_elapsed         | 414         |
|    total_timesteps      | 1040384     |
| train/                  |             |
|    approx_kl            | 0.008922946 |
|    clip_fraction        | 0.099       |
|    clip_range           | 0.2         |
|    entropy_loss         | -0.998      |
|    explained_variance   | 0.788       |
|    learning_rate        | 0.0003      |
|    loss                 | -0.0223     |
|    n_updates            | 1260        |
|    policy_gradient_loss | -0.00601    |
|    value_loss           | 0.00107     |
-----------------------------------------
-----------------------------------------
| rollout/                |             |
|    ep_len_mean          | 128         |
|    ep_rew_mean          | -131        |
| time/                   |             |
|    fps                  | 2500        |
|    iterations           | 128         |
|    time_elapsed         | 419         |
|    total_timesteps      | 1048576     |
| train/                  |             |
|    approx_kl            | 0.016806625 |
|    clip_fraction        | 0.223       |
|    clip_range           | 0.2         |
|    entropy_loss         | -0.977      |
|    explained_variance   | 0.975       |
|    learning_rate        | 0.0003      |
|    loss                 | -0.0285     |
|    n_updates            | 1270        |
|    policy_gradient_loss | -0.0102     |
|    value_loss           | 5.66e-05    |
-----------------------------------------
----------------------------------------
| rollout/                |            |
|    ep_len_mean          | 116        |
|    ep_rew_mean          | -120       |
| time/                   |            |
|    fps                  | 2497       |
|    iterations           | 129        |
|    time_elapsed         | 423        |
|    total_timesteps      | 1056768    |
| train/                  |            |
|    approx_kl            | 0.01251117 |
|    clip_fraction        | 0.194      |
|    clip_range           | 0.2        |
|    entropy_loss         | -0.868     |
|    explained_variance   | 0.761      |
|    learning_rate        | 0.0003     |
|    loss                 | -0.00256   |
|    n_updates            | 1280       |
|    policy_gradient_loss | -0.00342   |
|    value_loss           | 0.00243    |
----------------------------------------
-----------------------------------------
| rollout/                |             |
|    ep_len_mean          | 134         |
|    ep_rew_mean          | -136        |
| time/                   |             |
|    fps                  | 2493        |
|    iterations           | 130         |
|    time_elapsed         | 427         |
|    total_timesteps      | 1064960     |
| train/                  |             |
|    approx_kl            | 0.010027349 |
|    clip_fraction        | 0.198       |
|    clip_range           | 0.2         |
|    entropy_loss         | -0.957      |
|    explained_variance   | 0.987       |
|    learning_rate        | 0.0003      |
|    loss                 | -0.0155     |
|    n_updates            | 1290        |
|    policy_gradient_loss | -0.000362   |
|    value_loss           | 1.4e-05     |
-----------------------------------------
-----------------------------------------
| rollout/                |             |
|    ep_len_mean          | 105         |
|    ep_rew_mean          | -119        |
| time/                   |             |
|    fps                  | 2487        |
|    iterations           | 131         |
|    time_elapsed         | 431         |
|    total_timesteps      | 1073152     |
| train/                  |             |
|    approx_kl            | 0.008932862 |
|    clip_fraction        | 0.129       |
|    clip_range           | 0.2         |
|    entropy_loss         | -0.921      |
|    explained_variance   | 0.946       |
|    learning_rate        | 0.0003      |
|    loss                 | -0.0184     |
|    n_updates            | 1300        |
|    policy_gradient_loss | -0.00378    |
|    value_loss           | 0.000453    |
-----------------------------------------
-----------------------------------------
| rollout/                |             |
|    ep_len_mean          | 117         |
|    ep_rew_mean          | -113        |
| time/                   |             |
|    fps                  | 2483        |
|    iterations           | 132         |
|    time_elapsed         | 435         |
|    total_timesteps      | 1081344     |
| train/                  |             |
|    approx_kl            | 0.008150861 |
|    clip_fraction        | 0.0805      |
|    clip_range           | 0.2         |
|    entropy_loss         | -0.927      |
|    explained_variance   | 0.542       |
|    learning_rate        | 0.0003      |
|    loss                 | -0.0237     |
|    n_updates            | 1310        |
|    policy_gradient_loss | -0.00918    |
|    value_loss           | 0.0036      |
-----------------------------------------
-----------------------------------------
| rollout/                |             |
|    ep_len_mean          | 154         |
|    ep_rew_mean          | -152        |
| time/                   |             |
|    fps                  | 2484        |
|    iterations           | 133         |
|    time_elapsed         | 438         |
|    total_timesteps      | 1089536     |
| train/                  |             |
|    approx_kl            | 0.022786565 |
|    clip_fraction        | 0.26        |
|    clip_range           | 0.2         |
|    entropy_loss         | -0.971      |
|    explained_variance   | 0.881       |
|    learning_rate        | 0.0003      |
|    loss                 | -0.0118     |
|    n_updates            | 1320        |
|    policy_gradient_loss | -0.00145    |
|    value_loss           | 0.000114    |
-----------------------------------------
-----------------------------------------
| rollout/                |             |
|    ep_len_mean          | 86.8        |
|    ep_rew_mean          | -85.6       |
| time/                   |             |
|    fps                  | 2473        |
|    iterations           | 134         |
|    time_elapsed         | 443         |
|    total_timesteps      | 1097728     |
| train/                  |             |
|    approx_kl            | 0.025433782 |
|    clip_fraction        | 0.271       |
|    clip_range           | 0.2         |
|    entropy_loss         | -1.1        |
|    explained_variance   | 0.934       |
|    learning_rate        | 0.0003      |
|    loss                 | -0.00579    |
|    n_updates            | 1330        |
|    policy_gradient_loss | -0.00262    |
|    value_loss           | 0.000234    |
-----------------------------------------
----------------------------------------
| rollout/                |            |
|    ep_len_mean          | 128        |
|    ep_rew_mean          | -127       |
| time/                   |            |
|    fps                  | 2473       |
|    iterations           | 135        |
|    time_elapsed         | 447        |
|    total_timesteps      | 1105920    |
| train/                  |            |
|    approx_kl            | 0.01559964 |
|    clip_fraction        | 0.173      |
|    clip_range           | 0.2        |
|    entropy_loss         | -0.866     |
|    explained_variance   | 0.985      |
|    learning_rate        | 0.0003     |
|    loss                 | -0.0161    |
|    n_updates            | 1340       |
|    policy_gradient_loss | -0.00234   |
|    value_loss           | 0.000111   |
----------------------------------------
-----------------------------------------
| rollout/                |             |
|    ep_len_mean          | 137         |
|    ep_rew_mean          | -135        |
| time/                   |             |
|    fps                  | 2469        |
|    iterations           | 136         |
|    time_elapsed         | 451         |
|    total_timesteps      | 1114112     |
| train/                  |             |
|    approx_kl            | 0.011064904 |
|    clip_fraction        | 0.192       |
|    clip_range           | 0.2         |
|    entropy_loss         | -1.1        |
|    explained_variance   | 0.944       |
|    learning_rate        | 0.0003      |
|    loss                 | -0.0193     |
|    n_updates            | 1350        |
|    policy_gradient_loss | -0.00297    |
|    value_loss           | 0.000278    |
-----------------------------------------
-----------------------------------------
| rollout/                |             |
|    ep_len_mean          | 123         |
|    ep_rew_mean          | -122        |
| time/                   |             |
|    fps                  | 2464        |
|    iterations           | 137         |
|    time_elapsed         | 455         |
|    total_timesteps      | 1122304     |
| train/                  |             |
|    approx_kl            | 0.015093171 |
|    clip_fraction        | 0.191       |
|    clip_range           | 0.2         |
|    entropy_loss         | -0.984      |
|    explained_variance   | 0.998       |
|    learning_rate        | 0.0003      |
|    loss                 | -0.0206     |
|    n_updates            | 1360        |
|    policy_gradient_loss | -0.00523    |
|    value_loss           | 8.29e-06    |
-----------------------------------------
-----------------------------------------
| rollout/                |             |
|    ep_len_mean          | 127         |
|    ep_rew_mean          | -128        |
| time/                   |             |
|    fps                  | 2461        |
|    iterations           | 138         |
|    time_elapsed         | 459         |
|    total_timesteps      | 1130496     |
| train/                  |             |
|    approx_kl            | 0.013695554 |
|    clip_fraction        | 0.155       |
|    clip_range           | 0.2         |
|    entropy_loss         | -0.961      |
|    explained_variance   | 0.937       |
|    learning_rate        | 0.0003      |
|    loss                 | -0.00436    |
|    n_updates            | 1370        |
|    policy_gradient_loss | -0.000354   |
|    value_loss           | 0.00055     |
-----------------------------------------
-----------------------------------------
| rollout/                |             |
|    ep_len_mean          | 127         |
|    ep_rew_mean          | -126        |
| time/                   |             |
|    fps                  | 2460        |
|    iterations           | 139         |
|    time_elapsed         | 462         |
|    total_timesteps      | 1138688     |
| train/                  |             |
|    approx_kl            | 0.026221052 |
|    clip_fraction        | 0.345       |
|    clip_range           | 0.2         |
|    entropy_loss         | -0.981      |
|    explained_variance   | 0.973       |
|    learning_rate        | 0.0003      |
|    loss                 | -0.00983    |
|    n_updates            | 1380        |
|    policy_gradient_loss | -0.00507    |
|    value_loss           | 0.000197    |
-----------------------------------------
-----------------------------------------
| rollout/                |             |
|    ep_len_mean          | 146         |
|    ep_rew_mean          | -147        |
| time/                   |             |
|    fps                  | 2458        |
|    iterations           | 140         |
|    time_elapsed         | 466         |
|    total_timesteps      | 1146880     |
| train/                  |             |
|    approx_kl            | 0.026061017 |
|    clip_fraction        | 0.292       |
|    clip_range           | 0.2         |
|    entropy_loss         | -1.03       |
|    explained_variance   | 0.999       |
|    learning_rate        | 0.0003      |
|    loss                 | -0.028      |
|    n_updates            | 1390        |
|    policy_gradient_loss | -0.0162     |
|    value_loss           | 3.27e-06    |
-----------------------------------------
-----------------------------------------
| rollout/                |             |
|    ep_len_mean          | 127         |
|    ep_rew_mean          | -143        |
| time/                   |             |
|    fps                  | 2455        |
|    iterations           | 141         |
|    time_elapsed         | 470         |
|    total_timesteps      | 1155072     |
| train/                  |             |
|    approx_kl            | 0.010362642 |
|    clip_fraction        | 0.242       |
|    clip_range           | 0.2         |
|    entropy_loss         | -1.02       |
|    explained_variance   | 0.938       |
|    learning_rate        | 0.0003      |
|    loss                 | -0.0184     |
|    n_updates            | 1400        |
|    policy_gradient_loss | -0.00641    |
|    value_loss           | 0.00046     |
-----------------------------------------
-----------------------------------------
| rollout/                |             |
|    ep_len_mean          | 160         |
|    ep_rew_mean          | -171        |
| time/                   |             |
|    fps                  | 2456        |
|    iterations           | 142         |
|    time_elapsed         | 473         |
|    total_timesteps      | 1163264     |
| train/                  |             |
|    approx_kl            | 0.013019012 |
|    clip_fraction        | 0.106       |
|    clip_range           | 0.2         |
|    entropy_loss         | -1.01       |
|    explained_variance   | 0.537       |
|    learning_rate        | 0.0003      |
|    loss                 | -0.0222     |
|    n_updates            | 1410        |
|    policy_gradient_loss | -0.00515    |
|    value_loss           | 0.00501     |
-----------------------------------------
-----------------------------------------
| rollout/                |             |
|    ep_len_mean          | 118         |
|    ep_rew_mean          | -114        |
| time/                   |             |
|    fps                  | 2449        |
|    iterations           | 143         |
|    time_elapsed         | 478         |
|    total_timesteps      | 1171456     |
| train/                  |             |
|    approx_kl            | 0.029593926 |
|    clip_fraction        | 0.316       |
|    clip_range           | 0.2         |
|    entropy_loss         | -1.07       |
|    explained_variance   | 0.986       |
|    learning_rate        | 0.0003      |
|    loss                 | -0.0201     |
|    n_updates            | 1420        |
|    policy_gradient_loss | -0.00483    |
|    value_loss           | 1.46e-05    |
-----------------------------------------
-----------------------------------------
| rollout/                |             |
|    ep_len_mean          | 108         |
|    ep_rew_mean          | -105        |
| time/                   |             |
|    fps                  | 2448        |
|    iterations           | 144         |
|    time_elapsed         | 481         |
|    total_timesteps      | 1179648     |
| train/                  |             |
|    approx_kl            | 0.019742716 |
|    clip_fraction        | 0.209       |
|    clip_range           | 0.2         |
|    entropy_loss         | -0.953      |
|    explained_variance   | 0.994       |
|    learning_rate        | 0.0003      |
|    loss                 | -0.000622   |
|    n_updates            | 1430        |
|    policy_gradient_loss | -0.00341    |
|    value_loss           | 1.22e-05    |
-----------------------------------------
-----------------------------------------
| rollout/                |             |
|    ep_len_mean          | 155         |
|    ep_rew_mean          | -153        |
| time/                   |             |
|    fps                  | 2448        |
|    iterations           | 145         |
|    time_elapsed         | 485         |
|    total_timesteps      | 1187840     |
| train/                  |             |
|    approx_kl            | 0.012282563 |
|    clip_fraction        | 0.21        |
|    clip_range           | 0.2         |
|    entropy_loss         | -1.07       |
|    explained_variance   | 0.982       |
|    learning_rate        | 0.0003      |
|    loss                 | -0.00673    |
|    n_updates            | 1440        |
|    policy_gradient_loss | -0.000291   |
|    value_loss           | 0.000107    |
-----------------------------------------
------------------------------------------
| rollout/                |              |
|    ep_len_mean          | 85.6         |
|    ep_rew_mean          | -96.6        |
| time/                   |              |
|    fps                  | 2439         |
|    iterations           | 146          |
|    time_elapsed         | 490          |
|    total_timesteps      | 1196032      |
| train/                  |              |
|    approx_kl            | 0.0065868646 |
|    clip_fraction        | 0.116        |
|    clip_range           | 0.2          |
|    entropy_loss         | -1.01        |
|    explained_variance   | 0.852        |
|    learning_rate        | 0.0003       |
|    loss                 | -0.0107      |
|    n_updates            | 1450         |
|    policy_gradient_loss | -0.00494     |
|    value_loss           | 0.001        |
------------------------------------------
----------------------------------------
| rollout/                |            |
|    ep_len_mean          | 109        |
|    ep_rew_mean          | -120       |
| time/                   |            |
|    fps                  | 2436       |
|    iterations           | 147        |
|    time_elapsed         | 494        |
|    total_timesteps      | 1204224    |
| train/                  |            |
|    approx_kl            | 0.01750502 |
|    clip_fraction        | 0.188      |
|    clip_range           | 0.2        |
|    entropy_loss         | -0.788     |
|    explained_variance   | 0.828      |
|    learning_rate        | 0.0003     |
|    loss                 | -0.0163    |
|    n_updates            | 1460       |
|    policy_gradient_loss | -0.0068    |
|    value_loss           | 0.00208    |
----------------------------------------
-----------------------------------------
| rollout/                |             |
|    ep_len_mean          | 104         |
|    ep_rew_mean          | -105        |
| time/                   |             |
|    fps                  | 2431        |
|    iterations           | 148         |
|    time_elapsed         | 498         |
|    total_timesteps      | 1212416     |
| train/                  |             |
|    approx_kl            | 0.015108429 |
|    clip_fraction        | 0.192       |
|    clip_range           | 0.2         |
|    entropy_loss         | -0.955      |
|    explained_variance   | 0.92        |
|    learning_rate        | 0.0003      |
|    loss                 | -0.0138     |
|    n_updates            | 1470        |
|    policy_gradient_loss | -0.00244    |
|    value_loss           | 0.000671    |
-----------------------------------------
-----------------------------------------
| rollout/                |             |
|    ep_len_mean          | 124         |
|    ep_rew_mean          | -121        |
| time/                   |             |
|    fps                  | 2428        |
|    iterations           | 149         |
|    time_elapsed         | 502         |
|    total_timesteps      | 1220608     |
| train/                  |             |
|    approx_kl            | 0.012493708 |
|    clip_fraction        | 0.171       |
|    clip_range           | 0.2         |
|    entropy_loss         | -0.904      |
|    explained_variance   | 0.996       |
|    learning_rate        | 0.0003      |
|    loss                 | -0.0244     |
|    n_updates            | 1480        |
|    policy_gradient_loss | -0.00726    |
|    value_loss           | 1.62e-05    |
-----------------------------------------
----------------------------------------
| rollout/                |            |
|    ep_len_mean          | 133        |
|    ep_rew_mean          | -129       |
| time/                   |            |
|    fps                  | 2424       |
|    iterations           | 150        |
|    time_elapsed         | 506        |
|    total_timesteps      | 1228800    |
| train/                  |            |
|    approx_kl            | 0.01646075 |
|    clip_fraction        | 0.27       |
|    clip_range           | 0.2        |
|    entropy_loss         | -0.954     |
|    explained_variance   | 0.998      |
|    learning_rate        | 0.0003     |
|    loss                 | -0.0118    |
|    n_updates            | 1490       |
|    policy_gradient_loss | -0.00833   |
|    value_loss           | 6.69e-06   |
----------------------------------------
-----------------------------------------
| rollout/                |             |
|    ep_len_mean          | 104         |
|    ep_rew_mean          | -204        |
| time/                   |             |
|    fps                  | 2420        |
|    iterations           | 151         |
|    time_elapsed         | 511         |
|    total_timesteps      | 1236992     |
| train/                  |             |
|    approx_kl            | 0.030480772 |
|    clip_fraction        | 0.273       |
|    clip_range           | 0.2         |
|    entropy_loss         | -0.882      |
|    explained_variance   | 0.999       |
|    learning_rate        | 0.0003      |
|    loss                 | -0.0347     |
|    n_updates            | 1500        |
|    policy_gradient_loss | -0.0145     |
|    value_loss           | 5.96e-06    |
-----------------------------------------
-----------------------------------------
| rollout/                |             |
|    ep_len_mean          | 123         |
|    ep_rew_mean          | -232        |
| time/                   |             |
|    fps                  | 2418        |
|    iterations           | 152         |
|    time_elapsed         | 514         |
|    total_timesteps      | 1245184     |
| train/                  |             |
|    approx_kl            | 0.012722699 |
|    clip_fraction        | 0.0424      |
|    clip_range           | 0.2         |
|    entropy_loss         | -0.885      |
|    explained_variance   | -0.0172     |
|    learning_rate        | 0.0003      |
|    loss                 | -0.00616    |
|    n_updates            | 1510        |
|    policy_gradient_loss | -0.00603    |
|    value_loss           | 0.0534      |
-----------------------------------------
-----------------------------------------
| rollout/                |             |
|    ep_len_mean          | 136         |
|    ep_rew_mean          | -169        |
| time/                   |             |
|    fps                  | 2416        |
|    iterations           | 153         |
|    time_elapsed         | 518         |
|    total_timesteps      | 1253376     |
| train/                  |             |
|    approx_kl            | 0.011787051 |
|    clip_fraction        | 0.0818      |
|    clip_range           | 0.2         |
|    entropy_loss         | -0.914      |
|    explained_variance   | 0.451       |
|    learning_rate        | 0.0003      |
|    loss                 | -0.00902    |
|    n_updates            | 1520        |
|    policy_gradient_loss | -0.00313    |
|    value_loss           | 0.00627     |
-----------------------------------------
-----------------------------------------
| rollout/                |             |
|    ep_len_mean          | 118         |
|    ep_rew_mean          | -145        |
| time/                   |             |
|    fps                  | 2413        |
|    iterations           | 154         |
|    time_elapsed         | 522         |
|    total_timesteps      | 1261568     |
| train/                  |             |
|    approx_kl            | 0.013519933 |
|    clip_fraction        | 0.116       |
|    clip_range           | 0.2         |
|    entropy_loss         | -0.904      |
|    explained_variance   | 0.283       |
|    learning_rate        | 0.0003      |
|    loss                 | -0.0267     |
|    n_updates            | 1530        |
|    policy_gradient_loss | -0.00661    |
|    value_loss           | 0.00933     |
-----------------------------------------
-----------------------------------------
| rollout/                |             |
|    ep_len_mean          | 128         |
|    ep_rew_mean          | -142        |
| time/                   |             |
|    fps                  | 2413        |
|    iterations           | 155         |
|    time_elapsed         | 526         |
|    total_timesteps      | 1269760     |
| train/                  |             |
|    approx_kl            | 0.004985987 |
|    clip_fraction        | 0.044       |
|    clip_range           | 0.2         |
|    entropy_loss         | -0.877      |
|    explained_variance   | 0.516       |
|    learning_rate        | 0.0003      |
|    loss                 | -0.00901    |
|    n_updates            | 1540        |
|    policy_gradient_loss | -0.00253    |
|    value_loss           | 0.00853     |
-----------------------------------------
----------------------------------------
| rollout/                |            |
|    ep_len_mean          | 151        |
|    ep_rew_mean          | -152       |
| time/                   |            |
|    fps                  | 2410       |
|    iterations           | 156        |
|    time_elapsed         | 530        |
|    total_timesteps      | 1277952    |
| train/                  |            |
|    approx_kl            | 0.00411345 |
|    clip_fraction        | 0.0398     |
|    clip_range           | 0.2        |
|    entropy_loss         | -0.947     |
|    explained_variance   | 0.94       |
|    learning_rate        | 0.0003     |
|    loss                 | -0.0153    |
|    n_updates            | 1550       |
|    policy_gradient_loss | -0.00214   |
|    value_loss           | 0.00011    |
----------------------------------------
-----------------------------------------
| rollout/                |             |
|    ep_len_mean          | 133         |
|    ep_rew_mean          | -142        |
| time/                   |             |
|    fps                  | 2407        |
|    iterations           | 157         |
|    time_elapsed         | 534         |
|    total_timesteps      | 1286144     |
| train/                  |             |
|    approx_kl            | 0.009682582 |
|    clip_fraction        | 0.164       |
|    clip_range           | 0.2         |
|    entropy_loss         | -0.928      |
|    explained_variance   | 0.86        |
|    learning_rate        | 0.0003      |
|    loss                 | -0.0179     |
|    n_updates            | 1560        |
|    policy_gradient_loss | -0.0056     |
|    value_loss           | 0.0014      |
-----------------------------------------
-----------------------------------------
| rollout/                |             |
|    ep_len_mean          | 133         |
|    ep_rew_mean          | -137        |
| time/                   |             |
|    fps                  | 2405        |
|    iterations           | 158         |
|    time_elapsed         | 538         |
|    total_timesteps      | 1294336     |
| train/                  |             |
|    approx_kl            | 0.009849431 |
|    clip_fraction        | 0.152       |
|    clip_range           | 0.2         |
|    entropy_loss         | -0.904      |
|    explained_variance   | 0.792       |
|    learning_rate        | 0.0003      |
|    loss                 | -0.018      |
|    n_updates            | 1570        |
|    policy_gradient_loss | -0.00582    |
|    value_loss           | 0.00229     |
-----------------------------------------
-----------------------------------------
| rollout/                |             |
|    ep_len_mean          | 107         |
|    ep_rew_mean          | -103        |
| time/                   |             |
|    fps                  | 2399        |
|    iterations           | 159         |
|    time_elapsed         | 542         |
|    total_timesteps      | 1302528     |
| train/                  |             |
|    approx_kl            | 0.011236035 |
|    clip_fraction        | 0.168       |
|    clip_range           | 0.2         |
|    entropy_loss         | -0.897      |
|    explained_variance   | 0.987       |
|    learning_rate        | 0.0003      |
|    loss                 | -0.0167     |
|    n_updates            | 1580        |
|    policy_gradient_loss | -0.00375    |
|    value_loss           | 5.81e-05    |
-----------------------------------------
----------------------------------------
| rollout/                |            |
|    ep_len_mean          | 126        |
|    ep_rew_mean          | -122       |
| time/                   |            |
|    fps                  | 2400       |
|    iterations           | 160        |
|    time_elapsed         | 546        |
|    total_timesteps      | 1310720    |
| train/                  |            |
|    approx_kl            | 0.01166507 |
|    clip_fraction        | 0.18       |
|    clip_range           | 0.2        |
|    entropy_loss         | -0.819     |
|    explained_variance   | 0.994      |
|    learning_rate        | 0.0003     |
|    loss                 | -0.016     |
|    n_updates            | 1590       |
|    policy_gradient_loss | -0.0056    |
|    value_loss           | 4.53e-05   |
----------------------------------------
----------------------------------------
| rollout/                |            |
|    ep_len_mean          | 158        |
|    ep_rew_mean          | -154       |
| time/                   |            |
|    fps                  | 2398       |
|    iterations           | 161        |
|    time_elapsed         | 549        |
|    total_timesteps      | 1318912    |
| train/                  |            |
|    approx_kl            | 0.01132125 |
|    clip_fraction        | 0.137      |
|    clip_range           | 0.2        |
|    entropy_loss         | -0.912     |
|    explained_variance   | 0.997      |
|    learning_rate        | 0.0003     |
|    loss                 | -0.014     |
|    n_updates            | 1600       |
|    policy_gradient_loss | -0.00617   |
|    value_loss           | 1.66e-05   |
----------------------------------------
-----------------------------------------
| rollout/                |             |
|    ep_len_mean          | 106         |
|    ep_rew_mean          | -108        |
| time/                   |             |
|    fps                  | 2394        |
|    iterations           | 162         |
|    time_elapsed         | 554         |
|    total_timesteps      | 1327104     |
| train/                  |             |
|    approx_kl            | 0.015967913 |
|    clip_fraction        | 0.185       |
|    clip_range           | 0.2         |
|    entropy_loss         | -0.873      |
|    explained_variance   | 0.995       |
|    learning_rate        | 0.0003      |
|    loss                 | -0.0202     |
|    n_updates            | 1610        |
|    policy_gradient_loss | -0.00926    |
|    value_loss           | 3.22e-05    |
-----------------------------------------
-----------------------------------------
| rollout/                |             |
|    ep_len_mean          | 124         |
|    ep_rew_mean          | -121        |
| time/                   |             |
|    fps                  | 2392        |
|    iterations           | 163         |
|    time_elapsed         | 558         |
|    total_timesteps      | 1335296     |
| train/                  |             |
|    approx_kl            | 0.010704655 |
|    clip_fraction        | 0.186       |
|    clip_range           | 0.2         |
|    entropy_loss         | -0.858      |
|    explained_variance   | 0.88        |
|    learning_rate        | 0.0003      |
|    loss                 | -0.0177     |
|    n_updates            | 1620        |
|    policy_gradient_loss | -0.00737    |
|    value_loss           | 0.00122     |
-----------------------------------------
------------------------------------------
| rollout/                |              |
|    ep_len_mean          | 123          |
|    ep_rew_mean          | -145         |
| time/                   |              |
|    fps                  | 2390         |
|    iterations           | 164          |
|    time_elapsed         | 562          |
|    total_timesteps      | 1343488      |
| train/                  |              |
|    approx_kl            | 0.0104118055 |
|    clip_fraction        | 0.186        |
|    clip_range           | 0.2          |
|    entropy_loss         | -0.919       |
|    explained_variance   | 0.948        |
|    learning_rate        | 0.0003       |
|    loss                 | -0.0182      |
|    n_updates            | 1630         |
|    policy_gradient_loss | -0.00453     |
|    value_loss           | 0.000373     |
------------------------------------------
-----------------------------------------
| rollout/                |             |
|    ep_len_mean          | 130         |
|    ep_rew_mean          | -155        |
| time/                   |             |
|    fps                  | 2389        |
|    iterations           | 165         |
|    time_elapsed         | 565         |
|    total_timesteps      | 1351680     |
| train/                  |             |
|    approx_kl            | 0.017315695 |
|    clip_fraction        | 0.0664      |
|    clip_range           | 0.2         |
|    entropy_loss         | -0.98       |
|    explained_variance   | 0.324       |
|    learning_rate        | 0.0003      |
|    loss                 | -0.0136     |
|    n_updates            | 1640        |
|    policy_gradient_loss | -0.00438    |
|    value_loss           | 0.0117      |
-----------------------------------------
-----------------------------------------
| rollout/                |             |
|    ep_len_mean          | 132         |
|    ep_rew_mean          | -141        |
| time/                   |             |
|    fps                  | 2386        |
|    iterations           | 166         |
|    time_elapsed         | 569         |
|    total_timesteps      | 1359872     |
| train/                  |             |
|    approx_kl            | 0.014099894 |
|    clip_fraction        | 0.109       |
|    clip_range           | 0.2         |
|    entropy_loss         | -1.04       |
|    explained_variance   | 0.709       |
|    learning_rate        | 0.0003      |
|    loss                 | -0.0172     |
|    n_updates            | 1650        |
|    policy_gradient_loss | -0.00807    |
|    value_loss           | 0.0016      |
-----------------------------------------
------------------------------------------
| rollout/                |              |
|    ep_len_mean          | 158          |
|    ep_rew_mean          | -166         |
| time/                   |              |
|    fps                  | 2388         |
|    iterations           | 167          |
|    time_elapsed         | 572          |
|    total_timesteps      | 1368064      |
| train/                  |              |
|    approx_kl            | 0.0108348895 |
|    clip_fraction        | 0.136        |
|    clip_range           | 0.2          |
|    entropy_loss         | -0.99        |
|    explained_variance   | 0.502        |
|    learning_rate        | 0.0003       |
|    loss                 | -0.0023      |
|    n_updates            | 1660         |
|    policy_gradient_loss | -0.00468     |
|    value_loss           | 0.00828      |
------------------------------------------
-----------------------------------------
| rollout/                |             |
|    ep_len_mean          | 172         |
|    ep_rew_mean          | -175        |
| time/                   |             |
|    fps                  | 2388        |
|    iterations           | 168         |
|    time_elapsed         | 576         |
|    total_timesteps      | 1376256     |
| train/                  |             |
|    approx_kl            | 0.030016927 |
|    clip_fraction        | 0.234       |
|    clip_range           | 0.2         |
|    entropy_loss         | -1.16       |
|    explained_variance   | 0.811       |
|    learning_rate        | 0.0003      |
|    loss                 | -0.0272     |
|    n_updates            | 1670        |
|    policy_gradient_loss | -0.00777    |
|    value_loss           | 0.000327    |
-----------------------------------------
-----------------------------------------
| rollout/                |             |
|    ep_len_mean          | 115         |
|    ep_rew_mean          | -113        |
| time/                   |             |
|    fps                  | 2383        |
|    iterations           | 169         |
|    time_elapsed         | 580         |
|    total_timesteps      | 1384448     |
| train/                  |             |
|    approx_kl            | 0.021144338 |
|    clip_fraction        | 0.178       |
|    clip_range           | 0.2         |
|    entropy_loss         | -1.08       |
|    explained_variance   | 0.793       |
|    learning_rate        | 0.0003      |
|    loss                 | -0.0232     |
|    n_updates            | 1680        |
|    policy_gradient_loss | -0.0056     |
|    value_loss           | 0.00146     |
-----------------------------------------
-----------------------------------------
| rollout/                |             |
|    ep_len_mean          | 146         |
|    ep_rew_mean          | -143        |
| time/                   |             |
|    fps                  | 2385        |
|    iterations           | 170         |
|    time_elapsed         | 583         |
|    total_timesteps      | 1392640     |
| train/                  |             |
|    approx_kl            | 0.018765727 |
|    clip_fraction        | 0.189       |
|    clip_range           | 0.2         |
|    entropy_loss         | -0.962      |
|    explained_variance   | 0.972       |
|    learning_rate        | 0.0003      |
|    loss                 | -0.012      |
|    n_updates            | 1690        |
|    policy_gradient_loss | -0.00495    |
|    value_loss           | 0.000153    |
-----------------------------------------
-----------------------------------------
| rollout/                |             |
|    ep_len_mean          | 178         |
|    ep_rew_mean          | -175        |
| time/                   |             |
|    fps                  | 2385        |
|    iterations           | 171         |
|    time_elapsed         | 587         |
|    total_timesteps      | 1400832     |
| train/                  |             |
|    approx_kl            | 0.016321719 |
|    clip_fraction        | 0.184       |
|    clip_range           | 0.2         |
|    entropy_loss         | -1.16       |
|    explained_variance   | 0.995       |
|    learning_rate        | 0.0003      |
|    loss                 | -0.0269     |
|    n_updates            | 1700        |
|    policy_gradient_loss | -0.00672    |
|    value_loss           | 9.41e-06    |
-----------------------------------------
------------------------------------------
| rollout/                |              |
|    ep_len_mean          | 164          |
|    ep_rew_mean          | -162         |
| time/                   |              |
|    fps                  | 2387         |
|    iterations           | 172          |
|    time_elapsed         | 590          |
|    total_timesteps      | 1409024      |
| train/                  |              |
|    approx_kl            | 0.0145825725 |
|    clip_fraction        | 0.177        |
|    clip_range           | 0.2          |
|    entropy_loss         | -1.01        |
|    explained_variance   | 0.998        |
|    learning_rate        | 0.0003       |
|    loss                 | -0.0098      |
|    n_updates            | 1710         |
|    policy_gradient_loss | -0.00514     |
|    value_loss           | 1.34e-05     |
------------------------------------------
-----------------------------------------
| rollout/                |             |
|    ep_len_mean          | 154         |
|    ep_rew_mean          | -162        |
| time/                   |             |
|    fps                  | 2384        |
|    iterations           | 173         |
|    time_elapsed         | 594         |
|    total_timesteps      | 1417216     |
| train/                  |             |
|    approx_kl            | 0.012020641 |
|    clip_fraction        | 0.175       |
|    clip_range           | 0.2         |
|    entropy_loss         | -0.94       |
|    explained_variance   | 0.748       |
|    learning_rate        | 0.0003      |
|    loss                 | -0.0169     |
|    n_updates            | 1720        |
|    policy_gradient_loss | -0.00514    |
|    value_loss           | 0.0015      |
-----------------------------------------
-----------------------------------------
| rollout/                |             |
|    ep_len_mean          | 127         |
|    ep_rew_mean          | -146        |
| time/                   |             |
|    fps                  | 2380        |
|    iterations           | 174         |
|    time_elapsed         | 598         |
|    total_timesteps      | 1425408     |
| train/                  |             |
|    approx_kl            | 0.013779402 |
|    clip_fraction        | 0.118       |
|    clip_range           | 0.2         |
|    entropy_loss         | -0.81       |
|    explained_variance   | 0.956       |
|    learning_rate        | 0.0003      |
|    loss                 | -0.0173     |
|    n_updates            | 1730        |
|    policy_gradient_loss | -0.00241    |
|    value_loss           | 0.000455    |
-----------------------------------------
------------------------------------------
| rollout/                |              |
|    ep_len_mean          | 127          |
|    ep_rew_mean          | -147         |
| time/                   |              |
|    fps                  | 2378         |
|    iterations           | 175          |
|    time_elapsed         | 602          |
|    total_timesteps      | 1433600      |
| train/                  |              |
|    approx_kl            | 0.0066066077 |
|    clip_fraction        | 0.0933       |
|    clip_range           | 0.2          |
|    entropy_loss         | -0.817       |
|    explained_variance   | 0.645        |
|    learning_rate        | 0.0003       |
|    loss                 | 0.0109       |
|    n_updates            | 1740         |
|    policy_gradient_loss | -0.00366     |
|    value_loss           | 0.00483      |
------------------------------------------
------------------------------------------
| rollout/                |              |
|    ep_len_mean          | 128          |
|    ep_rew_mean          | -132         |
| time/                   |              |
|    fps                  | 2375         |
|    iterations           | 176          |
|    time_elapsed         | 607          |
|    total_timesteps      | 1441792      |
| train/                  |              |
|    approx_kl            | 0.0057882466 |
|    clip_fraction        | 0.0661       |
|    clip_range           | 0.2          |
|    entropy_loss         | -0.845       |
|    explained_variance   | 0.763        |
|    learning_rate        | 0.0003       |
|    loss                 | -0.00357     |
|    n_updates            | 1750         |
|    policy_gradient_loss | -0.00504     |
|    value_loss           | 0.00214      |
------------------------------------------
-----------------------------------------
| rollout/                |             |
|    ep_len_mean          | 105         |
|    ep_rew_mean          | -101        |
| time/                   |             |
|    fps                  | 2372        |
|    iterations           | 177         |
|    time_elapsed         | 611         |
|    total_timesteps      | 1449984     |
| train/                  |             |
|    approx_kl            | 0.010545871 |
|    clip_fraction        | 0.0709      |
|    clip_range           | 0.2         |
|    entropy_loss         | -0.822      |
|    explained_variance   | 0.961       |
|    learning_rate        | 0.0003      |
|    loss                 | -0.0254     |
|    n_updates            | 1760        |
|    policy_gradient_loss | -0.00437    |
|    value_loss           | 7.06e-05    |
-----------------------------------------
----------------------------------------
| rollout/                |            |
|    ep_len_mean          | 143        |
|    ep_rew_mean          | -139       |
| time/                   |            |
|    fps                  | 2370       |
|    iterations           | 178        |
|    time_elapsed         | 615        |
|    total_timesteps      | 1458176    |
| train/                  |            |
|    approx_kl            | 0.01708063 |
|    clip_fraction        | 0.151      |
|    clip_range           | 0.2        |
|    entropy_loss         | -0.854     |
|    explained_variance   | 0.99       |
|    learning_rate        | 0.0003     |
|    loss                 | -0.0143    |
|    n_updates            | 1770       |
|    policy_gradient_loss | -0.00224   |
|    value_loss           | 1.85e-05   |
----------------------------------------
-----------------------------------------
| rollout/                |             |
|    ep_len_mean          | 147         |
|    ep_rew_mean          | -151        |
| time/                   |             |
|    fps                  | 2370        |
|    iterations           | 179         |
|    time_elapsed         | 618         |
|    total_timesteps      | 1466368     |
| train/                  |             |
|    approx_kl            | 0.008343184 |
|    clip_fraction        | 0.0762      |
|    clip_range           | 0.2         |
|    entropy_loss         | -0.836      |
|    explained_variance   | 0.997       |
|    learning_rate        | 0.0003      |
|    loss                 | -0.0192     |
|    n_updates            | 1780        |
|    policy_gradient_loss | -0.00432    |
|    value_loss           | 1.35e-05    |
-----------------------------------------
-----------------------------------------
| rollout/                |             |
|    ep_len_mean          | 156         |
|    ep_rew_mean          | -159        |
| time/                   |             |
|    fps                  | 2370        |
|    iterations           | 180         |
|    time_elapsed         | 622         |
|    total_timesteps      | 1474560     |
| train/                  |             |
|    approx_kl            | 0.007970503 |
|    clip_fraction        | 0.144       |
|    clip_range           | 0.2         |
|    entropy_loss         | -0.887      |
|    explained_variance   | 0.782       |
|    learning_rate        | 0.0003      |
|    loss                 | -0.0103     |
|    n_updates            | 1790        |
|    policy_gradient_loss | -0.00421    |
|    value_loss           | 0.0021      |
-----------------------------------------
-----------------------------------------
| rollout/                |             |
|    ep_len_mean          | 153         |
|    ep_rew_mean          | -149        |
| time/                   |             |
|    fps                  | 2368        |
|    iterations           | 181         |
|    time_elapsed         | 625         |
|    total_timesteps      | 1482752     |
| train/                  |             |
|    approx_kl            | 0.018207895 |
|    clip_fraction        | 0.29        |
|    clip_range           | 0.2         |
|    entropy_loss         | -0.915      |
|    explained_variance   | 0.991       |
|    learning_rate        | 0.0003      |
|    loss                 | -0.0252     |
|    n_updates            | 1800        |
|    policy_gradient_loss | -0.0107     |
|    value_loss           | 3.2e-05     |
-----------------------------------------
------------------------------------------
| rollout/                |              |
|    ep_len_mean          | 121          |
|    ep_rew_mean          | -121         |
| time/                   |              |
|    fps                  | 2367         |
|    iterations           | 182          |
|    time_elapsed         | 629          |
|    total_timesteps      | 1490944      |
| train/                  |              |
|    approx_kl            | 0.0104473075 |
|    clip_fraction        | 0.175        |
|    clip_range           | 0.2          |
|    entropy_loss         | -0.949       |
|    explained_variance   | 0.986        |
|    learning_rate        | 0.0003       |
|    loss                 | -0.0171      |
|    n_updates            | 1810         |
|    policy_gradient_loss | -0.0056      |
|    value_loss           | 0.000129     |
------------------------------------------
----------------------------------------
| rollout/                |            |
|    ep_len_mean          | 118        |
|    ep_rew_mean          | -114       |
| time/                   |            |
|    fps                  | 2364       |
|    iterations           | 183        |
|    time_elapsed         | 634        |
|    total_timesteps      | 1499136    |
| train/                  |            |
|    approx_kl            | 0.02474935 |
|    clip_fraction        | 0.229      |
|    clip_range           | 0.2        |
|    entropy_loss         | -0.969     |
|    explained_variance   | 0.971      |
|    learning_rate        | 0.0003     |
|    loss                 | -0.0154    |
|    n_updates            | 1820       |
|    policy_gradient_loss | -0.00682   |
|    value_loss           | 0.000319   |
----------------------------------------
-----------------------------------------
| rollout/                |             |
|    ep_len_mean          | 118         |
|    ep_rew_mean          | -114        |
| time/                   |             |
|    fps                  | 2361        |
|    iterations           | 184         |
|    time_elapsed         | 638         |
|    total_timesteps      | 1507328     |
| train/                  |             |
|    approx_kl            | 0.018220596 |
|    clip_fraction        | 0.165       |
|    clip_range           | 0.2         |
|    entropy_loss         | -0.936      |
|    explained_variance   | 0.997       |
|    learning_rate        | 0.0003      |
|    loss                 | -0.0196     |
|    n_updates            | 1830        |
|    policy_gradient_loss | -0.00735    |
|    value_loss           | 1.28e-05    |
-----------------------------------------
-----------------------------------------
| rollout/                |             |
|    ep_len_mean          | 126         |
|    ep_rew_mean          | -123        |
| time/                   |             |
|    fps                  | 2358        |
|    iterations           | 185         |
|    time_elapsed         | 642         |
|    total_timesteps      | 1515520     |
| train/                  |             |
|    approx_kl            | 0.009332991 |
|    clip_fraction        | 0.0687      |
|    clip_range           | 0.2         |
|    entropy_loss         | -0.986      |
|    explained_variance   | 0.998       |
|    learning_rate        | 0.0003      |
|    loss                 | -0.0298     |
|    n_updates            | 1840        |
|    policy_gradient_loss | -0.00995    |
|    value_loss           | 1.43e-05    |
-----------------------------------------
-----------------------------------------
| rollout/                |             |
|    ep_len_mean          | 149         |
|    ep_rew_mean          | -149        |
| time/                   |             |
|    fps                  | 2358        |
|    iterations           | 186         |
|    time_elapsed         | 645         |
|    total_timesteps      | 1523712     |
| train/                  |             |
|    approx_kl            | 0.012985109 |
|    clip_fraction        | 0.135       |
|    clip_range           | 0.2         |
|    entropy_loss         | -0.975      |
|    explained_variance   | 0.998       |
|    learning_rate        | 0.0003      |
|    loss                 | -0.0395     |
|    n_updates            | 1850        |
|    policy_gradient_loss | -0.0147     |
|    value_loss           | 1.18e-05    |
-----------------------------------------
------------------------------------------
| rollout/                |              |
|    ep_len_mean          | 148          |
|    ep_rew_mean          | -152         |
| time/                   |              |
|    fps                  | 2356         |
|    iterations           | 187          |
|    time_elapsed         | 649          |
|    total_timesteps      | 1531904      |
| train/                  |              |
|    approx_kl            | 0.0075742765 |
|    clip_fraction        | 0.108        |
|    clip_range           | 0.2          |
|    entropy_loss         | -1.03        |
|    explained_variance   | 0.869        |
|    learning_rate        | 0.0003       |
|    loss                 | -0.0177      |
|    n_updates            | 1860         |
|    policy_gradient_loss | -0.00525     |
|    value_loss           | 0.00105      |
------------------------------------------
-----------------------------------------
| rollout/                |             |
|    ep_len_mean          | 134         |
|    ep_rew_mean          | -134        |
| time/                   |             |
|    fps                  | 2356        |
|    iterations           | 188         |
|    time_elapsed         | 653         |
|    total_timesteps      | 1540096     |
| train/                  |             |
|    approx_kl            | 0.008407492 |
|    clip_fraction        | 0.102       |
|    clip_range           | 0.2         |
|    entropy_loss         | -0.882      |
|    explained_variance   | 0.889       |
|    learning_rate        | 0.0003      |
|    loss                 | -0.0195     |
|    n_updates            | 1870        |
|    policy_gradient_loss | -0.00767    |
|    value_loss           | 0.00115     |
-----------------------------------------
-----------------------------------------
| rollout/                |             |
|    ep_len_mean          | 125         |
|    ep_rew_mean          | -139        |
| time/                   |             |
|    fps                  | 2353        |
|    iterations           | 189         |
|    time_elapsed         | 657         |
|    total_timesteps      | 1548288     |
| train/                  |             |
|    approx_kl            | 0.021770194 |
|    clip_fraction        | 0.239       |
|    clip_range           | 0.2         |
|    entropy_loss         | -0.87       |
|    explained_variance   | 0.992       |
|    learning_rate        | 0.0003      |
|    loss                 | -0.0178     |
|    n_updates            | 1880        |
|    policy_gradient_loss | -0.0062     |
|    value_loss           | 1.81e-05    |
-----------------------------------------
-----------------------------------------
| rollout/                |             |
|    ep_len_mean          | 125         |
|    ep_rew_mean          | -121        |
| time/                   |             |
|    fps                  | 2351        |
|    iterations           | 190         |
|    time_elapsed         | 661         |
|    total_timesteps      | 1556480     |
| train/                  |             |
|    approx_kl            | 0.012182964 |
|    clip_fraction        | 0.0508      |
|    clip_range           | 0.2         |
|    entropy_loss         | -0.805      |
|    explained_variance   | 0.56        |
|    learning_rate        | 0.0003      |
|    loss                 | -0.00251    |
|    n_updates            | 1890        |
|    policy_gradient_loss | -0.00582    |
|    value_loss           | 0.00704     |
-----------------------------------------
----------------------------------------
| rollout/                |            |
|    ep_len_mean          | 106        |
|    ep_rew_mean          | -104       |
| time/                   |            |
|    fps                  | 2348       |
|    iterations           | 191        |
|    time_elapsed         | 666        |
|    total_timesteps      | 1564672    |
| train/                  |            |
|    approx_kl            | 0.02007103 |
|    clip_fraction        | 0.159      |
|    clip_range           | 0.2        |
|    entropy_loss         | -0.79      |
|    explained_variance   | 0.975      |
|    learning_rate        | 0.0003     |
|    loss                 | -0.00727   |
|    n_updates            | 1900       |
|    policy_gradient_loss | -0.00445   |
|    value_loss           | 6.89e-05   |
----------------------------------------
-----------------------------------------
| rollout/                |             |
|    ep_len_mean          | 148         |
|    ep_rew_mean          | -147        |
| time/                   |             |
|    fps                  | 2349        |
|    iterations           | 192         |
|    time_elapsed         | 669         |
|    total_timesteps      | 1572864     |
| train/                  |             |
|    approx_kl            | 0.015430294 |
|    clip_fraction        | 0.157       |
|    clip_range           | 0.2         |
|    entropy_loss         | -0.78       |
|    explained_variance   | 0.984       |
|    learning_rate        | 0.0003      |
|    loss                 | -0.00345    |
|    n_updates            | 1910        |
|    policy_gradient_loss | -0.00289    |
|    value_loss           | 0.000146    |
-----------------------------------------
-----------------------------------------
| rollout/                |             |
|    ep_len_mean          | 116         |
|    ep_rew_mean          | -120        |
| time/                   |             |
|    fps                  | 2344        |
|    iterations           | 193         |
|    time_elapsed         | 674         |
|    total_timesteps      | 1581056     |
| train/                  |             |
|    approx_kl            | 0.018294053 |
|    clip_fraction        | 0.219       |
|    clip_range           | 0.2         |
|    entropy_loss         | -0.822      |
|    explained_variance   | 0.937       |
|    learning_rate        | 0.0003      |
|    loss                 | -0.0196     |
|    n_updates            | 1920        |
|    policy_gradient_loss | -0.00447    |
|    value_loss           | 0.000441    |
-----------------------------------------
-----------------------------------------
| rollout/                |             |
|    ep_len_mean          | 80.2        |
|    ep_rew_mean          | -81.6       |
| time/                   |             |
|    fps                  | 2342        |
|    iterations           | 194         |
|    time_elapsed         | 678         |
|    total_timesteps      | 1589248     |
| train/                  |             |
|    approx_kl            | 0.012526013 |
|    clip_fraction        | 0.109       |
|    clip_range           | 0.2         |
|    entropy_loss         | -0.73       |
|    explained_variance   | 0.891       |
|    learning_rate        | 0.0003      |
|    loss                 | -0.00883    |
|    n_updates            | 1930        |
|    policy_gradient_loss | -0.00396    |
|    value_loss           | 0.0016      |
-----------------------------------------
----------------------------------------
| rollout/                |            |
|    ep_len_mean          | 135        |
|    ep_rew_mean          | -132       |
| time/                   |            |
|    fps                  | 2343       |
|    iterations           | 195        |
|    time_elapsed         | 681        |
|    total_timesteps      | 1597440    |
| train/                  |            |
|    approx_kl            | 0.03543411 |
|    clip_fraction        | 0.26       |
|    clip_range           | 0.2        |
|    entropy_loss         | -0.842     |
|    explained_variance   | 0.987      |
|    learning_rate        | 0.0003     |
|    loss                 | -0.0251    |
|    n_updates            | 1940       |
|    policy_gradient_loss | -0.00646   |
|    value_loss           | 0.000123   |
----------------------------------------
-----------------------------------------
| rollout/                |             |
|    ep_len_mean          | 139         |
|    ep_rew_mean          | -136        |
| time/                   |             |
|    fps                  | 2341        |
|    iterations           | 196         |
|    time_elapsed         | 685         |
|    total_timesteps      | 1605632     |
| train/                  |             |
|    approx_kl            | 0.018992912 |
|    clip_fraction        | 0.244       |
|    clip_range           | 0.2         |
|    entropy_loss         | -0.899      |
|    explained_variance   | 0.999       |
|    learning_rate        | 0.0003      |
|    loss                 | -0.0176     |
|    n_updates            | 1950        |
|    policy_gradient_loss | -0.0129     |
|    value_loss           | 6.49e-06    |
-----------------------------------------
-----------------------------------------
| rollout/                |             |
|    ep_len_mean          | 138         |
|    ep_rew_mean          | -141        |
| time/                   |             |
|    fps                  | 2342        |
|    iterations           | 197         |
|    time_elapsed         | 689         |
|    total_timesteps      | 1613824     |
| train/                  |             |
|    approx_kl            | 0.013581386 |
|    clip_fraction        | 0.186       |
|    clip_range           | 0.2         |
|    entropy_loss         | -0.834      |
|    explained_variance   | 0.999       |
|    learning_rate        | 0.0003      |
|    loss                 | -0.0217     |
|    n_updates            | 1960        |
|    policy_gradient_loss | -0.00717    |
|    value_loss           | 6.53e-06    |
-----------------------------------------
-----------------------------------------
| rollout/                |             |
|    ep_len_mean          | 155         |
|    ep_rew_mean          | -162        |
| time/                   |             |
|    fps                  | 2341        |
|    iterations           | 198         |
|    time_elapsed         | 692         |
|    total_timesteps      | 1622016     |
| train/                  |             |
|    approx_kl            | 0.008925954 |
|    clip_fraction        | 0.12        |
|    clip_range           | 0.2         |
|    entropy_loss         | -0.908      |
|    explained_variance   | 0.629       |
|    learning_rate        | 0.0003      |
|    loss                 | -0.0104     |
|    n_updates            | 1970        |
|    policy_gradient_loss | -0.00444    |
|    value_loss           | 0.00345     |
-----------------------------------------
-----------------------------------------
| rollout/                |             |
|    ep_len_mean          | 133         |
|    ep_rew_mean          | -137        |
| time/                   |             |
|    fps                  | 2338        |
|    iterations           | 199         |
|    time_elapsed         | 697         |
|    total_timesteps      | 1630208     |
| train/                  |             |
|    approx_kl            | 0.014938716 |
|    clip_fraction        | 0.309       |
|    clip_range           | 0.2         |
|    entropy_loss         | -0.896      |
|    explained_variance   | 0.84        |
|    learning_rate        | 0.0003      |
|    loss                 | -0.0125     |
|    n_updates            | 1980        |
|    policy_gradient_loss | -0.00614    |
|    value_loss           | 0.0014      |
-----------------------------------------
-----------------------------------------
| rollout/                |             |
|    ep_len_mean          | 91.4        |
|    ep_rew_mean          | -92.4       |
| time/                   |             |
|    fps                  | 2336        |
|    iterations           | 200         |
|    time_elapsed         | 701         |
|    total_timesteps      | 1638400     |
| train/                  |             |
|    approx_kl            | 0.013846166 |
|    clip_fraction        | 0.198       |
|    clip_range           | 0.2         |
|    entropy_loss         | -0.837      |
|    explained_variance   | 0.801       |
|    learning_rate        | 0.0003      |
|    loss                 | -0.0182     |
|    n_updates            | 1990        |
|    policy_gradient_loss | -0.0069     |
|    value_loss           | 0.00224     |
-----------------------------------------
-----------------------------------------
| rollout/                |             |
|    ep_len_mean          | 123         |
|    ep_rew_mean          | -120        |
| time/                   |             |
|    fps                  | 2334        |
|    iterations           | 201         |
|    time_elapsed         | 705         |
|    total_timesteps      | 1646592     |
| train/                  |             |
|    approx_kl            | 0.014405494 |
|    clip_fraction        | 0.1         |
|    clip_range           | 0.2         |
|    entropy_loss         | -0.866      |
|    explained_variance   | 0.985       |
|    learning_rate        | 0.0003      |
|    loss                 | -0.015      |
|    n_updates            | 2000        |
|    policy_gradient_loss | -0.00299    |
|    value_loss           | 4.64e-05    |
-----------------------------------------
------------------------------------------
| rollout/                |              |
|    ep_len_mean          | 114          |
|    ep_rew_mean          | -113         |
| time/                   |              |
|    fps                  | 2332         |
|    iterations           | 202          |
|    time_elapsed         | 709          |
|    total_timesteps      | 1654784      |
| train/                  |              |
|    approx_kl            | 0.0137589425 |
|    clip_fraction        | 0.143        |
|    clip_range           | 0.2          |
|    entropy_loss         | -0.89        |
|    explained_variance   | 0.997        |
|    learning_rate        | 0.0003       |
|    loss                 | -0.00738     |
|    n_updates            | 2010         |
|    policy_gradient_loss | -0.00155     |
|    value_loss           | 1.6e-05      |
------------------------------------------
-----------------------------------------
| rollout/                |             |
|    ep_len_mean          | 125         |
|    ep_rew_mean          | -121        |
| time/                   |             |
|    fps                  | 2329        |
|    iterations           | 203         |
|    time_elapsed         | 713         |
|    total_timesteps      | 1662976     |
| train/                  |             |
|    approx_kl            | 0.016015414 |
|    clip_fraction        | 0.137       |
|    clip_range           | 0.2         |
|    entropy_loss         | -0.885      |
|    explained_variance   | 0.965       |
|    learning_rate        | 0.0003      |
|    loss                 | -0.00413    |
|    n_updates            | 2020        |
|    policy_gradient_loss | -0.00148    |
|    value_loss           | 0.000404    |
-----------------------------------------
-----------------------------------------
| rollout/                |             |
|    ep_len_mean          | 133         |
|    ep_rew_mean          | -145        |
| time/                   |             |
|    fps                  | 2328        |
|    iterations           | 204         |
|    time_elapsed         | 717         |
|    total_timesteps      | 1671168     |
| train/                  |             |
|    approx_kl            | 0.019639123 |
|    clip_fraction        | 0.302       |
|    clip_range           | 0.2         |
|    entropy_loss         | -0.852      |
|    explained_variance   | 0.998       |
|    learning_rate        | 0.0003      |
|    loss                 | -0.0254     |
|    n_updates            | 2030        |
|    policy_gradient_loss | -0.0141     |
|    value_loss           | 1.56e-05    |
-----------------------------------------
-----------------------------------------
| rollout/                |             |
|    ep_len_mean          | 147         |
|    ep_rew_mean          | -158        |
| time/                   |             |
|    fps                  | 2329        |
|    iterations           | 205         |
|    time_elapsed         | 720         |
|    total_timesteps      | 1679360     |
| train/                  |             |
|    approx_kl            | 0.012663571 |
|    clip_fraction        | 0.143       |
|    clip_range           | 0.2         |
|    entropy_loss         | -0.934      |
|    explained_variance   | 0.484       |
|    learning_rate        | 0.0003      |
|    loss                 | -0.0214     |
|    n_updates            | 2040        |
|    policy_gradient_loss | -0.00993    |
|    value_loss           | 0.00659     |
-----------------------------------------
-----------------------------------------
| rollout/                |             |
|    ep_len_mean          | 110         |
|    ep_rew_mean          | -106        |
| time/                   |             |
|    fps                  | 2323        |
|    iterations           | 206         |
|    time_elapsed         | 726         |
|    total_timesteps      | 1687552     |
| train/                  |             |
|    approx_kl            | 0.022466123 |
|    clip_fraction        | 0.402       |
|    clip_range           | 0.2         |
|    entropy_loss         | -0.89       |
|    explained_variance   | 0.966       |
|    learning_rate        | 0.0003      |
|    loss                 | -0.00275    |
|    n_updates            | 2050        |
|    policy_gradient_loss | -0.00809    |
|    value_loss           | 7.87e-05    |
-----------------------------------------
-----------------------------------------
| rollout/                |             |
|    ep_len_mean          | 99.8        |
|    ep_rew_mean          | -98.8       |
| time/                   |             |
|    fps                  | 2321        |
|    iterations           | 207         |
|    time_elapsed         | 730         |
|    total_timesteps      | 1695744     |
| train/                  |             |
|    approx_kl            | 0.020072922 |
|    clip_fraction        | 0.336       |
|    clip_range           | 0.2         |
|    entropy_loss         | -0.806      |
|    explained_variance   | 0.989       |
|    learning_rate        | 0.0003      |
|    loss                 | -0.0186     |
|    n_updates            | 2060        |
|    policy_gradient_loss | -0.00744    |
|    value_loss           | 3.72e-05    |
-----------------------------------------
-----------------------------------------
| rollout/                |             |
|    ep_len_mean          | 114         |
|    ep_rew_mean          | -113        |
| time/                   |             |
|    fps                  | 2320        |
|    iterations           | 208         |
|    time_elapsed         | 734         |
|    total_timesteps      | 1703936     |
| train/                  |             |
|    approx_kl            | 0.012634562 |
|    clip_fraction        | 0.135       |
|    clip_range           | 0.2         |
|    entropy_loss         | -0.829      |
|    explained_variance   | 0.968       |
|    learning_rate        | 0.0003      |
|    loss                 | -0.0159     |
|    n_updates            | 2070        |
|    policy_gradient_loss | -0.00766    |
|    value_loss           | 0.000391    |
-----------------------------------------
-----------------------------------------
| rollout/                |             |
|    ep_len_mean          | 132         |
|    ep_rew_mean          | -131        |
| time/                   |             |
|    fps                  | 2318        |
|    iterations           | 209         |
|    time_elapsed         | 738         |
|    total_timesteps      | 1712128     |
| train/                  |             |
|    approx_kl            | 0.024635136 |
|    clip_fraction        | 0.171       |
|    clip_range           | 0.2         |
|    entropy_loss         | -0.888      |
|    explained_variance   | 0.997       |
|    learning_rate        | 0.0003      |
|    loss                 | -0.00528    |
|    n_updates            | 2080        |
|    policy_gradient_loss | -0.00251    |
|    value_loss           | 1.41e-05    |
-----------------------------------------
----------------------------------------
| rollout/                |            |
|    ep_len_mean          | 118        |
|    ep_rew_mean          | -121       |
| time/                   |            |
|    fps                  | 2316       |
|    iterations           | 210        |
|    time_elapsed         | 742        |
|    total_timesteps      | 1720320    |
| train/                  |            |
|    approx_kl            | 0.01318978 |
|    clip_fraction        | 0.132      |
|    clip_range           | 0.2        |
|    entropy_loss         | -0.884     |
|    explained_variance   | 0.958      |
|    learning_rate        | 0.0003     |
|    loss                 | -0.00963   |
|    n_updates            | 2090       |
|    policy_gradient_loss | -0.00294   |
|    value_loss           | 0.000472   |
----------------------------------------
-----------------------------------------
| rollout/                |             |
|    ep_len_mean          | 103         |
|    ep_rew_mean          | -106        |
| time/                   |             |
|    fps                  | 2312        |
|    iterations           | 211         |
|    time_elapsed         | 747         |
|    total_timesteps      | 1728512     |
| train/                  |             |
|    approx_kl            | 0.008125722 |
|    clip_fraction        | 0.0552      |
|    clip_range           | 0.2         |
|    entropy_loss         | -0.869      |
|    explained_variance   | 0.855       |
|    learning_rate        | 0.0003      |
|    loss                 | -0.0179     |
|    n_updates            | 2100        |
|    policy_gradient_loss | -0.00353    |
|    value_loss           | 0.00194     |
-----------------------------------------
------------------------------------------
| rollout/                |              |
|    ep_len_mean          | 110          |
|    ep_rew_mean          | -107         |
| time/                   |              |
|    fps                  | 2309         |
|    iterations           | 212          |
|    time_elapsed         | 751          |
|    total_timesteps      | 1736704      |
| train/                  |              |
|    approx_kl            | 0.0071334145 |
|    clip_fraction        | 0.104        |
|    clip_range           | 0.2          |
|    entropy_loss         | -0.827       |
|    explained_variance   | 0.923        |
|    learning_rate        | 0.0003       |
|    loss                 | -0.0177      |
|    n_updates            | 2110         |
|    policy_gradient_loss | -0.00174     |
|    value_loss           | 0.00101      |
------------------------------------------
-----------------------------------------
| rollout/                |             |
|    ep_len_mean          | 129         |
|    ep_rew_mean          | -125        |
| time/                   |             |
|    fps                  | 2307        |
|    iterations           | 213         |
|    time_elapsed         | 756         |
|    total_timesteps      | 1744896     |
| train/                  |             |
|    approx_kl            | 0.019439932 |
|    clip_fraction        | 0.318       |
|    clip_range           | 0.2         |
|    entropy_loss         | -0.838      |
|    explained_variance   | 0.993       |
|    learning_rate        | 0.0003      |
|    loss                 | -0.0223     |
|    n_updates            | 2120        |
|    policy_gradient_loss | -0.00918    |
|    value_loss           | 1.84e-05    |
-----------------------------------------
---------------------------------------
| rollout/                |           |
|    ep_len_mean          | 96.6      |
|    ep_rew_mean          | -111      |
| time/                   |           |
|    fps                  | 2305      |
|    iterations           | 214       |
|    time_elapsed         | 760       |
|    total_timesteps      | 1753088   |
| train/                  |           |
|    approx_kl            | 0.0207654 |
|    clip_fraction        | 0.272     |
|    clip_range           | 0.2       |
|    entropy_loss         | -0.836    |
|    explained_variance   | 0.996     |
|    learning_rate        | 0.0003    |
|    loss                 | -0.0281   |
|    n_updates            | 2130      |
|    policy_gradient_loss | -0.00682  |
|    value_loss           | 2.3e-05   |
---------------------------------------
-----------------------------------------
| rollout/                |             |
|    ep_len_mean          | 104         |
|    ep_rew_mean          | -100        |
| time/                   |             |
|    fps                  | 2303        |
|    iterations           | 215         |
|    time_elapsed         | 764         |
|    total_timesteps      | 1761280     |
| train/                  |             |
|    approx_kl            | 0.004746168 |
|    clip_fraction        | 0.0256      |
|    clip_range           | 0.2         |
|    entropy_loss         | -0.803      |
|    explained_variance   | 0.382       |
|    learning_rate        | 0.0003      |
|    loss                 | -0.00928    |
|    n_updates            | 2140        |
|    policy_gradient_loss | -0.000451   |
|    value_loss           | 0.00901     |
-----------------------------------------
-----------------------------------------
| rollout/                |             |
|    ep_len_mean          | 142         |
|    ep_rew_mean          | -137        |
| time/                   |             |
|    fps                  | 2302        |
|    iterations           | 216         |
|    time_elapsed         | 768         |
|    total_timesteps      | 1769472     |
| train/                  |             |
|    approx_kl            | 0.020703625 |
|    clip_fraction        | 0.328       |
|    clip_range           | 0.2         |
|    entropy_loss         | -0.881      |
|    explained_variance   | 0.985       |
|    learning_rate        | 0.0003      |
|    loss                 | -0.00256    |
|    n_updates            | 2150        |
|    policy_gradient_loss | -0.00665    |
|    value_loss           | 4.84e-05    |
-----------------------------------------
-----------------------------------------
| rollout/                |             |
|    ep_len_mean          | 166         |
|    ep_rew_mean          | -162        |
| time/                   |             |
|    fps                  | 2303        |
|    iterations           | 217         |
|    time_elapsed         | 771         |
|    total_timesteps      | 1777664     |
| train/                  |             |
|    approx_kl            | 0.022392832 |
|    clip_fraction        | 0.267       |
|    clip_range           | 0.2         |
|    entropy_loss         | -0.904      |
|    explained_variance   | 0.998       |
|    learning_rate        | 0.0003      |
|    loss                 | -0.0289     |
|    n_updates            | 2160        |
|    policy_gradient_loss | -0.00875    |
|    value_loss           | 1.38e-05    |
-----------------------------------------
-----------------------------------------
| rollout/                |             |
|    ep_len_mean          | 148         |
|    ep_rew_mean          | -144        |
| time/                   |             |
|    fps                  | 2302        |
|    iterations           | 218         |
|    time_elapsed         | 775         |
|    total_timesteps      | 1785856     |
| train/                  |             |
|    approx_kl            | 0.014152289 |
|    clip_fraction        | 0.155       |
|    clip_range           | 0.2         |
|    entropy_loss         | -0.953      |
|    explained_variance   | 0.987       |
|    learning_rate        | 0.0003      |
|    loss                 | -0.032      |
|    n_updates            | 2170        |
|    policy_gradient_loss | -0.0072     |
|    value_loss           | 0.000115    |
-----------------------------------------
----------------------------------------
| rollout/                |            |
|    ep_len_mean          | 111        |
|    ep_rew_mean          | -114       |
| time/                   |            |
|    fps                  | 2298       |
|    iterations           | 219        |
|    time_elapsed         | 780        |
|    total_timesteps      | 1794048    |
| train/                  |            |
|    approx_kl            | 0.01800559 |
|    clip_fraction        | 0.254      |
|    clip_range           | 0.2        |
|    entropy_loss         | -0.92      |
|    explained_variance   | 0.987      |
|    learning_rate        | 0.0003     |
|    loss                 | -0.0107    |
|    n_updates            | 2180       |
|    policy_gradient_loss | -0.0144    |
|    value_loss           | 6.18e-05   |
----------------------------------------
----------------------------------------
| rollout/                |            |
|    ep_len_mean          | 134        |
|    ep_rew_mean          | -138       |
| time/                   |            |
|    fps                  | 2299       |
|    iterations           | 220        |
|    time_elapsed         | 783        |
|    total_timesteps      | 1802240    |
| train/                  |            |
|    approx_kl            | 0.01806899 |
|    clip_fraction        | 0.136      |
|    clip_range           | 0.2        |
|    entropy_loss         | -0.857     |
|    explained_variance   | 0.85       |
|    learning_rate        | 0.0003     |
|    loss                 | -0.017     |
|    n_updates            | 2190       |
|    policy_gradient_loss | -0.00496   |
|    value_loss           | 0.00235    |
----------------------------------------
-----------------------------------------
| rollout/                |             |
|    ep_len_mean          | 169         |
|    ep_rew_mean          | -169        |
| time/                   |             |
|    fps                  | 2299        |
|    iterations           | 221         |
|    time_elapsed         | 787         |
|    total_timesteps      | 1810432     |
| train/                  |             |
|    approx_kl            | 0.015304098 |
|    clip_fraction        | 0.125       |
|    clip_range           | 0.2         |
|    entropy_loss         | -1.01       |
|    explained_variance   | 0.994       |
|    learning_rate        | 0.0003      |
|    loss                 | -0.021      |
|    n_updates            | 2200        |
|    policy_gradient_loss | -0.00777    |
|    value_loss           | 2.05e-05    |
-----------------------------------------
-----------------------------------------
| rollout/                |             |
|    ep_len_mean          | 128         |
|    ep_rew_mean          | -132        |
| time/                   |             |
|    fps                  | 2296        |
|    iterations           | 222         |
|    time_elapsed         | 791         |
|    total_timesteps      | 1818624     |
| train/                  |             |
|    approx_kl            | 0.009328776 |
|    clip_fraction        | 0.129       |
|    clip_range           | 0.2         |
|    entropy_loss         | -0.937      |
|    explained_variance   | 0.916       |
|    learning_rate        | 0.0003      |
|    loss                 | -0.0155     |
|    n_updates            | 2210        |
|    policy_gradient_loss | -0.00546    |
|    value_loss           | 0.000968    |
-----------------------------------------
-----------------------------------------
| rollout/                |             |
|    ep_len_mean          | 112         |
|    ep_rew_mean          | -118        |
| time/                   |             |
|    fps                  | 2294        |
|    iterations           | 223         |
|    time_elapsed         | 796         |
|    total_timesteps      | 1826816     |
| train/                  |             |
|    approx_kl            | 0.011641126 |
|    clip_fraction        | 0.128       |
|    clip_range           | 0.2         |
|    entropy_loss         | -0.875      |
|    explained_variance   | 0.973       |
|    learning_rate        | 0.0003      |
|    loss                 | -0.0175     |
|    n_updates            | 2220        |
|    policy_gradient_loss | -0.00496    |
|    value_loss           | 0.000379    |
-----------------------------------------
-----------------------------------------
| rollout/                |             |
|    ep_len_mean          | 94.1        |
|    ep_rew_mean          | -101        |
| time/                   |             |
|    fps                  | 2291        |
|    iterations           | 224         |
|    time_elapsed         | 800         |
|    total_timesteps      | 1835008     |
| train/                  |             |
|    approx_kl            | 0.010870287 |
|    clip_fraction        | 0.153       |
|    clip_range           | 0.2         |
|    entropy_loss         | -0.872      |
|    explained_variance   | 0.894       |
|    learning_rate        | 0.0003      |
|    loss                 | -0.0256     |
|    n_updates            | 2230        |
|    policy_gradient_loss | -0.00901    |
|    value_loss           | 0.00164     |
-----------------------------------------
----------------------------------------
| rollout/                |            |
|    ep_len_mean          | 131        |
|    ep_rew_mean          | -176       |
| time/                   |            |
|    fps                  | 2290       |
|    iterations           | 225        |
|    time_elapsed         | 804        |
|    total_timesteps      | 1843200    |
| train/                  |            |
|    approx_kl            | 0.01936575 |
|    clip_fraction        | 0.29       |
|    clip_range           | 0.2        |
|    entropy_loss         | -0.796     |
|    explained_variance   | 0.98       |
|    learning_rate        | 0.0003     |
|    loss                 | -0.0251    |
|    n_updates            | 2240       |
|    policy_gradient_loss | -0.00911   |
|    value_loss           | 0.000276   |
----------------------------------------
-----------------------------------------
| rollout/                |             |
|    ep_len_mean          | 122         |
|    ep_rew_mean          | -159        |
| time/                   |             |
|    fps                  | 2288        |
|    iterations           | 226         |
|    time_elapsed         | 809         |
|    total_timesteps      | 1851392     |
| train/                  |             |
|    approx_kl            | 0.014532075 |
|    clip_fraction        | 0.125       |
|    clip_range           | 0.2         |
|    entropy_loss         | -0.891      |
|    explained_variance   | 0.245       |
|    learning_rate        | 0.0003      |
|    loss                 | -0.00739    |
|    n_updates            | 2250        |
|    policy_gradient_loss | -0.00723    |
|    value_loss           | 0.0129      |
-----------------------------------------
-----------------------------------------
| rollout/                |             |
|    ep_len_mean          | 122         |
|    ep_rew_mean          | -127        |
| time/                   |             |
|    fps                  | 2286        |
|    iterations           | 227         |
|    time_elapsed         | 813         |
|    total_timesteps      | 1859584     |
| train/                  |             |
|    approx_kl            | 0.009113139 |
|    clip_fraction        | 0.0794      |
|    clip_range           | 0.2         |
|    entropy_loss         | -0.854      |
|    explained_variance   | 0.724       |
|    learning_rate        | 0.0003      |
|    loss                 | -0.0158     |
|    n_updates            | 2260        |
|    policy_gradient_loss | -0.0019     |
|    value_loss           | 0.00222     |
-----------------------------------------
----------------------------------------
| rollout/                |            |
|    ep_len_mean          | 145        |
|    ep_rew_mean          | -155       |
| time/                   |            |
|    fps                  | 2285       |
|    iterations           | 228        |
|    time_elapsed         | 817        |
|    total_timesteps      | 1867776    |
| train/                  |            |
|    approx_kl            | 0.01646768 |
|    clip_fraction        | 0.276      |
|    clip_range           | 0.2        |
|    entropy_loss         | -0.866     |
|    explained_variance   | 0.938      |
|    learning_rate        | 0.0003     |
|    loss                 | -0.0151    |
|    n_updates            | 2270       |
|    policy_gradient_loss | -0.0043    |
|    value_loss           | 8.91e-05   |
----------------------------------------
-----------------------------------------
| rollout/                |             |
|    ep_len_mean          | 115         |
|    ep_rew_mean          | -114        |
| time/                   |             |
|    fps                  | 2284        |
|    iterations           | 229         |
|    time_elapsed         | 821         |
|    total_timesteps      | 1875968     |
| train/                  |             |
|    approx_kl            | 0.012384133 |
|    clip_fraction        | 0.154       |
|    clip_range           | 0.2         |
|    entropy_loss         | -0.891      |
|    explained_variance   | 0.572       |
|    learning_rate        | 0.0003      |
|    loss                 | -0.00114    |
|    n_updates            | 2280        |
|    policy_gradient_loss | -0.00619    |
|    value_loss           | 0.0075      |
-----------------------------------------
-----------------------------------------
| rollout/                |             |
|    ep_len_mean          | 124         |
|    ep_rew_mean          | -129        |
| time/                   |             |
|    fps                  | 2282        |
|    iterations           | 230         |
|    time_elapsed         | 825         |
|    total_timesteps      | 1884160     |
| train/                  |             |
|    approx_kl            | 0.016567577 |
|    clip_fraction        | 0.181       |
|    clip_range           | 0.2         |
|    entropy_loss         | -0.858      |
|    explained_variance   | 0.913       |
|    learning_rate        | 0.0003      |
|    loss                 | -0.0212     |
|    n_updates            | 2290        |
|    policy_gradient_loss | -0.00575    |
|    value_loss           | 0.000164    |
-----------------------------------------
-----------------------------------------
| rollout/                |             |
|    ep_len_mean          | 126         |
|    ep_rew_mean          | -131        |
| time/                   |             |
|    fps                  | 2281        |
|    iterations           | 231         |
|    time_elapsed         | 829         |
|    total_timesteps      | 1892352     |
| train/                  |             |
|    approx_kl            | 0.014207991 |
|    clip_fraction        | 0.0996      |
|    clip_range           | 0.2         |
|    entropy_loss         | -0.875      |
|    explained_variance   | 0.795       |
|    learning_rate        | 0.0003      |
|    loss                 | -0.01       |
|    n_updates            | 2300        |
|    policy_gradient_loss | -0.00602    |
|    value_loss           | 0.00288     |
-----------------------------------------
----------------------------------------
| rollout/                |            |
|    ep_len_mean          | 101        |
|    ep_rew_mean          | -97.8      |
| time/                   |            |
|    fps                  | 2279       |
|    iterations           | 232        |
|    time_elapsed         | 833        |
|    total_timesteps      | 1900544    |
| train/                  |            |
|    approx_kl            | 0.01492938 |
|    clip_fraction        | 0.167      |
|    clip_range           | 0.2        |
|    entropy_loss         | -0.926     |
|    explained_variance   | 0.988      |
|    learning_rate        | 0.0003     |
|    loss                 | -0.0218    |
|    n_updates            | 2310       |
|    policy_gradient_loss | -0.00665   |
|    value_loss           | 3.98e-05   |
----------------------------------------
-----------------------------------------
| rollout/                |             |
|    ep_len_mean          | 95.4        |
|    ep_rew_mean          | -98.3       |
| time/                   |             |
|    fps                  | 2274        |
|    iterations           | 233         |
|    time_elapsed         | 839         |
|    total_timesteps      | 1908736     |
| train/                  |             |
|    approx_kl            | 0.011724602 |
|    clip_fraction        | 0.129       |
|    clip_range           | 0.2         |
|    entropy_loss         | -0.89       |
|    explained_variance   | 0.995       |
|    learning_rate        | 0.0003      |
|    loss                 | -0.0172     |
|    n_updates            | 2320        |
|    policy_gradient_loss | -0.00776    |
|    value_loss           | 2.36e-05    |
-----------------------------------------
-----------------------------------------
| rollout/                |             |
|    ep_len_mean          | 134         |
|    ep_rew_mean          | -137        |
| time/                   |             |
|    fps                  | 2274        |
|    iterations           | 234         |
|    time_elapsed         | 842         |
|    total_timesteps      | 1916928     |
| train/                  |             |
|    approx_kl            | 0.010219712 |
|    clip_fraction        | 0.0981      |
|    clip_range           | 0.2         |
|    entropy_loss         | -0.868      |
|    explained_variance   | 0.785       |
|    learning_rate        | 0.0003      |
|    loss                 | -0.00791    |
|    n_updates            | 2330        |
|    policy_gradient_loss | -0.00385    |
|    value_loss           | 0.00168     |
-----------------------------------------
-----------------------------------------
| rollout/                |             |
|    ep_len_mean          | 123         |
|    ep_rew_mean          | -122        |
| time/                   |             |
|    fps                  | 2273        |
|    iterations           | 235         |
|    time_elapsed         | 846         |
|    total_timesteps      | 1925120     |
| train/                  |             |
|    approx_kl            | 0.017578097 |
|    clip_fraction        | 0.247       |
|    clip_range           | 0.2         |
|    entropy_loss         | -0.967      |
|    explained_variance   | 0.963       |
|    learning_rate        | 0.0003      |
|    loss                 | -0.0185     |
|    n_updates            | 2340        |
|    policy_gradient_loss | -0.00681    |
|    value_loss           | 0.000221    |
-----------------------------------------
---------------------------------------
| rollout/                |           |
|    ep_len_mean          | 100       |
|    ep_rew_mean          | -100      |
| time/                   |           |
|    fps                  | 2270      |
|    iterations           | 236       |
|    time_elapsed         | 851       |
|    total_timesteps      | 1933312   |
| train/                  |           |
|    approx_kl            | 0.0130677 |
|    clip_fraction        | 0.153     |
|    clip_range           | 0.2       |
|    entropy_loss         | -0.886    |
|    explained_variance   | 0.972     |
|    learning_rate        | 0.0003    |
|    loss                 | -0.00821  |
|    n_updates            | 2350      |
|    policy_gradient_loss | -0.00603  |
|    value_loss           | 0.000385  |
---------------------------------------
-----------------------------------------
| rollout/                |             |
|    ep_len_mean          | 101         |
|    ep_rew_mean          | -97.9       |
| time/                   |             |
|    fps                  | 2267        |
|    iterations           | 237         |
|    time_elapsed         | 856         |
|    total_timesteps      | 1941504     |
| train/                  |             |
|    approx_kl            | 0.010739543 |
|    clip_fraction        | 0.0976      |
|    clip_range           | 0.2         |
|    entropy_loss         | -0.832      |
|    explained_variance   | 0.998       |
|    learning_rate        | 0.0003      |
|    loss                 | -0.0136     |
|    n_updates            | 2360        |
|    policy_gradient_loss | -0.0034     |
|    value_loss           | 1.12e-05    |
-----------------------------------------
-----------------------------------------
| rollout/                |             |
|    ep_len_mean          | 114         |
|    ep_rew_mean          | -118        |
| time/                   |             |
|    fps                  | 2265        |
|    iterations           | 238         |
|    time_elapsed         | 860         |
|    total_timesteps      | 1949696     |
| train/                  |             |
|    approx_kl            | 0.006574962 |
|    clip_fraction        | 0.0538      |
|    clip_range           | 0.2         |
|    entropy_loss         | -0.871      |
|    explained_variance   | 0.999       |
|    learning_rate        | 0.0003      |
|    loss                 | -0.00883    |
|    n_updates            | 2370        |
|    policy_gradient_loss | -0.00391    |
|    value_loss           | 8.54e-06    |
-----------------------------------------
-----------------------------------------
| rollout/                |             |
|    ep_len_mean          | 111         |
|    ep_rew_mean          | -109        |
| time/                   |             |
|    fps                  | 2262        |
|    iterations           | 239         |
|    time_elapsed         | 865         |
|    total_timesteps      | 1957888     |
| train/                  |             |
|    approx_kl            | 0.012620278 |
|    clip_fraction        | 0.135       |
|    clip_range           | 0.2         |
|    entropy_loss         | -0.919      |
|    explained_variance   | 0.911       |
|    learning_rate        | 0.0003      |
|    loss                 | -0.0236     |
|    n_updates            | 2380        |
|    policy_gradient_loss | -0.00489    |
|    value_loss           | 0.00146     |
-----------------------------------------
-----------------------------------------
| rollout/                |             |
|    ep_len_mean          | 56.8        |
|    ep_rew_mean          | -56         |
| time/                   |             |
|    fps                  | 2253        |
|    iterations           | 240         |
|    time_elapsed         | 872         |
|    total_timesteps      | 1966080     |
| train/                  |             |
|    approx_kl            | 0.011795287 |
|    clip_fraction        | 0.14        |
|    clip_range           | 0.2         |
|    entropy_loss         | -0.906      |
|    explained_variance   | 0.916       |
|    learning_rate        | 0.0003      |
|    loss                 | -0.0162     |
|    n_updates            | 2390        |
|    policy_gradient_loss | -0.0107     |
|    value_loss           | 0.000966    |
-----------------------------------------
------------------------------------------
| rollout/                |              |
|    ep_len_mean          | 44.9         |
|    ep_rew_mean          | -42.3        |
| time/                   |              |
|    fps                  | 2239         |
|    iterations           | 241          |
|    time_elapsed         | 881          |
|    total_timesteps      | 1974272      |
| train/                  |              |
|    approx_kl            | 0.0129069025 |
|    clip_fraction        | 0.114        |
|    clip_range           | 0.2          |
|    entropy_loss         | -0.731       |
|    explained_variance   | 0.88         |
|    learning_rate        | 0.0003       |
|    loss                 | -0.0262      |
|    n_updates            | 2400         |
|    policy_gradient_loss | -0.0149      |
|    value_loss           | 0.00161      |
------------------------------------------
-----------------------------------------
| rollout/                |             |
|    ep_len_mean          | 39          |
|    ep_rew_mean          | -40.9       |
| time/                   |             |
|    fps                  | 2223        |
|    iterations           | 242         |
|    time_elapsed         | 891         |
|    total_timesteps      | 1982464     |
| train/                  |             |
|    approx_kl            | 0.010059047 |
|    clip_fraction        | 0.115       |
|    clip_range           | 0.2         |
|    entropy_loss         | -0.539      |
|    explained_variance   | 0.81        |
|    learning_rate        | 0.0003      |
|    loss                 | -0.0259     |
|    n_updates            | 2410        |
|    policy_gradient_loss | -0.011      |
|    value_loss           | 0.00179     |
-----------------------------------------
-----------------------------------------
| rollout/                |             |
|    ep_len_mean          | 37.5        |
|    ep_rew_mean          | -36         |
| time/                   |             |
|    fps                  | 2208        |
|    iterations           | 243         |
|    time_elapsed         | 901         |
|    total_timesteps      | 1990656     |
| train/                  |             |
|    approx_kl            | 0.011636242 |
|    clip_fraction        | 0.0965      |
|    clip_range           | 0.2         |
|    entropy_loss         | -0.456      |
|    explained_variance   | 0.564       |
|    learning_rate        | 0.0003      |
|    loss                 | -0.0137     |
|    n_updates            | 2420        |
|    policy_gradient_loss | -0.00898    |
|    value_loss           | 0.00234     |
-----------------------------------------
-----------------------------------------
| rollout/                |             |
|    ep_len_mean          | 40.2        |
|    ep_rew_mean          | -44.8       |
| time/                   |             |
|    fps                  | 2192        |
|    iterations           | 244         |
|    time_elapsed         | 911         |
|    total_timesteps      | 1998848     |
| train/                  |             |
|    approx_kl            | 0.019483423 |
|    clip_fraction        | 0.104       |
|    clip_range           | 0.2         |
|    entropy_loss         | -0.493      |
|    explained_variance   | 0.235       |
|    learning_rate        | 0.0003      |
|    loss                 | -0.0221     |
|    n_updates            | 2430        |
|    policy_gradient_loss | -0.0128     |
|    value_loss           | 0.00305     |
-----------------------------------------
-----------------------------------------
| rollout/                |             |
|    ep_len_mean          | 38.8        |
|    ep_rew_mean          | -36.3       |
| time/                   |             |
|    fps                  | 2177        |
|    iterations           | 245         |
|    time_elapsed         | 921         |
|    total_timesteps      | 2007040     |
| train/                  |             |
|    approx_kl            | 0.010809625 |
|    clip_fraction        | 0.128       |
|    clip_range           | 0.2         |
|    entropy_loss         | -0.476      |
|    explained_variance   | 0.138       |
|    learning_rate        | 0.0003      |
|    loss                 | -0.00481    |
|    n_updates            | 2440        |
|    policy_gradient_loss | -0.00849    |
|    value_loss           | 0.00483     |
-----------------------------------------
-----------------------------------------
| rollout/                |             |
|    ep_len_mean          | 35.4        |
|    ep_rew_mean          | -34.1       |
| time/                   |             |
|    fps                  | 2162        |
|    iterations           | 246         |
|    time_elapsed         | 931         |
|    total_timesteps      | 2015232     |
| train/                  |             |
|    approx_kl            | 0.013422899 |
|    clip_fraction        | 0.132       |
|    clip_range           | 0.2         |
|    entropy_loss         | -0.46       |
|    explained_variance   | 0.58        |
|    learning_rate        | 0.0003      |
|    loss                 | -0.0162     |
|    n_updates            | 2450        |
|    policy_gradient_loss | -0.011      |
|    value_loss           | 0.000581    |
-----------------------------------------
-----------------------------------------
| rollout/                |             |
|    ep_len_mean          | 34.6        |
|    ep_rew_mean          | -34.4       |
| time/                   |             |
|    fps                  | 2145        |
|    iterations           | 247         |
|    time_elapsed         | 942         |
|    total_timesteps      | 2023424     |
| train/                  |             |
|    approx_kl            | 0.014949141 |
|    clip_fraction        | 0.122       |
|    clip_range           | 0.2         |
|    entropy_loss         | -0.417      |
|    explained_variance   | 0.79        |
|    learning_rate        | 0.0003      |
|    loss                 | -0.0255     |
|    n_updates            | 2460        |
|    policy_gradient_loss | -0.00868    |
|    value_loss           | 0.000184    |
-----------------------------------------
-----------------------------------------
| rollout/                |             |
|    ep_len_mean          | 33.1        |
|    ep_rew_mean          | -61.4       |
| time/                   |             |
|    fps                  | 2128        |
|    iterations           | 248         |
|    time_elapsed         | 954         |
|    total_timesteps      | 2031616     |
| train/                  |             |
|    approx_kl            | 0.008935351 |
|    clip_fraction        | 0.0916      |
|    clip_range           | 0.2         |
|    entropy_loss         | -0.357      |
|    explained_variance   | 0.713       |
|    learning_rate        | 0.0003      |
|    loss                 | -0.0158     |
|    n_updates            | 2470        |
|    policy_gradient_loss | -0.00731    |
|    value_loss           | 0.000424    |
-----------------------------------------
----------------------------------------
| rollout/                |            |
|    ep_len_mean          | 33         |
|    ep_rew_mean          | -39.3      |
| time/                   |            |
|    fps                  | 2109       |
|    iterations           | 249        |
|    time_elapsed         | 966        |
|    total_timesteps      | 2039808    |
| train/                  |            |
|    approx_kl            | 0.00966226 |
|    clip_fraction        | 0.0847     |
|    clip_range           | 0.2        |
|    entropy_loss         | -0.344     |
|    explained_variance   | 0.0713     |
|    learning_rate        | 0.0003     |
|    loss                 | -0.0106    |
|    n_updates            | 2480       |
|    policy_gradient_loss | -0.00885   |
|    value_loss           | 0.0173     |
----------------------------------------
-----------------------------------------
| rollout/                |             |
|    ep_len_mean          | 33.7        |
|    ep_rew_mean          | -31.2       |
| time/                   |             |
|    fps                  | 2093        |
|    iterations           | 250         |
|    time_elapsed         | 978         |
|    total_timesteps      | 2048000     |
| train/                  |             |
|    approx_kl            | 0.012327576 |
|    clip_fraction        | 0.0926      |
|    clip_range           | 0.2         |
|    entropy_loss         | -0.349      |
|    explained_variance   | 0.176       |
|    learning_rate        | 0.0003      |
|    loss                 | -0.000647   |
|    n_updates            | 2490        |
|    policy_gradient_loss | -0.00678    |
|    value_loss           | 0.00689     |
-----------------------------------------
-----------------------------------------
| rollout/                |             |
|    ep_len_mean          | 32.6        |
|    ep_rew_mean          | -32.5       |
| time/                   |             |
|    fps                  | 2077        |
|    iterations           | 251         |
|    time_elapsed         | 989         |
|    total_timesteps      | 2056192     |
| train/                  |             |
|    approx_kl            | 0.011819545 |
|    clip_fraction        | 0.0767      |
|    clip_range           | 0.2         |
|    entropy_loss         | -0.353      |
|    explained_variance   | 0.202       |
|    learning_rate        | 0.0003      |
|    loss                 | -0.0133     |
|    n_updates            | 2500        |
|    policy_gradient_loss | -0.00659    |
|    value_loss           | 0.00505     |
-----------------------------------------
----------------------------------------
| rollout/                |            |
|    ep_len_mean          | 34.2       |
|    ep_rew_mean          | -36        |
| time/                   |            |
|    fps                  | 2062       |
|    iterations           | 252        |
|    time_elapsed         | 1000       |
|    total_timesteps      | 2064384    |
| train/                  |            |
|    approx_kl            | 0.01323235 |
|    clip_fraction        | 0.0819     |
|    clip_range           | 0.2        |
|    entropy_loss         | -0.344     |
|    explained_variance   | 0.609      |
|    learning_rate        | 0.0003     |
|    loss                 | 0.000442   |
|    n_updates            | 2510       |
|    policy_gradient_loss | -0.00604   |
|    value_loss           | 0.000342   |
----------------------------------------
-----------------------------------------
| rollout/                |             |
|    ep_len_mean          | 41.5        |
|    ep_rew_mean          | -38.9       |
| time/                   |             |
|    fps                  | 2053        |
|    iterations           | 253         |
|    time_elapsed         | 1009        |
|    total_timesteps      | 2072576     |
| train/                  |             |
|    approx_kl            | 0.013207559 |
|    clip_fraction        | 0.0828      |
|    clip_range           | 0.2         |
|    entropy_loss         | -0.331      |
|    explained_variance   | 0.456       |
|    learning_rate        | 0.0003      |
|    loss                 | -0.0159     |
|    n_updates            | 2520        |
|    policy_gradient_loss | -0.00406    |
|    value_loss           | 0.000903    |
-----------------------------------------
-----------------------------------------
| rollout/                |             |
|    ep_len_mean          | 47.6        |
|    ep_rew_mean          | -44.9       |
| time/                   |             |
|    fps                  | 2043        |
|    iterations           | 254         |
|    time_elapsed         | 1018        |
|    total_timesteps      | 2080768     |
| train/                  |             |
|    approx_kl            | 0.010999538 |
|    clip_fraction        | 0.0978      |
|    clip_range           | 0.2         |
|    entropy_loss         | -0.522      |
|    explained_variance   | 0.148       |
|    learning_rate        | 0.0003      |
|    loss                 | -0.00827    |
|    n_updates            | 2530        |
|    policy_gradient_loss | -0.00292    |
|    value_loss           | 7.87e-05    |
-----------------------------------------
-----------------------------------------
| rollout/                |             |
|    ep_len_mean          | 33.4        |
|    ep_rew_mean          | -30.9       |
| time/                   |             |
|    fps                  | 2028        |
|    iterations           | 255         |
|    time_elapsed         | 1029        |
|    total_timesteps      | 2088960     |
| train/                  |             |
|    approx_kl            | 0.010574675 |
|    clip_fraction        | 0.0694      |
|    clip_range           | 0.2         |
|    entropy_loss         | -0.464      |
|    explained_variance   | 0.709       |
|    learning_rate        | 0.0003      |
|    loss                 | -0.0167     |
|    n_updates            | 2540        |
|    policy_gradient_loss | -0.00344    |
|    value_loss           | 5.7e-05     |
-----------------------------------------
----------------------------------------
| rollout/                |            |
|    ep_len_mean          | 33         |
|    ep_rew_mean          | -35.3      |
| time/                   |            |
|    fps                  | 2014       |
|    iterations           | 256        |
|    time_elapsed         | 1041       |
|    total_timesteps      | 2097152    |
| train/                  |            |
|    approx_kl            | 0.01406019 |
|    clip_fraction        | 0.0658     |
|    clip_range           | 0.2        |
|    entropy_loss         | -0.291     |
|    explained_variance   | 0.369      |
|    learning_rate        | 0.0003     |
|    loss                 | -0.0105    |
|    n_updates            | 2550       |
|    policy_gradient_loss | -0.00581   |
|    value_loss           | 0.00168    |
----------------------------------------
-----------------------------------------
| rollout/                |             |
|    ep_len_mean          | 33.4        |
|    ep_rew_mean          | -33.2       |
| time/                   |             |
|    fps                  | 2000        |
|    iterations           | 257         |
|    time_elapsed         | 1052        |
|    total_timesteps      | 2105344     |
| train/                  |             |
|    approx_kl            | 0.009459463 |
|    clip_fraction        | 0.0602      |
|    clip_range           | 0.2         |
|    entropy_loss         | -0.262      |
|    explained_variance   | 0.267       |
|    learning_rate        | 0.0003      |
|    loss                 | 0.00444     |
|    n_updates            | 2560        |
|    policy_gradient_loss | -0.0011     |
|    value_loss           | 0.00227     |
-----------------------------------------
------------------------------------------
| rollout/                |              |
|    ep_len_mean          | 32.6         |
|    ep_rew_mean          | -30.2        |
| time/                   |              |
|    fps                  | 1986         |
|    iterations           | 258          |
|    time_elapsed         | 1063         |
|    total_timesteps      | 2113536      |
| train/                  |              |
|    approx_kl            | 0.0039090156 |
|    clip_fraction        | 0.0727       |
|    clip_range           | 0.2          |
|    entropy_loss         | -0.251       |
|    explained_variance   | 0.349        |
|    learning_rate        | 0.0003       |
|    loss                 | -0.0115      |
|    n_updates            | 2570         |
|    policy_gradient_loss | -0.00403     |
|    value_loss           | 0.00163      |
------------------------------------------
-----------------------------------------
| rollout/                |             |
|    ep_len_mean          | 32.7        |
|    ep_rew_mean          | -30.2       |
| time/                   |             |
|    fps                  | 1973        |
|    iterations           | 259         |
|    time_elapsed         | 1075        |
|    total_timesteps      | 2121728     |
| train/                  |             |
|    approx_kl            | 0.009083664 |
|    clip_fraction        | 0.0731      |
|    clip_range           | 0.2         |
|    entropy_loss         | -0.236      |
|    explained_variance   | 0.757       |
|    learning_rate        | 0.0003      |
|    loss                 | -0.00987    |
|    n_updates            | 2580        |
|    policy_gradient_loss | -0.00522    |
|    value_loss           | 0.000253    |
-----------------------------------------
------------------------------------------
| rollout/                |              |
|    ep_len_mean          | 32.6         |
|    ep_rew_mean          | -30.1        |
| time/                   |              |
|    fps                  | 1959         |
|    iterations           | 260          |
|    time_elapsed         | 1087         |
|    total_timesteps      | 2129920      |
| train/                  |              |
|    approx_kl            | 0.0072010225 |
|    clip_fraction        | 0.0527       |
|    clip_range           | 0.2          |
|    entropy_loss         | -0.222       |
|    explained_variance   | 0.978        |
|    learning_rate        | 0.0003       |
|    loss                 | -0.0128      |
|    n_updates            | 2590         |
|    policy_gradient_loss | -0.00207     |
|    value_loss           | 1.15e-05     |
------------------------------------------
------------------------------------------
| rollout/                |              |
|    ep_len_mean          | 32.8         |
|    ep_rew_mean          | -30.4        |
| time/                   |              |
|    fps                  | 1945         |
|    iterations           | 261          |
|    time_elapsed         | 1098         |
|    total_timesteps      | 2138112      |
| train/                  |              |
|    approx_kl            | 0.0062268698 |
|    clip_fraction        | 0.0572       |
|    clip_range           | 0.2          |
|    entropy_loss         | -0.215       |
|    explained_variance   | 0.193        |
|    learning_rate        | 0.0003       |
|    loss                 | -0.000771    |
|    n_updates            | 2600         |
|    policy_gradient_loss | -0.00188     |
|    value_loss           | 0.00352      |
------------------------------------------
-----------------------------------------
| rollout/                |             |
|    ep_len_mean          | 32.3        |
|    ep_rew_mean          | -37         |
| time/                   |             |
|    fps                  | 1932        |
|    iterations           | 262         |
|    time_elapsed         | 1110        |
|    total_timesteps      | 2146304     |
| train/                  |             |
|    approx_kl            | 0.010425853 |
|    clip_fraction        | 0.0837      |
|    clip_range           | 0.2         |
|    entropy_loss         | -0.247      |
|    explained_variance   | 0.453       |
|    learning_rate        | 0.0003      |
|    loss                 | -0.00691    |
|    n_updates            | 2610        |
|    policy_gradient_loss | -0.00415    |
|    value_loss           | 0.000882    |
-----------------------------------------
------------------------------------------
| rollout/                |              |
|    ep_len_mean          | 32.4         |
|    ep_rew_mean          | -31.9        |
| time/                   |              |
|    fps                  | 1918         |
|    iterations           | 263          |
|    time_elapsed         | 1122         |
|    total_timesteps      | 2154496      |
| train/                  |              |
|    approx_kl            | 0.0043585836 |
|    clip_fraction        | 0.0625       |
|    clip_range           | 0.2          |
|    entropy_loss         | -0.245       |
|    explained_variance   | 0.187        |
|    learning_rate        | 0.0003       |
|    loss                 | -0.00816     |
|    n_updates            | 2620         |
|    policy_gradient_loss | -0.00213     |
|    value_loss           | 0.0036       |
------------------------------------------
-----------------------------------------
| rollout/                |             |
|    ep_len_mean          | 32.8        |
|    ep_rew_mean          | -30.4       |
| time/                   |             |
|    fps                  | 1907        |
|    iterations           | 264         |
|    time_elapsed         | 1134        |
|    total_timesteps      | 2162688     |
| train/                  |             |
|    approx_kl            | 0.017570654 |
|    clip_fraction        | 0.0883      |
|    clip_range           | 0.2         |
|    entropy_loss         | -0.253      |
|    explained_variance   | 0.239       |
|    learning_rate        | 0.0003      |
|    loss                 | -0.00463    |
|    n_updates            | 2630        |
|    policy_gradient_loss | -0.00565    |
|    value_loss           | 0.00317     |
-----------------------------------------
-----------------------------------------
| rollout/                |             |
|    ep_len_mean          | 32.2        |
|    ep_rew_mean          | -30.9       |
| time/                   |             |
|    fps                  | 1893        |
|    iterations           | 265         |
|    time_elapsed         | 1146        |
|    total_timesteps      | 2170880     |
| train/                  |             |
|    approx_kl            | 0.006556517 |
|    clip_fraction        | 0.0577      |
|    clip_range           | 0.2         |
|    entropy_loss         | -0.233      |
|    explained_variance   | 0.923       |
|    learning_rate        | 0.0003      |
|    loss                 | -0.00194    |
|    n_updates            | 2640        |
|    policy_gradient_loss | -0.00195    |
|    value_loss           | 1.58e-05    |
-----------------------------------------
-----------------------------------------
| rollout/                |             |
|    ep_len_mean          | 32.2        |
|    ep_rew_mean          | -35.5       |
| time/                   |             |
|    fps                  | 1881        |
|    iterations           | 266         |
|    time_elapsed         | 1158        |
|    total_timesteps      | 2179072     |
| train/                  |             |
|    approx_kl            | 0.007872733 |
|    clip_fraction        | 0.0617      |
|    clip_range           | 0.2         |
|    entropy_loss         | -0.217      |
|    explained_variance   | 0.838       |
|    learning_rate        | 0.0003      |
|    loss                 | -0.00791    |
|    n_updates            | 2650        |
|    policy_gradient_loss | -0.00167    |
|    value_loss           | 0.000138    |
-----------------------------------------
-----------------------------------------
| rollout/                |             |
|    ep_len_mean          | 32.3        |
|    ep_rew_mean          | -32.3       |
| time/                   |             |
|    fps                  | 1868        |
|    iterations           | 267         |
|    time_elapsed         | 1170        |
|    total_timesteps      | 2187264     |
| train/                  |             |
|    approx_kl            | 0.019543938 |
|    clip_fraction        | 0.0736      |
|    clip_range           | 0.2         |
|    entropy_loss         | -0.255      |
|    explained_variance   | 0.108       |
|    learning_rate        | 0.0003      |
|    loss                 | -0.0025     |
|    n_updates            | 2660        |
|    policy_gradient_loss | -0.00629    |
|    value_loss           | 0.00771     |
-----------------------------------------
-----------------------------------------
| rollout/                |             |
|    ep_len_mean          | 32.1        |
|    ep_rew_mean          | -29.6       |
| time/                   |             |
|    fps                  | 1857        |
|    iterations           | 268         |
|    time_elapsed         | 1181        |
|    total_timesteps      | 2195456     |
| train/                  |             |
|    approx_kl            | 0.008066237 |
|    clip_fraction        | 0.0539      |
|    clip_range           | 0.2         |
|    entropy_loss         | -0.234      |
|    explained_variance   | 0.191       |
|    learning_rate        | 0.0003      |
|    loss                 | -0.0169     |
|    n_updates            | 2670        |
|    policy_gradient_loss | -0.00575    |
|    value_loss           | 0.00362     |
-----------------------------------------
-----------------------------------------
| rollout/                |             |
|    ep_len_mean          | 32.5        |
|    ep_rew_mean          | -30.1       |
| time/                   |             |
|    fps                  | 1846        |
|    iterations           | 269         |
|    time_elapsed         | 1193        |
|    total_timesteps      | 2203648     |
| train/                  |             |
|    approx_kl            | 0.010845818 |
|    clip_fraction        | 0.0683      |
|    clip_range           | 0.2         |
|    entropy_loss         | -0.257      |
|    explained_variance   | 0.676       |
|    learning_rate        | 0.0003      |
|    loss                 | -0.00119    |
|    n_updates            | 2680        |
|    policy_gradient_loss | -0.000178   |
|    value_loss           | 3.86e-05    |
-----------------------------------------
-----------------------------------------
| rollout/                |             |
|    ep_len_mean          | 32.4        |
|    ep_rew_mean          | -34.6       |
| time/                   |             |
|    fps                  | 1835        |
|    iterations           | 270         |
|    time_elapsed         | 1205        |
|    total_timesteps      | 2211840     |
| train/                  |             |
|    approx_kl            | 0.008181857 |
|    clip_fraction        | 0.0643      |
|    clip_range           | 0.2         |
|    entropy_loss         | -0.25       |
|    explained_variance   | 0.952       |
|    learning_rate        | 0.0003      |
|    loss                 | -0.00529    |
|    n_updates            | 2690        |
|    policy_gradient_loss | -0.00479    |
|    value_loss           | 1.35e-05    |
-----------------------------------------
-----------------------------------------
| rollout/                |             |
|    ep_len_mean          | 32.9        |
|    ep_rew_mean          | -30.4       |
| time/                   |             |
|    fps                  | 1824        |
|    iterations           | 271         |
|    time_elapsed         | 1216        |
|    total_timesteps      | 2220032     |
| train/                  |             |
|    approx_kl            | 0.011379479 |
|    clip_fraction        | 0.0674      |
|    clip_range           | 0.2         |
|    entropy_loss         | -0.265      |
|    explained_variance   | 0.263       |
|    learning_rate        | 0.0003      |
|    loss                 | -0.0147     |
|    n_updates            | 2700        |
|    policy_gradient_loss | -0.00471    |
|    value_loss           | 0.00235     |
-----------------------------------------
---------------------------------------
| rollout/                |           |
|    ep_len_mean          | 32.4      |
|    ep_rew_mean          | -29.9     |
| time/                   |           |
|    fps                  | 1813      |
|    iterations           | 272       |
|    time_elapsed         | 1228      |
|    total_timesteps      | 2228224   |
| train/                  |           |
|    approx_kl            | 0.0073984 |
|    clip_fraction        | 0.0777    |
|    clip_range           | 0.2       |
|    entropy_loss         | -0.266    |
|    explained_variance   | 0.937     |
|    learning_rate        | 0.0003    |
|    loss                 | -0.00809  |
|    n_updates            | 2710      |
|    policy_gradient_loss | -0.0032   |
|    value_loss           | 1.61e-05  |
---------------------------------------
----------------------------------------
| rollout/                |            |
|    ep_len_mean          | 33.2       |
|    ep_rew_mean          | -37.8      |
| time/                   |            |
|    fps                  | 1803       |
|    iterations           | 273        |
|    time_elapsed         | 1240       |
|    total_timesteps      | 2236416    |
| train/                  |            |
|    approx_kl            | 0.00717148 |
|    clip_fraction        | 0.0669     |
|    clip_range           | 0.2        |
|    entropy_loss         | -0.242     |
|    explained_variance   | 0.621      |
|    learning_rate        | 0.0003     |
|    loss                 | -0.011     |
|    n_updates            | 2720       |
|    policy_gradient_loss | -0.00299   |
|    value_loss           | 0.000477   |
----------------------------------------
-----------------------------------------
| rollout/                |             |
|    ep_len_mean          | 33          |
|    ep_rew_mean          | -38.4       |
| time/                   |             |
|    fps                  | 1793        |
|    iterations           | 274         |
|    time_elapsed         | 1251        |
|    total_timesteps      | 2244608     |
| train/                  |             |
|    approx_kl            | 0.013882174 |
|    clip_fraction        | 0.0694      |
|    clip_range           | 0.2         |
|    entropy_loss         | -0.264      |
|    explained_variance   | 0.0837      |
|    learning_rate        | 0.0003      |
|    loss                 | -0.00944    |
|    n_updates            | 2730        |
|    policy_gradient_loss | -0.00867    |
|    value_loss           | 0.0129      |
-----------------------------------------
----------------------------------------
| rollout/                |            |
|    ep_len_mean          | 32.3       |
|    ep_rew_mean          | -32        |
| time/                   |            |
|    fps                  | 1782       |
|    iterations           | 275        |
|    time_elapsed         | 1263       |
|    total_timesteps      | 2252800    |
| train/                  |            |
|    approx_kl            | 0.00697847 |
|    clip_fraction        | 0.0629     |
|    clip_range           | 0.2        |
|    entropy_loss         | -0.253     |
|    explained_variance   | 0.263      |
|    learning_rate        | 0.0003     |
|    loss                 | -0.00501   |
|    n_updates            | 2740       |
|    policy_gradient_loss | -0.00377   |
|    value_loss           | 0.00309    |
----------------------------------------
-----------------------------------------
| rollout/                |             |
|    ep_len_mean          | 33.4        |
|    ep_rew_mean          | -35.1       |
| time/                   |             |
|    fps                  | 1772        |
|    iterations           | 276         |
|    time_elapsed         | 1275        |
|    total_timesteps      | 2260992     |
| train/                  |             |
|    approx_kl            | 0.007948671 |
|    clip_fraction        | 0.057       |
|    clip_range           | 0.2         |
|    entropy_loss         | -0.257      |
|    explained_variance   | 0.456       |
|    learning_rate        | 0.0003      |
|    loss                 | -0.00112    |
|    n_updates            | 2750        |
|    policy_gradient_loss | -0.00258    |
|    value_loss           | 0.000624    |
-----------------------------------------
----------------------------------------
| rollout/                |            |
|    ep_len_mean          | 32         |
|    ep_rew_mean          | -29.5      |
| time/                   |            |
|    fps                  | 1762       |
|    iterations           | 277        |
|    time_elapsed         | 1287       |
|    total_timesteps      | 2269184    |
| train/                  |            |
|    approx_kl            | 0.01016091 |
|    clip_fraction        | 0.0776     |
|    clip_range           | 0.2        |
|    entropy_loss         | -0.289     |
|    explained_variance   | 0.393      |
|    learning_rate        | 0.0003     |
|    loss                 | -0.00339   |
|    n_updates            | 2760       |
|    policy_gradient_loss | -0.00609   |
|    value_loss           | 0.00136    |
----------------------------------------
------------------------------------------
| rollout/                |              |
|    ep_len_mean          | 32.8         |
|    ep_rew_mean          | -30.3        |
| time/                   |              |
|    fps                  | 1752         |
|    iterations           | 278          |
|    time_elapsed         | 1299         |
|    total_timesteps      | 2277376      |
| train/                  |              |
|    approx_kl            | 0.0067077978 |
|    clip_fraction        | 0.0666       |
|    clip_range           | 0.2          |
|    entropy_loss         | -0.244       |
|    explained_variance   | 0.549        |
|    learning_rate        | 0.0003       |
|    loss                 | -0.00725     |
|    n_updates            | 2770         |
|    policy_gradient_loss | -0.00292     |
|    value_loss           | 0.000656     |
------------------------------------------
------------------------------------------
| rollout/                |              |
|    ep_len_mean          | 32.1         |
|    ep_rew_mean          | -32          |
| time/                   |              |
|    fps                  | 1743         |
|    iterations           | 279          |
|    time_elapsed         | 1310         |
|    total_timesteps      | 2285568      |
| train/                  |              |
|    approx_kl            | 0.0047853095 |
|    clip_fraction        | 0.0515       |
|    clip_range           | 0.2          |
|    entropy_loss         | -0.222       |
|    explained_variance   | 0.973        |
|    learning_rate        | 0.0003       |
|    loss                 | 0.00529      |
|    n_updates            | 2780         |
|    policy_gradient_loss | -0.00288     |
|    value_loss           | 1.19e-05     |
------------------------------------------
-----------------------------------------
| rollout/                |             |
|    ep_len_mean          | 31.9        |
|    ep_rew_mean          | -29.4       |
| time/                   |             |
|    fps                  | 1733        |
|    iterations           | 280         |
|    time_elapsed         | 1322        |
|    total_timesteps      | 2293760     |
| train/                  |             |
|    approx_kl            | 0.009961508 |
|    clip_fraction        | 0.064       |
|    clip_range           | 0.2         |
|    entropy_loss         | -0.247      |
|    explained_variance   | 0.286       |
|    learning_rate        | 0.0003      |
|    loss                 | -0.00743    |
|    n_updates            | 2790        |
|    policy_gradient_loss | -0.00374    |
|    value_loss           | 0.00235     |
-----------------------------------------
-----------------------------------------
| rollout/                |             |
|    ep_len_mean          | 32.5        |
|    ep_rew_mean          | -32.4       |
| time/                   |             |
|    fps                  | 1724        |
|    iterations           | 281         |
|    time_elapsed         | 1334        |
|    total_timesteps      | 2301952     |
| train/                  |             |
|    approx_kl            | 0.008743687 |
|    clip_fraction        | 0.0606      |
|    clip_range           | 0.2         |
|    entropy_loss         | -0.215      |
|    explained_variance   | 0.443       |
|    learning_rate        | 0.0003      |
|    loss                 | 0.00353     |
|    n_updates            | 2800        |
|    policy_gradient_loss | -0.000672   |
|    value_loss           | 0.00109     |
-----------------------------------------
------------------------------------------
| rollout/                |              |
|    ep_len_mean          | 31.6         |
|    ep_rew_mean          | -29.1        |
| time/                   |              |
|    fps                  | 1715         |
|    iterations           | 282          |
|    time_elapsed         | 1346         |
|    total_timesteps      | 2310144      |
| train/                  |              |
|    approx_kl            | 0.0059370827 |
|    clip_fraction        | 0.0755       |
|    clip_range           | 0.2          |
|    entropy_loss         | -0.254       |
|    explained_variance   | 0.109        |
|    learning_rate        | 0.0003       |
|    loss                 | -0.0035      |
|    n_updates            | 2810         |
|    policy_gradient_loss | -0.00353     |
|    value_loss           | 0.0085       |
------------------------------------------
-----------------------------------------
| rollout/                |             |
|    ep_len_mean          | 32.5        |
|    ep_rew_mean          | -32.5       |
| time/                   |             |
|    fps                  | 1707        |
|    iterations           | 283         |
|    time_elapsed         | 1357        |
|    total_timesteps      | 2318336     |
| train/                  |             |
|    approx_kl            | 0.014286946 |
|    clip_fraction        | 0.0671      |
|    clip_range           | 0.2         |
|    entropy_loss         | -0.254      |
|    explained_variance   | 0.848       |
|    learning_rate        | 0.0003      |
|    loss                 | 0.00319     |
|    n_updates            | 2820        |
|    policy_gradient_loss | -0.0024     |
|    value_loss           | 3.17e-05    |
-----------------------------------------
-----------------------------------------
| rollout/                |             |
|    ep_len_mean          | 31.9        |
|    ep_rew_mean          | -33.8       |
| time/                   |             |
|    fps                  | 1698        |
|    iterations           | 284         |
|    time_elapsed         | 1369        |
|    total_timesteps      | 2326528     |
| train/                  |             |
|    approx_kl            | 0.008356176 |
|    clip_fraction        | 0.0652      |
|    clip_range           | 0.2         |
|    entropy_loss         | -0.254      |
|    explained_variance   | 0.397       |
|    learning_rate        | 0.0003      |
|    loss                 | -0.00784    |
|    n_updates            | 2830        |
|    policy_gradient_loss | -0.00145    |
|    value_loss           | 0.0013      |
-----------------------------------------
------------------------------------------
| rollout/                |              |
|    ep_len_mean          | 32.7         |
|    ep_rew_mean          | -30.3        |
| time/                   |              |
|    fps                  | 1690         |
|    iterations           | 285          |
|    time_elapsed         | 1381         |
|    total_timesteps      | 2334720      |
| train/                  |              |
|    approx_kl            | 0.0059268093 |
|    clip_fraction        | 0.0687       |
|    clip_range           | 0.2          |
|    entropy_loss         | -0.245       |
|    explained_variance   | 0.41         |
|    learning_rate        | 0.0003       |
|    loss                 | -0.00442     |
|    n_updates            | 2840         |
|    policy_gradient_loss | -0.00286     |
|    value_loss           | 0.00133      |
------------------------------------------
-----------------------------------------
| rollout/                |             |
|    ep_len_mean          | 31.8        |
|    ep_rew_mean          | -29.4       |
| time/                   |             |
|    fps                  | 1682        |
|    iterations           | 286         |
|    time_elapsed         | 1392        |
|    total_timesteps      | 2342912     |
| train/                  |             |
|    approx_kl            | 0.015056521 |
|    clip_fraction        | 0.0735      |
|    clip_range           | 0.2         |
|    entropy_loss         | -0.223      |
|    explained_variance   | 0.938       |
|    learning_rate        | 0.0003      |
|    loss                 | -0.0106     |
|    n_updates            | 2850        |
|    policy_gradient_loss | -0.00615    |
|    value_loss           | 2.02e-05    |
-----------------------------------------
-----------------------------------------
| rollout/                |             |
|    ep_len_mean          | 32.5        |
|    ep_rew_mean          | -30         |
| time/                   |             |
|    fps                  | 1674        |
|    iterations           | 287         |
|    time_elapsed         | 1404        |
|    total_timesteps      | 2351104     |
| train/                  |             |
|    approx_kl            | 0.010759119 |
|    clip_fraction        | 0.0615      |
|    clip_range           | 0.2         |
|    entropy_loss         | -0.215      |
|    explained_variance   | 0.184       |
|    learning_rate        | 0.0003      |
|    loss                 | -0.0153     |
|    n_updates            | 2860        |
|    policy_gradient_loss | -0.00698    |
|    value_loss           | 0.00436     |
-----------------------------------------
------------------------------------------
| rollout/                |              |
|    ep_len_mean          | 31.7         |
|    ep_rew_mean          | -29.3        |
| time/                   |              |
|    fps                  | 1666         |
|    iterations           | 288          |
|    time_elapsed         | 1415         |
|    total_timesteps      | 2359296      |
| train/                  |              |
|    approx_kl            | 0.0123419175 |
|    clip_fraction        | 0.0617       |
|    clip_range           | 0.2          |
|    entropy_loss         | -0.232       |
|    explained_variance   | 0.33         |
|    learning_rate        | 0.0003       |
|    loss                 | -0.0108      |
|    n_updates            | 2870         |
|    policy_gradient_loss | -0.00466     |
|    value_loss           | 0.00167      |
------------------------------------------
-----------------------------------------
| rollout/                |             |
|    ep_len_mean          | 32.6        |
|    ep_rew_mean          | -34.9       |
| time/                   |             |
|    fps                  | 1658        |
|    iterations           | 289         |
|    time_elapsed         | 1427        |
|    total_timesteps      | 2367488     |
| train/                  |             |
|    approx_kl            | 0.009522354 |
|    clip_fraction        | 0.0494      |
|    clip_range           | 0.2         |
|    entropy_loss         | -0.213      |
|    explained_variance   | 0.553       |
|    learning_rate        | 0.0003      |
|    loss                 | -0.00176    |
|    n_updates            | 2880        |
|    policy_gradient_loss | -0.0012     |
|    value_loss           | 0.000684    |
-----------------------------------------
-----------------------------------------
| rollout/                |             |
|    ep_len_mean          | 32.4        |
|    ep_rew_mean          | -30         |
| time/                   |             |
|    fps                  | 1650        |
|    iterations           | 290         |
|    time_elapsed         | 1439        |
|    total_timesteps      | 2375680     |
| train/                  |             |
|    approx_kl            | 0.015344989 |
|    clip_fraction        | 0.0694      |
|    clip_range           | 0.2         |
|    entropy_loss         | -0.253      |
|    explained_variance   | 0.269       |
|    learning_rate        | 0.0003      |
|    loss                 | -0.0129     |
|    n_updates            | 2890        |
|    policy_gradient_loss | -0.00386    |
|    value_loss           | 0.00271     |
-----------------------------------------
-----------------------------------------
| rollout/                |             |
|    ep_len_mean          | 32.2        |
|    ep_rew_mean          | -30.9       |
| time/                   |             |
|    fps                  | 1642        |
|    iterations           | 291         |
|    time_elapsed         | 1451        |
|    total_timesteps      | 2383872     |
| train/                  |             |
|    approx_kl            | 0.006828787 |
|    clip_fraction        | 0.056       |
|    clip_range           | 0.2         |
|    entropy_loss         | -0.219      |
|    explained_variance   | 0.926       |
|    learning_rate        | 0.0003      |
|    loss                 | -0.0155     |
|    n_updates            | 2900        |
|    policy_gradient_loss | -0.00342    |
|    value_loss           | 1.9e-05     |
-----------------------------------------
------------------------------------------
| rollout/                |              |
|    ep_len_mean          | 32.2         |
|    ep_rew_mean          | -29.7        |
| time/                   |              |
|    fps                  | 1635         |
|    iterations           | 292          |
|    time_elapsed         | 1463         |
|    total_timesteps      | 2392064      |
| train/                  |              |
|    approx_kl            | 0.0060858093 |
|    clip_fraction        | 0.0552       |
|    clip_range           | 0.2          |
|    entropy_loss         | -0.224       |
|    explained_variance   | 0.826        |
|    learning_rate        | 0.0003       |
|    loss                 | -0.00514     |
|    n_updates            | 2910         |
|    policy_gradient_loss | -0.0028      |
|    value_loss           | 0.000161     |
------------------------------------------
------------------------------------------
| rollout/                |              |
|    ep_len_mean          | 32.6         |
|    ep_rew_mean          | -37.1        |
| time/                   |              |
|    fps                  | 1627         |
|    iterations           | 293          |
|    time_elapsed         | 1474         |
|    total_timesteps      | 2400256      |
| train/                  |              |
|    approx_kl            | 0.0070457705 |
|    clip_fraction        | 0.0538       |
|    clip_range           | 0.2          |
|    entropy_loss         | -0.219       |
|    explained_variance   | 0.25         |
|    learning_rate        | 0.0003       |
|    loss                 | 0.0522       |
|    n_updates            | 2920         |
|    policy_gradient_loss | -0.00537     |
|    value_loss           | 0.00283      |
------------------------------------------
-----------------------------------------
| rollout/                |             |
|    ep_len_mean          | 32.6        |
|    ep_rew_mean          | -32.5       |
| time/                   |             |
|    fps                  | 1620        |
|    iterations           | 294         |
|    time_elapsed         | 1486        |
|    total_timesteps      | 2408448     |
| train/                  |             |
|    approx_kl            | 0.009169547 |
|    clip_fraction        | 0.0528      |
|    clip_range           | 0.2         |
|    entropy_loss         | -0.237      |
|    explained_variance   | 0.178       |
|    learning_rate        | 0.0003      |
|    loss                 | -0.00487    |
|    n_updates            | 2930        |
|    policy_gradient_loss | -0.00496    |
|    value_loss           | 0.00661     |
-----------------------------------------
------------------------------------------
| rollout/                |              |
|    ep_len_mean          | 31.8         |
|    ep_rew_mean          | -29.4        |
| time/                   |              |
|    fps                  | 1613         |
|    iterations           | 295          |
|    time_elapsed         | 1498         |
|    total_timesteps      | 2416640      |
| train/                  |              |
|    approx_kl            | 0.0034514575 |
|    clip_fraction        | 0.0434       |
|    clip_range           | 0.2          |
|    entropy_loss         | -0.226       |
|    explained_variance   | 0.394        |
|    learning_rate        | 0.0003       |
|    loss                 | -0.00512     |
|    n_updates            | 2940         |
|    policy_gradient_loss | -0.00201     |
|    value_loss           | 0.00167      |
------------------------------------------
-----------------------------------------
| rollout/                |             |
|    ep_len_mean          | 31.6        |
|    ep_rew_mean          | -36.2       |
| time/                   |             |
|    fps                  | 1606        |
|    iterations           | 296         |
|    time_elapsed         | 1509        |
|    total_timesteps      | 2424832     |
| train/                  |             |
|    approx_kl            | 0.010069888 |
|    clip_fraction        | 0.0509      |
|    clip_range           | 0.2         |
|    entropy_loss         | -0.216      |
|    explained_variance   | 0.508       |
|    learning_rate        | 0.0003      |
|    loss                 | -0.00639    |
|    n_updates            | 2950        |
|    policy_gradient_loss | -0.00205    |
|    value_loss           | 0.000703    |
-----------------------------------------
-----------------------------------------
| rollout/                |             |
|    ep_len_mean          | 32.8        |
|    ep_rew_mean          | -30.3       |
| time/                   |             |
|    fps                  | 1599        |
|    iterations           | 297         |
|    time_elapsed         | 1521        |
|    total_timesteps      | 2433024     |
| train/                  |             |
|    approx_kl            | 0.006513194 |
|    clip_fraction        | 0.0519      |
|    clip_range           | 0.2         |
|    entropy_loss         | -0.227      |
|    explained_variance   | 0.213       |
|    learning_rate        | 0.0003      |
|    loss                 | -0.00162    |
|    n_updates            | 2960        |
|    policy_gradient_loss | -0.00232    |
|    value_loss           | 0.0038      |
-----------------------------------------
------------------------------------------
| rollout/                |              |
|    ep_len_mean          | 32.3         |
|    ep_rew_mean          | -34.5        |
| time/                   |              |
|    fps                  | 1592         |
|    iterations           | 298          |
|    time_elapsed         | 1533         |
|    total_timesteps      | 2441216      |
| train/                  |              |
|    approx_kl            | 0.0049945046 |
|    clip_fraction        | 0.0495       |
|    clip_range           | 0.2          |
|    entropy_loss         | -0.24        |
|    explained_variance   | 0.557        |
|    learning_rate        | 0.0003       |
|    loss                 | 0.00731      |
|    n_updates            | 2970         |
|    policy_gradient_loss | -0.000164    |
|    value_loss           | 0.000703     |
------------------------------------------
-----------------------------------------
| rollout/                |             |
|    ep_len_mean          | 32.4        |
|    ep_rew_mean          | -29.9       |
| time/                   |             |
|    fps                  | 1584        |
|    iterations           | 299         |
|    time_elapsed         | 1545        |
|    total_timesteps      | 2449408     |
| train/                  |             |
|    approx_kl            | 0.009930436 |
|    clip_fraction        | 0.0609      |
|    clip_range           | 0.2         |
|    entropy_loss         | -0.235      |
|    explained_variance   | 0.213       |
|    learning_rate        | 0.0003      |
|    loss                 | -0.00832    |
|    n_updates            | 2980        |
|    policy_gradient_loss | -0.00276    |
|    value_loss           | 0.00391     |
-----------------------------------------
-----------------------------------------
| rollout/                |             |
|    ep_len_mean          | 32.9        |
|    ep_rew_mean          | -30.4       |
| time/                   |             |
|    fps                  | 1578        |
|    iterations           | 300         |
|    time_elapsed         | 1557        |
|    total_timesteps      | 2457600     |
| train/                  |             |
|    approx_kl            | 0.021899369 |
|    clip_fraction        | 0.104       |
|    clip_range           | 0.2         |
|    entropy_loss         | -0.254      |
|    explained_variance   | 0.129       |
|    learning_rate        | 0.0003      |
|    loss                 | -0.00541    |
|    n_updates            | 2990        |
|    policy_gradient_loss | -0.00606    |
|    value_loss           | 0.00627     |
-----------------------------------------
----------------------------------------
| rollout/                |            |
|    ep_len_mean          | 50.2       |
|    ep_rew_mean          | -53.2      |
| time/                   |            |
|    fps                  | 1579       |
|    iterations           | 301        |
|    time_elapsed         | 1561       |
|    total_timesteps      | 2465792    |
| train/                  |            |
|    approx_kl            | 0.07200573 |
|    clip_fraction        | 0.11       |
|    clip_range           | 0.2        |
|    entropy_loss         | -0.287     |
|    explained_variance   | 0.919      |
|    learning_rate        | 0.0003     |
|    loss                 | -0.0183    |
|    n_updates            | 3000       |
|    policy_gradient_loss | -0.00869   |
|    value_loss           | 2.65e-05   |
----------------------------------------
----------------------------------------
| rollout/                |            |
|    ep_len_mean          | 111        |
|    ep_rew_mean          | -162       |
| time/                   |            |
|    fps                  | 1579       |
|    iterations           | 302        |
|    time_elapsed         | 1565       |
|    total_timesteps      | 2473984    |
| train/                  |            |
|    approx_kl            | 0.03244818 |
|    clip_fraction        | 0.125      |
|    clip_range           | 0.2        |
|    entropy_loss         | -0.665     |
|    explained_variance   | 0.0429     |
|    learning_rate        | 0.0003     |
|    loss                 | -0.00399   |
|    n_updates            | 3010       |
|    policy_gradient_loss | -0.0144    |
|    value_loss           | 0.0268     |
----------------------------------------
----------------------------------------
| rollout/                |            |
|    ep_len_mean          | 118        |
|    ep_rew_mean          | -120       |
| time/                   |            |
|    fps                  | 1581       |
|    iterations           | 303        |
|    time_elapsed         | 1569       |
|    total_timesteps      | 2482176    |
| train/                  |            |
|    approx_kl            | 0.04962092 |
|    clip_fraction        | 0.0962     |
|    clip_range           | 0.2        |
|    entropy_loss         | -0.723     |
|    explained_variance   | 0.772      |
|    learning_rate        | 0.0003     |
|    loss                 | -0.0268    |
|    n_updates            | 3020       |
|    policy_gradient_loss | -0.00442   |
|    value_loss           | 0.000285   |
----------------------------------------
-----------------------------------------
| rollout/                |             |
|    ep_len_mean          | 118         |
|    ep_rew_mean          | -115        |
| time/                   |             |
|    fps                  | 1582        |
|    iterations           | 304         |
|    time_elapsed         | 1573        |
|    total_timesteps      | 2490368     |
| train/                  |             |
|    approx_kl            | 0.019441908 |
|    clip_fraction        | 0.171       |
|    clip_range           | 0.2         |
|    entropy_loss         | -0.907      |
|    explained_variance   | 0.941       |
|    learning_rate        | 0.0003      |
|    loss                 | 0.000934    |
|    n_updates            | 3030        |
|    policy_gradient_loss | -0.00329    |
|    value_loss           | 6.23e-05    |
-----------------------------------------
------------------------------------------
| rollout/                |              |
|    ep_len_mean          | 108          |
|    ep_rew_mean          | -106         |
| time/                   |              |
|    fps                  | 1583         |
|    iterations           | 305          |
|    time_elapsed         | 1577         |
|    total_timesteps      | 2498560      |
| train/                  |              |
|    approx_kl            | 0.0076942723 |
|    clip_fraction        | 0.156        |
|    clip_range           | 0.2          |
|    entropy_loss         | -0.839       |
|    explained_variance   | 0.957        |
|    learning_rate        | 0.0003       |
|    loss                 | -0.0209      |
|    n_updates            | 3040         |
|    policy_gradient_loss | -0.00417     |
|    value_loss           | 0.00017      |
------------------------------------------
-----------------------------------------
| rollout/                |             |
|    ep_len_mean          | 107         |
|    ep_rew_mean          | -104        |
| time/                   |             |
|    fps                  | 1583        |
|    iterations           | 306         |
|    time_elapsed         | 1582        |
|    total_timesteps      | 2506752     |
| train/                  |             |
|    approx_kl            | 0.007972771 |
|    clip_fraction        | 0.116       |
|    clip_range           | 0.2         |
|    entropy_loss         | -0.84       |
|    explained_variance   | 0.988       |
|    learning_rate        | 0.0003      |
|    loss                 | -0.00844    |
|    n_updates            | 3050        |
|    policy_gradient_loss | -0.00088    |
|    value_loss           | 2.94e-05    |
-----------------------------------------
-----------------------------------------
| rollout/                |             |
|    ep_len_mean          | 107         |
|    ep_rew_mean          | -108        |
| time/                   |             |
|    fps                  | 1585        |
|    iterations           | 307         |
|    time_elapsed         | 1586        |
|    total_timesteps      | 2514944     |
| train/                  |             |
|    approx_kl            | 0.011572833 |
|    clip_fraction        | 0.143       |
|    clip_range           | 0.2         |
|    entropy_loss         | -0.809      |
|    explained_variance   | 0.981       |
|    learning_rate        | 0.0003      |
|    loss                 | -0.0165     |
|    n_updates            | 3060        |
|    policy_gradient_loss | -0.00571    |
|    value_loss           | 0.000115    |
-----------------------------------------
-----------------------------------------
| rollout/                |             |
|    ep_len_mean          | 42.7        |
|    ep_rew_mean          | -44         |
| time/                   |             |
|    fps                  | 1582        |
|    iterations           | 308         |
|    time_elapsed         | 1594        |
|    total_timesteps      | 2523136     |
| train/                  |             |
|    approx_kl            | 0.011485645 |
|    clip_fraction        | 0.177       |
|    clip_range           | 0.2         |
|    entropy_loss         | -0.854      |
|    explained_variance   | 0.806       |
|    learning_rate        | 0.0003      |
|    loss                 | -0.0168     |
|    n_updates            | 3070        |
|    policy_gradient_loss | -0.00965    |
|    value_loss           | 0.00202     |
-----------------------------------------
----------------------------------------
| rollout/                |            |
|    ep_len_mean          | 35.2       |
|    ep_rew_mean          | -37        |
| time/                   |            |
|    fps                  | 1577       |
|    iterations           | 309        |
|    time_elapsed         | 1605       |
|    total_timesteps      | 2531328    |
| train/                  |            |
|    approx_kl            | 0.01916736 |
|    clip_fraction        | 0.136      |
|    clip_range           | 0.2        |
|    entropy_loss         | -0.531     |
|    explained_variance   | 0.711      |
|    learning_rate        | 0.0003     |
|    loss                 | -0.0205    |
|    n_updates            | 3080       |
|    policy_gradient_loss | -0.0114    |
|    value_loss           | 0.00386    |
----------------------------------------
-----------------------------------------
| rollout/                |             |
|    ep_len_mean          | 34.8        |
|    ep_rew_mean          | -32.3       |
| time/                   |             |
|    fps                  | 1571        |
|    iterations           | 310         |
|    time_elapsed         | 1615        |
|    total_timesteps      | 2539520     |
| train/                  |             |
|    approx_kl            | 0.015190516 |
|    clip_fraction        | 0.12        |
|    clip_range           | 0.2         |
|    entropy_loss         | -0.347      |
|    explained_variance   | 0.479       |
|    learning_rate        | 0.0003      |
|    loss                 | -0.0138     |
|    n_updates            | 3090        |
|    policy_gradient_loss | -0.0111     |
|    value_loss           | 0.00348     |
-----------------------------------------
----------------------------------------
| rollout/                |            |
|    ep_len_mean          | 33.3       |
|    ep_rew_mean          | -30.8      |
| time/                   |            |
|    fps                  | 1565       |
|    iterations           | 311        |
|    time_elapsed         | 1627       |
|    total_timesteps      | 2547712    |
| train/                  |            |
|    approx_kl            | 0.01258322 |
|    clip_fraction        | 0.0965     |
|    clip_range           | 0.2        |
|    entropy_loss         | -0.328     |
|    explained_variance   | 0.492      |
|    learning_rate        | 0.0003     |
|    loss                 | 0.00362    |
|    n_updates            | 3100       |
|    policy_gradient_loss | -0.00762   |
|    value_loss           | 0.000971   |
----------------------------------------
------------------------------------------
| rollout/                |              |
|    ep_len_mean          | 33           |
|    ep_rew_mean          | -30.6        |
| time/                   |              |
|    fps                  | 1559         |
|    iterations           | 312          |
|    time_elapsed         | 1638         |
|    total_timesteps      | 2555904      |
| train/                  |              |
|    approx_kl            | 0.0070618954 |
|    clip_fraction        | 0.0738       |
|    clip_range           | 0.2          |
|    entropy_loss         | -0.301       |
|    explained_variance   | 0.754        |
|    learning_rate        | 0.0003       |
|    loss                 | -0.0177      |
|    n_updates            | 3110         |
|    policy_gradient_loss | -0.00703     |
|    value_loss           | 0.000144     |
------------------------------------------
-----------------------------------------
| rollout/                |             |
|    ep_len_mean          | 32.8        |
|    ep_rew_mean          | -30.3       |
| time/                   |             |
|    fps                  | 1554        |
|    iterations           | 313         |
|    time_elapsed         | 1649        |
|    total_timesteps      | 2564096     |
| train/                  |             |
|    approx_kl            | 0.009580793 |
|    clip_fraction        | 0.0741      |
|    clip_range           | 0.2         |
|    entropy_loss         | -0.259      |
|    explained_variance   | 0.61        |
|    learning_rate        | 0.0003      |
|    loss                 | -0.00256    |
|    n_updates            | 3120        |
|    policy_gradient_loss | -0.00474    |
|    value_loss           | 0.000574    |
-----------------------------------------
-----------------------------------------
| rollout/                |             |
|    ep_len_mean          | 32.4        |
|    ep_rew_mean          | -30         |
| time/                   |             |
|    fps                  | 1548        |
|    iterations           | 314         |
|    time_elapsed         | 1661        |
|    total_timesteps      | 2572288     |
| train/                  |             |
|    approx_kl            | 0.010378609 |
|    clip_fraction        | 0.0654      |
|    clip_range           | 0.2         |
|    entropy_loss         | -0.231      |
|    explained_variance   | 0.98        |
|    learning_rate        | 0.0003      |
|    loss                 | -0.017      |
|    n_updates            | 3130        |
|    policy_gradient_loss | -0.00648    |
|    value_loss           | 1.25e-05    |
-----------------------------------------
------------------------------------------
| rollout/                |              |
|    ep_len_mean          | 32.5         |
|    ep_rew_mean          | -32.4        |
| time/                   |              |
|    fps                  | 1542         |
|    iterations           | 315          |
|    time_elapsed         | 1673         |
|    total_timesteps      | 2580480      |
| train/                  |              |
|    approx_kl            | 0.0072100405 |
|    clip_fraction        | 0.0673       |
|    clip_range           | 0.2          |
|    entropy_loss         | -0.215       |
|    explained_variance   | 0.578        |
|    learning_rate        | 0.0003       |
|    loss                 | -0.00173     |
|    n_updates            | 3140         |
|    policy_gradient_loss | -0.00256     |
|    value_loss           | 0.000643     |
------------------------------------------
-----------------------------------------
| rollout/                |             |
|    ep_len_mean          | 32.1        |
|    ep_rew_mean          | -30.8       |
| time/                   |             |
|    fps                  | 1536        |
|    iterations           | 316         |
|    time_elapsed         | 1684        |
|    total_timesteps      | 2588672     |
| train/                  |             |
|    approx_kl            | 0.010002217 |
|    clip_fraction        | 0.0722      |
|    clip_range           | 0.2         |
|    entropy_loss         | -0.22       |
|    explained_variance   | 0.604       |
|    learning_rate        | 0.0003      |
|    loss                 | -0.0101     |
|    n_updates            | 3150        |
|    policy_gradient_loss | -0.000601   |
|    value_loss           | 0.0006      |
-----------------------------------------
-----------------------------------------
| rollout/                |             |
|    ep_len_mean          | 32.5        |
|    ep_rew_mean          | -30.1       |
| time/                   |             |
|    fps                  | 1530        |
|    iterations           | 317         |
|    time_elapsed         | 1696        |
|    total_timesteps      | 2596864     |
| train/                  |             |
|    approx_kl            | 0.012376461 |
|    clip_fraction        | 0.0827      |
|    clip_range           | 0.2         |
|    entropy_loss         | -0.237      |
|    explained_variance   | 0.465       |
|    learning_rate        | 0.0003      |
|    loss                 | -0.00798    |
|    n_updates            | 3160        |
|    policy_gradient_loss | -0.00643    |
|    value_loss           | 0.00123     |
-----------------------------------------
-----------------------------------------
| rollout/                |             |
|    ep_len_mean          | 31.2        |
|    ep_rew_mean          | -28.8       |
| time/                   |             |
|    fps                  | 1525        |
|    iterations           | 318         |
|    time_elapsed         | 1708        |
|    total_timesteps      | 2605056     |
| train/                  |             |
|    approx_kl            | 0.006982363 |
|    clip_fraction        | 0.0618      |
|    clip_range           | 0.2         |
|    entropy_loss         | -0.224      |
|    explained_variance   | 0.867       |
|    learning_rate        | 0.0003      |
|    loss                 | -0.00946    |
|    n_updates            | 3170        |
|    policy_gradient_loss | -0.0033     |
|    value_loss           | 0.000103    |
-----------------------------------------
-----------------------------------------
| rollout/                |             |
|    ep_len_mean          | 32.5        |
|    ep_rew_mean          | -31.2       |
| time/                   |             |
|    fps                  | 1519        |
|    iterations           | 319         |
|    time_elapsed         | 1719        |
|    total_timesteps      | 2613248     |
| train/                  |             |
|    approx_kl            | 0.009966134 |
|    clip_fraction        | 0.0621      |
|    clip_range           | 0.2         |
|    entropy_loss         | -0.201      |
|    explained_variance   | 0.98        |
|    learning_rate        | 0.0003      |
|    loss                 | -0.0102     |
|    n_updates            | 3180        |
|    policy_gradient_loss | -0.0063     |
|    value_loss           | 1.39e-05    |
-----------------------------------------
-----------------------------------------
| rollout/                |             |
|    ep_len_mean          | 31.8        |
|    ep_rew_mean          | -34         |
| time/                   |             |
|    fps                  | 1514        |
|    iterations           | 320         |
|    time_elapsed         | 1731        |
|    total_timesteps      | 2621440     |
| train/                  |             |
|    approx_kl            | 0.006186292 |
|    clip_fraction        | 0.0541      |
|    clip_range           | 0.2         |
|    entropy_loss         | -0.215      |
|    explained_variance   | 0.498       |
|    learning_rate        | 0.0003      |
|    loss                 | 0.000905    |
|    n_updates            | 3190        |
|    policy_gradient_loss | -0.00224    |
|    value_loss           | 0.000922    |
-----------------------------------------
------------------------------------------
| rollout/                |              |
|    ep_len_mean          | 31.6         |
|    ep_rew_mean          | -33.9        |
| time/                   |              |
|    fps                  | 1508         |
|    iterations           | 321          |
|    time_elapsed         | 1743         |
|    total_timesteps      | 2629632      |
| train/                  |              |
|    approx_kl            | 0.0069573303 |
|    clip_fraction        | 0.042        |
|    clip_range           | 0.2          |
|    entropy_loss         | -0.22        |
|    explained_variance   | 0.145        |
|    learning_rate        | 0.0003       |
|    loss                 | -0.0114      |
|    n_updates            | 3200         |
|    policy_gradient_loss | -0.00266     |
|    value_loss           | 0.00599      |
------------------------------------------
-----------------------------------------
| rollout/                |             |
|    ep_len_mean          | 32.8        |
|    ep_rew_mean          | -30.3       |
| time/                   |             |
|    fps                  | 1503        |
|    iterations           | 322         |
|    time_elapsed         | 1754        |
|    total_timesteps      | 2637824     |
| train/                  |             |
|    approx_kl            | 0.036592364 |
|    clip_fraction        | 0.0993      |
|    clip_range           | 0.2         |
|    entropy_loss         | -0.254      |
|    explained_variance   | 0.204       |
|    learning_rate        | 0.0003      |
|    loss                 | -0.0126     |
|    n_updates            | 3210        |
|    policy_gradient_loss | -0.00669    |
|    value_loss           | 0.00384     |
-----------------------------------------
-----------------------------------------
| rollout/                |             |
|    ep_len_mean          | 52          |
|    ep_rew_mean          | -56.3       |
| time/                   |             |
|    fps                  | 1504        |
|    iterations           | 323         |
|    time_elapsed         | 1759        |
|    total_timesteps      | 2646016     |
| train/                  |             |
|    approx_kl            | 0.099258274 |
|    clip_fraction        | 0.0956      |
|    clip_range           | 0.2         |
|    entropy_loss         | -0.276      |
|    explained_variance   | 0.878       |
|    learning_rate        | 0.0003      |
|    loss                 | -0.0462     |
|    n_updates            | 3220        |
|    policy_gradient_loss | -0.00863    |
|    value_loss           | 3.05e-05    |
-----------------------------------------
------------------------------------------
| rollout/                |              |
|    ep_len_mean          | 113          |
|    ep_rew_mean          | -113         |
| time/                   |              |
|    fps                  | 1506         |
|    iterations           | 324          |
|    time_elapsed         | 1762         |
|    total_timesteps      | 2654208      |
| train/                  |              |
|    approx_kl            | 0.0082805585 |
|    clip_fraction        | 0.104        |
|    clip_range           | 0.2          |
|    entropy_loss         | -0.675       |
|    explained_variance   | 0.0319       |
|    learning_rate        | 0.0003       |
|    loss                 | 0.000334     |
|    n_updates            | 3230         |
|    policy_gradient_loss | -0.0025      |
|    value_loss           | 0.00132      |
------------------------------------------
-----------------------------------------
| rollout/                |             |
|    ep_len_mean          | 182         |
|    ep_rew_mean          | -179        |
| time/                   |             |
|    fps                  | 1508        |
|    iterations           | 325         |
|    time_elapsed         | 1765        |
|    total_timesteps      | 2662400     |
| train/                  |             |
|    approx_kl            | 0.014402246 |
|    clip_fraction        | 0.0913      |
|    clip_range           | 0.2         |
|    entropy_loss         | -0.824      |
|    explained_variance   | 0.48        |
|    learning_rate        | 0.0003      |
|    loss                 | -0.0144     |
|    n_updates            | 3240        |
|    policy_gradient_loss | -0.00177    |
|    value_loss           | 0.000176    |
-----------------------------------------
-----------------------------------------
| rollout/                |             |
|    ep_len_mean          | 182         |
|    ep_rew_mean          | -179        |
| time/                   |             |
|    fps                  | 1509        |
|    iterations           | 326         |
|    time_elapsed         | 1768        |
|    total_timesteps      | 2670592     |
| train/                  |             |
|    approx_kl            | 0.008682526 |
|    clip_fraction        | 0.0983      |
|    clip_range           | 0.2         |
|    entropy_loss         | -0.883      |
|    explained_variance   | 0.629       |
|    learning_rate        | 0.0003      |
|    loss                 | -0.0118     |
|    n_updates            | 3250        |
|    policy_gradient_loss | -0.00141    |
|    value_loss           | 0.000501    |
-----------------------------------------
-----------------------------------------
| rollout/                |             |
|    ep_len_mean          | 154         |
|    ep_rew_mean          | -151        |
| time/                   |             |
|    fps                  | 1511        |
|    iterations           | 327         |
|    time_elapsed         | 1772        |
|    total_timesteps      | 2678784     |
| train/                  |             |
|    approx_kl            | 0.011676602 |
|    clip_fraction        | 0.079       |
|    clip_range           | 0.2         |
|    entropy_loss         | -0.853      |
|    explained_variance   | 0.902       |
|    learning_rate        | 0.0003      |
|    loss                 | -0.00708    |
|    n_updates            | 3260        |
|    policy_gradient_loss | -0.000265   |
|    value_loss           | 8.07e-05    |
-----------------------------------------
-----------------------------------------
| rollout/                |             |
|    ep_len_mean          | 135         |
|    ep_rew_mean          | -139        |
| time/                   |             |
|    fps                  | 1512        |
|    iterations           | 328         |
|    time_elapsed         | 1776        |
|    total_timesteps      | 2686976     |
| train/                  |             |
|    approx_kl            | 0.012148406 |
|    clip_fraction        | 0.172       |
|    clip_range           | 0.2         |
|    entropy_loss         | -0.869      |
|    explained_variance   | 0.771       |
|    learning_rate        | 0.0003      |
|    loss                 | -0.0162     |
|    n_updates            | 3270        |
|    policy_gradient_loss | -0.00397    |
|    value_loss           | 0.00107     |
-----------------------------------------
-----------------------------------------
| rollout/                |             |
|    ep_len_mean          | 131         |
|    ep_rew_mean          | -128        |
| time/                   |             |
|    fps                  | 1513        |
|    iterations           | 329         |
|    time_elapsed         | 1780        |
|    total_timesteps      | 2695168     |
| train/                  |             |
|    approx_kl            | 0.016541734 |
|    clip_fraction        | 0.0941      |
|    clip_range           | 0.2         |
|    entropy_loss         | -0.835      |
|    explained_variance   | 0.908       |
|    learning_rate        | 0.0003      |
|    loss                 | -0.0167     |
|    n_updates            | 3280        |
|    policy_gradient_loss | -0.00471    |
|    value_loss           | 0.000594    |
-----------------------------------------
-----------------------------------------
| rollout/                |             |
|    ep_len_mean          | 73.6        |
|    ep_rew_mean          | -72.3       |
| time/                   |             |
|    fps                  | 1513        |
|    iterations           | 330         |
|    time_elapsed         | 1785        |
|    total_timesteps      | 2703360     |
| train/                  |             |
|    approx_kl            | 0.008329649 |
|    clip_fraction        | 0.0851      |
|    clip_range           | 0.2         |
|    entropy_loss         | -0.931      |
|    explained_variance   | 0.987       |
|    learning_rate        | 0.0003      |
|    loss                 | -0.0146     |
|    n_updates            | 3290        |
|    policy_gradient_loss | -0.001      |
|    value_loss           | 2.53e-05    |
-----------------------------------------
-----------------------------------------
| rollout/                |             |
|    ep_len_mean          | 107         |
|    ep_rew_mean          | -106        |
| time/                   |             |
|    fps                  | 1515        |
|    iterations           | 331         |
|    time_elapsed         | 1789        |
|    total_timesteps      | 2711552     |
| train/                  |             |
|    approx_kl            | 0.014570274 |
|    clip_fraction        | 0.147       |
|    clip_range           | 0.2         |
|    entropy_loss         | -0.783      |
|    explained_variance   | 0.949       |
|    learning_rate        | 0.0003      |
|    loss                 | -0.0126     |
|    n_updates            | 3300        |
|    policy_gradient_loss | -0.00239    |
|    value_loss           | 0.000608    |
-----------------------------------------
-----------------------------------------
| rollout/                |             |
|    ep_len_mean          | 127         |
|    ep_rew_mean          | -124        |
| time/                   |             |
|    fps                  | 1515        |
|    iterations           | 332         |
|    time_elapsed         | 1794        |
|    total_timesteps      | 2719744     |
| train/                  |             |
|    approx_kl            | 0.011988503 |
|    clip_fraction        | 0.0871      |
|    clip_range           | 0.2         |
|    entropy_loss         | -0.892      |
|    explained_variance   | 0.995       |
|    learning_rate        | 0.0003      |
|    loss                 | -0.0169     |
|    n_updates            | 3310        |
|    policy_gradient_loss | -0.00512    |
|    value_loss           | 1.7e-05     |
-----------------------------------------
-----------------------------------------
| rollout/                |             |
|    ep_len_mean          | 72          |
|    ep_rew_mean          | -68.7       |
| time/                   |             |
|    fps                  | 1514        |
|    iterations           | 333         |
|    time_elapsed         | 1800        |
|    total_timesteps      | 2727936     |
| train/                  |             |
|    approx_kl            | 0.009389938 |
|    clip_fraction        | 0.124       |
|    clip_range           | 0.2         |
|    entropy_loss         | -0.835      |
|    explained_variance   | 0.972       |
|    learning_rate        | 0.0003      |
|    loss                 | -0.0166     |
|    n_updates            | 3320        |
|    policy_gradient_loss | -0.00693    |
|    value_loss           | 0.000282    |
-----------------------------------------
------------------------------------------
| rollout/                |              |
|    ep_len_mean          | 50           |
|    ep_rew_mean          | -47.2        |
| time/                   |              |
|    fps                  | 1512         |
|    iterations           | 334          |
|    time_elapsed         | 1808         |
|    total_timesteps      | 2736128      |
| train/                  |              |
|    approx_kl            | 0.0110007785 |
|    clip_fraction        | 0.144        |
|    clip_range           | 0.2          |
|    entropy_loss         | -0.695       |
|    explained_variance   | 0.879        |
|    learning_rate        | 0.0003       |
|    loss                 | -0.0192      |
|    n_updates            | 3330         |
|    policy_gradient_loss | -0.013       |
|    value_loss           | 0.00149      |
------------------------------------------
-----------------------------------------
| rollout/                |             |
|    ep_len_mean          | 39          |
|    ep_rew_mean          | -36.4       |
| time/                   |             |
|    fps                  | 1508        |
|    iterations           | 335         |
|    time_elapsed         | 1818        |
|    total_timesteps      | 2744320     |
| train/                  |             |
|    approx_kl            | 0.017571881 |
|    clip_fraction        | 0.16        |
|    clip_range           | 0.2         |
|    entropy_loss         | -0.533      |
|    explained_variance   | 0.848       |
|    learning_rate        | 0.0003      |
|    loss                 | -0.0197     |
|    n_updates            | 3340        |
|    policy_gradient_loss | -0.0174     |
|    value_loss           | 0.00124     |
-----------------------------------------
-----------------------------------------
| rollout/                |             |
|    ep_len_mean          | 36.5        |
|    ep_rew_mean          | -33.9       |
| time/                   |             |
|    fps                  | 1504        |
|    iterations           | 336         |
|    time_elapsed         | 1829        |
|    total_timesteps      | 2752512     |
| train/                  |             |
|    approx_kl            | 0.014523318 |
|    clip_fraction        | 0.13        |
|    clip_range           | 0.2         |
|    entropy_loss         | -0.37       |
|    explained_variance   | 0.803       |
|    learning_rate        | 0.0003      |
|    loss                 | -0.00248    |
|    n_updates            | 3350        |
|    policy_gradient_loss | -0.0144     |
|    value_loss           | 0.000676    |
-----------------------------------------
----------------------------------------
| rollout/                |            |
|    ep_len_mean          | 45         |
|    ep_rew_mean          | -42.3      |
| time/                   |            |
|    fps                  | 1501       |
|    iterations           | 337        |
|    time_elapsed         | 1838       |
|    total_timesteps      | 2760704    |
| train/                  |            |
|    approx_kl            | 0.06263796 |
|    clip_fraction        | 0.179      |
|    clip_range           | 0.2        |
|    entropy_loss         | -0.347     |
|    explained_variance   | 0.643      |
|    learning_rate        | 0.0003     |
|    loss                 | -0.039     |
|    n_updates            | 3360       |
|    policy_gradient_loss | -0.0179    |
|    value_loss           | 0.000209   |
----------------------------------------
-----------------------------------------
| rollout/                |             |
|    ep_len_mean          | 39.1        |
|    ep_rew_mean          | -41.1       |
| time/                   |             |
|    fps                  | 1497        |
|    iterations           | 338         |
|    time_elapsed         | 1848        |
|    total_timesteps      | 2768896     |
| train/                  |             |
|    approx_kl            | 0.023904748 |
|    clip_fraction        | 0.141       |
|    clip_range           | 0.2         |
|    entropy_loss         | -0.441      |
|    explained_variance   | 0.482       |
|    learning_rate        | 0.0003      |
|    loss                 | -0.0117     |
|    n_updates            | 3370        |
|    policy_gradient_loss | -0.0118     |
|    value_loss           | 0.000112    |
-----------------------------------------
------------------------------------------
| rollout/                |              |
|    ep_len_mean          | 34.4         |
|    ep_rew_mean          | -34.2        |
| time/                   |              |
|    fps                  | 1493         |
|    iterations           | 339          |
|    time_elapsed         | 1859         |
|    total_timesteps      | 2777088      |
| train/                  |              |
|    approx_kl            | 0.0151317585 |
|    clip_fraction        | 0.141        |
|    clip_range           | 0.2          |
|    entropy_loss         | -0.392       |
|    explained_variance   | 0.531        |
|    learning_rate        | 0.0003       |
|    loss                 | -0.0114      |
|    n_updates            | 3380         |
|    policy_gradient_loss | -0.0103      |
|    value_loss           | 0.0012       |
------------------------------------------
-----------------------------------------
| rollout/                |             |
|    ep_len_mean          | 34.2        |
|    ep_rew_mean          | -34.9       |
| time/                   |             |
|    fps                  | 1488        |
|    iterations           | 340         |
|    time_elapsed         | 1871        |
|    total_timesteps      | 2785280     |
| train/                  |             |
|    approx_kl            | 0.013583115 |
|    clip_fraction        | 0.111       |
|    clip_range           | 0.2         |
|    entropy_loss         | -0.292      |
|    explained_variance   | 0.667       |
|    learning_rate        | 0.0003      |
|    loss                 | -0.0106     |
|    n_updates            | 3390        |
|    policy_gradient_loss | -0.00713    |
|    value_loss           | 0.000607    |
-----------------------------------------
-----------------------------------------
| rollout/                |             |
|    ep_len_mean          | 32.6        |
|    ep_rew_mean          | -30.1       |
| time/                   |             |
|    fps                  | 1484        |
|    iterations           | 341         |
|    time_elapsed         | 1882        |
|    total_timesteps      | 2793472     |
| train/                  |             |
|    approx_kl            | 0.019187352 |
|    clip_fraction        | 0.12        |
|    clip_range           | 0.2         |
|    entropy_loss         | -0.272      |
|    explained_variance   | 0.63        |
|    learning_rate        | 0.0003      |
|    loss                 | -0.0146     |
|    n_updates            | 3400        |
|    policy_gradient_loss | -0.00975    |
|    value_loss           | 0.000691    |
-----------------------------------------
-----------------------------------------
| rollout/                |             |
|    ep_len_mean          | 32.7        |
|    ep_rew_mean          | -30.3       |
| time/                   |             |
|    fps                  | 1479        |
|    iterations           | 342         |
|    time_elapsed         | 1893        |
|    total_timesteps      | 2801664     |
| train/                  |             |
|    approx_kl            | 0.005813759 |
|    clip_fraction        | 0.0643      |
|    clip_range           | 0.2         |
|    entropy_loss         | -0.241      |
|    explained_variance   | 0.713       |
|    learning_rate        | 0.0003      |
|    loss                 | 0.00358     |
|    n_updates            | 3410        |
|    policy_gradient_loss | -0.00324    |
|    value_loss           | 0.000396    |
-----------------------------------------
----------------------------------------
| rollout/                |            |
|    ep_len_mean          | 32.2       |
|    ep_rew_mean          | -29.7      |
| time/                   |            |
|    fps                  | 1474       |
|    iterations           | 343        |
|    time_elapsed         | 1905       |
|    total_timesteps      | 2809856    |
| train/                  |            |
|    approx_kl            | 0.01569097 |
|    clip_fraction        | 0.0592     |
|    clip_range           | 0.2        |
|    entropy_loss         | -0.207     |
|    explained_variance   | 0.978      |
|    learning_rate        | 0.0003     |
|    loss                 | -0.00916   |
|    n_updates            | 3420       |
|    policy_gradient_loss | -0.00634   |
|    value_loss           | 1.38e-05   |
----------------------------------------
-----------------------------------------
| rollout/                |             |
|    ep_len_mean          | 31.7        |
|    ep_rew_mean          | -33.9       |
| time/                   |             |
|    fps                  | 1469        |
|    iterations           | 344         |
|    time_elapsed         | 1917        |
|    total_timesteps      | 2818048     |
| train/                  |             |
|    approx_kl            | 0.005966949 |
|    clip_fraction        | 0.0454      |
|    clip_range           | 0.2         |
|    entropy_loss         | -0.176      |
|    explained_variance   | 0.83        |
|    learning_rate        | 0.0003      |
|    loss                 | 0.0133      |
|    n_updates            | 3430        |
|    policy_gradient_loss | -0.00492    |
|    value_loss           | 0.000191    |
-----------------------------------------
-----------------------------------------
| rollout/                |             |
|    ep_len_mean          | 31.7        |
|    ep_rew_mean          | -31.2       |
| time/                   |             |
|    fps                  | 1464        |
|    iterations           | 345         |
|    time_elapsed         | 1929        |
|    total_timesteps      | 2826240     |
| train/                  |             |
|    approx_kl            | 0.012070279 |
|    clip_fraction        | 0.0603      |
|    clip_range           | 0.2         |
|    entropy_loss         | -0.214      |
|    explained_variance   | 0.221       |
|    learning_rate        | 0.0003      |
|    loss                 | -0.00389    |
|    n_updates            | 3440        |
|    policy_gradient_loss | -0.00599    |
|    value_loss           | 0.00432     |
-----------------------------------------
----------------------------------------
| rollout/                |            |
|    ep_len_mean          | 32         |
|    ep_rew_mean          | -29.6      |
| time/                   |            |
|    fps                  | 1460       |
|    iterations           | 346        |
|    time_elapsed         | 1941       |
|    total_timesteps      | 2834432    |
| train/                  |            |
|    approx_kl            | 0.02195713 |
|    clip_fraction        | 0.0846     |
|    clip_range           | 0.2        |
|    entropy_loss         | -0.23      |
|    explained_variance   | 0.434      |
|    learning_rate        | 0.0003     |
|    loss                 | -0.0102    |
|    n_updates            | 3450       |
|    policy_gradient_loss | -0.00669   |
|    value_loss           | 0.0012     |
----------------------------------------
-----------------------------------------
| rollout/                |             |
|    ep_len_mean          | 31.7        |
|    ep_rew_mean          | -38.8       |
| time/                   |             |
|    fps                  | 1455        |
|    iterations           | 347         |
|    time_elapsed         | 1953        |
|    total_timesteps      | 2842624     |
| train/                  |             |
|    approx_kl            | 0.006001406 |
|    clip_fraction        | 0.0443      |
|    clip_range           | 0.2         |
|    entropy_loss         | -0.195      |
|    explained_variance   | 0.948       |
|    learning_rate        | 0.0003      |
|    loss                 | -0.00365    |
|    n_updates            | 3460        |
|    policy_gradient_loss | -0.00201    |
|    value_loss           | 1.61e-05    |
-----------------------------------------
-----------------------------------------
| rollout/                |             |
|    ep_len_mean          | 32.1        |
|    ep_rew_mean          | -31.1       |
| time/                   |             |
|    fps                  | 1450        |
|    iterations           | 348         |
|    time_elapsed         | 1965        |
|    total_timesteps      | 2850816     |
| train/                  |             |
|    approx_kl            | 0.015645146 |
|    clip_fraction        | 0.0817      |
|    clip_range           | 0.2         |
|    entropy_loss         | -0.24       |
|    explained_variance   | 0.0944      |
|    learning_rate        | 0.0003      |
|    loss                 | -0.0043     |
|    n_updates            | 3470        |
|    policy_gradient_loss | -0.0109     |
|    value_loss           | 0.0165      |
-----------------------------------------
-----------------------------------------
| rollout/                |             |
|    ep_len_mean          | 33.2        |
|    ep_rew_mean          | -30.7       |
| time/                   |             |
|    fps                  | 1446        |
|    iterations           | 349         |
|    time_elapsed         | 1976        |
|    total_timesteps      | 2859008     |
| train/                  |             |
|    approx_kl            | 0.013179895 |
|    clip_fraction        | 0.0758      |
|    clip_range           | 0.2         |
|    entropy_loss         | -0.257      |
|    explained_variance   | 0.378       |
|    learning_rate        | 0.0003      |
|    loss                 | 0.00649     |
|    n_updates            | 3480        |
|    policy_gradient_loss | -0.00342    |
|    value_loss           | 0.000961    |
-----------------------------------------
----------------------------------------
| rollout/                |            |
|    ep_len_mean          | 34.6       |
|    ep_rew_mean          | -34.5      |
| time/                   |            |
|    fps                  | 1442       |
|    iterations           | 350        |
|    time_elapsed         | 1987       |
|    total_timesteps      | 2867200    |
| train/                  |            |
|    approx_kl            | 0.01709096 |
|    clip_fraction        | 0.0788     |
|    clip_range           | 0.2        |
|    entropy_loss         | -0.258     |
|    explained_variance   | 0.866      |
|    learning_rate        | 0.0003     |
|    loss                 | 0.00342    |
|    n_updates            | 3490       |
|    policy_gradient_loss | -0.00375   |
|    value_loss           | 2.42e-05   |
----------------------------------------
-----------------------------------------
| rollout/                |             |
|    ep_len_mean          | 34.1        |
|    ep_rew_mean          | -31.6       |
| time/                   |             |
|    fps                  | 1438        |
|    iterations           | 351         |
|    time_elapsed         | 1998        |
|    total_timesteps      | 2875392     |
| train/                  |             |
|    approx_kl            | 0.015772074 |
|    clip_fraction        | 0.105       |
|    clip_range           | 0.2         |
|    entropy_loss         | -0.308      |
|    explained_variance   | 0.469       |
|    learning_rate        | 0.0003      |
|    loss                 | -0.0128     |
|    n_updates            | 3500        |
|    policy_gradient_loss | -0.00219    |
|    value_loss           | 0.00117     |
-----------------------------------------
-----------------------------------------
| rollout/                |             |
|    ep_len_mean          | 32.6        |
|    ep_rew_mean          | -30.1       |
| time/                   |             |
|    fps                  | 1434        |
|    iterations           | 352         |
|    time_elapsed         | 2010        |
|    total_timesteps      | 2883584     |
| train/                  |             |
|    approx_kl            | 0.011727296 |
|    clip_fraction        | 0.118       |
|    clip_range           | 0.2         |
|    entropy_loss         | -0.31       |
|    explained_variance   | 0.933       |
|    learning_rate        | 0.0003      |
|    loss                 | -0.0119     |
|    n_updates            | 3510        |
|    policy_gradient_loss | -0.0149     |
|    value_loss           | 2.91e-05    |
-----------------------------------------
-----------------------------------------
| rollout/                |             |
|    ep_len_mean          | 32.8        |
|    ep_rew_mean          | -34.7       |
| time/                   |             |
|    fps                  | 1430        |
|    iterations           | 353         |
|    time_elapsed         | 2021        |
|    total_timesteps      | 2891776     |
| train/                  |             |
|    approx_kl            | 0.009259523 |
|    clip_fraction        | 0.114       |
|    clip_range           | 0.2         |
|    entropy_loss         | -0.282      |
|    explained_variance   | 0.641       |
|    learning_rate        | 0.0003      |
|    loss                 | -0.00959    |
|    n_updates            | 3520        |
|    policy_gradient_loss | -0.0057     |
|    value_loss           | 0.000689    |
-----------------------------------------
-----------------------------------------
| rollout/                |             |
|    ep_len_mean          | 33.2        |
|    ep_rew_mean          | -35.5       |
| time/                   |             |
|    fps                  | 1426        |
|    iterations           | 354         |
|    time_elapsed         | 2033        |
|    total_timesteps      | 2899968     |
| train/                  |             |
|    approx_kl            | 0.011344553 |
|    clip_fraction        | 0.0959      |
|    clip_range           | 0.2         |
|    entropy_loss         | -0.281      |
|    explained_variance   | 0.335       |
|    learning_rate        | 0.0003      |
|    loss                 | -0.0139     |
|    n_updates            | 3530        |
|    policy_gradient_loss | -0.00654    |
|    value_loss           | 0.00253     |
-----------------------------------------
-----------------------------------------
| rollout/                |             |
|    ep_len_mean          | 32.5        |
|    ep_rew_mean          | -30         |
| time/                   |             |
|    fps                  | 1422        |
|    iterations           | 355         |
|    time_elapsed         | 2044        |
|    total_timesteps      | 2908160     |
| train/                  |             |
|    approx_kl            | 0.010408103 |
|    clip_fraction        | 0.0767      |
|    clip_range           | 0.2         |
|    entropy_loss         | -0.276      |
|    explained_variance   | 0.469       |
|    learning_rate        | 0.0003      |
|    loss                 | -0.00442    |
|    n_updates            | 3540        |
|    policy_gradient_loss | -0.00365    |
|    value_loss           | 0.00138     |
-----------------------------------------
-----------------------------------------
| rollout/                |             |
|    ep_len_mean          | 32.5        |
|    ep_rew_mean          | -32.4       |
| time/                   |             |
|    fps                  | 1418        |
|    iterations           | 356         |
|    time_elapsed         | 2056        |
|    total_timesteps      | 2916352     |
| train/                  |             |
|    approx_kl            | 0.010009512 |
|    clip_fraction        | 0.0634      |
|    clip_range           | 0.2         |
|    entropy_loss         | -0.257      |
|    explained_variance   | 0.968       |
|    learning_rate        | 0.0003      |
|    loss                 | -0.0179     |
|    n_updates            | 3550        |
|    policy_gradient_loss | -0.00642    |
|    value_loss           | 1.67e-05    |
-----------------------------------------
------------------------------------------
| rollout/                |              |
|    ep_len_mean          | 32           |
|    ep_rew_mean          | -31.8        |
| time/                   |              |
|    fps                  | 1413         |
|    iterations           | 357          |
|    time_elapsed         | 2068         |
|    total_timesteps      | 2924544      |
| train/                  |              |
|    approx_kl            | 0.0075422428 |
|    clip_fraction        | 0.055        |
|    clip_range           | 0.2          |
|    entropy_loss         | -0.238       |
|    explained_variance   | 0.585        |
|    learning_rate        | 0.0003       |
|    loss                 | -0.00197     |
|    n_updates            | 3560         |
|    policy_gradient_loss | -0.0028      |
|    value_loss           | 0.000702     |
------------------------------------------
-----------------------------------------
| rollout/                |             |
|    ep_len_mean          | 32          |
|    ep_rew_mean          | -31.9       |
| time/                   |             |
|    fps                  | 1409        |
|    iterations           | 358         |
|    time_elapsed         | 2080        |
|    total_timesteps      | 2932736     |
| train/                  |             |
|    approx_kl            | 0.010539302 |
|    clip_fraction        | 0.0776      |
|    clip_range           | 0.2         |
|    entropy_loss         | -0.221      |
|    explained_variance   | 0.438       |
|    learning_rate        | 0.0003      |
|    loss                 | -0.00471    |
|    n_updates            | 3570        |
|    policy_gradient_loss | -0.00642    |
|    value_loss           | 0.0014      |
-----------------------------------------
-----------------------------------------
| rollout/                |             |
|    ep_len_mean          | 32.4        |
|    ep_rew_mean          | -29.9       |
| time/                   |             |
|    fps                  | 1405        |
|    iterations           | 359         |
|    time_elapsed         | 2091        |
|    total_timesteps      | 2940928     |
| train/                  |             |
|    approx_kl            | 0.012660748 |
|    clip_fraction        | 0.0657      |
|    clip_range           | 0.2         |
|    entropy_loss         | -0.239      |
|    explained_variance   | 0.477       |
|    learning_rate        | 0.0003      |
|    loss                 | 0.00109     |
|    n_updates            | 3580        |
|    policy_gradient_loss | -0.00499    |
|    value_loss           | 0.00124     |
-----------------------------------------
-----------------------------------------
| rollout/                |             |
|    ep_len_mean          | 32          |
|    ep_rew_mean          | -29.5       |
| time/                   |             |
|    fps                  | 1401        |
|    iterations           | 360         |
|    time_elapsed         | 2103        |
|    total_timesteps      | 2949120     |
| train/                  |             |
|    approx_kl            | 0.009261902 |
|    clip_fraction        | 0.0666      |
|    clip_range           | 0.2         |
|    entropy_loss         | -0.227      |
|    explained_variance   | 0.733       |
|    learning_rate        | 0.0003      |
|    loss                 | -0.00299    |
|    n_updates            | 3590        |
|    policy_gradient_loss | -0.0037     |
|    value_loss           | 0.000318    |
-----------------------------------------
-----------------------------------------
| rollout/                |             |
|    ep_len_mean          | 32.8        |
|    ep_rew_mean          | -30.3       |
| time/                   |             |
|    fps                  | 1397        |
|    iterations           | 361         |
|    time_elapsed         | 2115        |
|    total_timesteps      | 2957312     |
| train/                  |             |
|    approx_kl            | 0.013289757 |
|    clip_fraction        | 0.0809      |
|    clip_range           | 0.2         |
|    entropy_loss         | -0.248      |
|    explained_variance   | 0.103       |
|    learning_rate        | 0.0003      |
|    loss                 | -0.0174     |
|    n_updates            | 3600        |
|    policy_gradient_loss | -0.00912    |
|    value_loss           | 0.0138      |
-----------------------------------------
-----------------------------------------
| rollout/                |             |
|    ep_len_mean          | 39.9        |
|    ep_rew_mean          | -37.3       |
| time/                   |             |
|    fps                  | 1395        |
|    iterations           | 362         |
|    time_elapsed         | 2125        |
|    total_timesteps      | 2965504     |
| train/                  |             |
|    approx_kl            | 0.025582332 |
|    clip_fraction        | 0.0974      |
|    clip_range           | 0.2         |
|    entropy_loss         | -0.26       |
|    explained_variance   | 0.792       |
|    learning_rate        | 0.0003      |
|    loss                 | -0.0276     |
|    n_updates            | 3610        |
|    policy_gradient_loss | -0.00836    |
|    value_loss           | 4.62e-05    |
-----------------------------------------
----------------------------------------
| rollout/                |            |
|    ep_len_mean          | 35.5       |
|    ep_rew_mean          | -33        |
| time/                   |            |
|    fps                  | 1391       |
|    iterations           | 363        |
|    time_elapsed         | 2136       |
|    total_timesteps      | 2973696    |
| train/                  |            |
|    approx_kl            | 0.02089442 |
|    clip_fraction        | 0.124      |
|    clip_range           | 0.2        |
|    entropy_loss         | -0.388     |
|    explained_variance   | 0.339      |
|    learning_rate        | 0.0003     |
|    loss                 | 0.00161    |
|    n_updates            | 3620       |
|    policy_gradient_loss | -0.00633   |
|    value_loss           | 0.00179    |
----------------------------------------
-----------------------------------------
| rollout/                |             |
|    ep_len_mean          | 37.3        |
|    ep_rew_mean          | -34.8       |
| time/                   |             |
|    fps                  | 1389        |
|    iterations           | 364         |
|    time_elapsed         | 2146        |
|    total_timesteps      | 2981888     |
| train/                  |             |
|    approx_kl            | 0.017689703 |
|    clip_fraction        | 0.111       |
|    clip_range           | 0.2         |
|    entropy_loss         | -0.335      |
|    explained_variance   | 0.923       |
|    learning_rate        | 0.0003      |
|    loss                 | -0.0278     |
|    n_updates            | 3630        |
|    policy_gradient_loss | -0.0105     |
|    value_loss           | 5.64e-05    |
-----------------------------------------
-----------------------------------------
| rollout/                |             |
|    ep_len_mean          | 36.1        |
|    ep_rew_mean          | -33.6       |
| time/                   |             |
|    fps                  | 1385        |
|    iterations           | 365         |
|    time_elapsed         | 2157        |
|    total_timesteps      | 2990080     |
| train/                  |             |
|    approx_kl            | 0.009189862 |
|    clip_fraction        | 0.106       |
|    clip_range           | 0.2         |
|    entropy_loss         | -0.367      |
|    explained_variance   | 0.933       |
|    learning_rate        | 0.0003      |
|    loss                 | -0.00858    |
|    n_updates            | 3640        |
|    policy_gradient_loss | -0.0132     |
|    value_loss           | 8.38e-05    |
-----------------------------------------
-----------------------------------------
| rollout/                |             |
|    ep_len_mean          | 33.2        |
|    ep_rew_mean          | -30.8       |
| time/                   |             |
|    fps                  | 1382        |
|    iterations           | 366         |
|    time_elapsed         | 2169        |
|    total_timesteps      | 2998272     |
| train/                  |             |
|    approx_kl            | 0.016289761 |
|    clip_fraction        | 0.101       |
|    clip_range           | 0.2         |
|    entropy_loss         | -0.305      |
|    explained_variance   | 0.957       |
|    learning_rate        | 0.0003      |
|    loss                 | -0.00449    |
|    n_updates            | 3650        |
|    policy_gradient_loss | -0.0149     |
|    value_loss           | 5.08e-05    |
-----------------------------------------
-----------------------------------------
| rollout/                |             |
|    ep_len_mean          | 32.3        |
|    ep_rew_mean          | -39.3       |
| time/                   |             |
|    fps                  | 1378        |
|    iterations           | 367         |
|    time_elapsed         | 2181        |
|    total_timesteps      | 3006464     |
| train/                  |             |
|    approx_kl            | 0.018172987 |
|    clip_fraction        | 0.0974      |
|    clip_range           | 0.2         |
|    entropy_loss         | -0.283      |
|    explained_variance   | 0.662       |
|    learning_rate        | 0.0003      |
|    loss                 | -0.0085     |
|    n_updates            | 3660        |
|    policy_gradient_loss | -0.00658    |
|    value_loss           | 0.000584    |
-----------------------------------------
pw1.json: -44.05 +/- 50.70
pw2.json: -32.75 +/- 1.37
pw3.json: -25.75 +/- 1.09
pw4.json: -28.00 +/- 1.18
pw5.json: -33.20 +/- 1.81
